Known As,Full Name,Overall,Potential,Best Position,Nationality,Image Link,Weight(in kg),TotalStats,BaseStats,Club Name,Wage(in Euro),Release Clause,Club Position,Contract Until,Club Jersey Number,Joined On,On Loan,Preferred Foot,Weak Foot Rating,Skill Moves,International Reputation,National Team Name,National Team Image Link,National Team Position,National Team Jersey Number,Attacking Work Rate,Defensive Work Rate,Pace Total,Shooting Total,Passing Total,Dribbling Total,Defending Total,Physicality Total,Crossing,Finishing,Heading Accuracy,Short Passing,Volleys,Dribbling,Curve,Freekick Accuracy,LongPassing,BallControl,Acceleration,Sprint Speed,Agility,Reactions,Balance,Shot Power,Jumping,Stamina,Strength,Long Shots,Aggression,Interceptions,Positioning,Vision,Penalties,Composure,Marking,Standing Tackle,Sliding Tackle,Goalkeeper Diving,Goalkeeper Handling, GoalkeeperKicking,Goalkeeper Positioning,Goalkeeper Reflexes,ST Rating,LW Rating,LF Rating,CF Rating,RF Rating,RW Rating,CAM Rating,LM Rating,CM Rating,RM Rating,LWB Rating,CDM Rating,RWB Rating,LB Rating,CB Rating,RB Rating,GK Rating,Position,Wage,Value,Name,Name_Adjusted_x,First Initial_x,Last Name,version,Rk,Player,Nation,Pos,Squad,Comp,Age_y,Born,MP,Starts,Min,90s,Gls,Ast,G+A,G-PK,PK,PKatt,CrdY,CrdR,xG,npxG,xAG,npxG+xAG,PrgC,PrgP,PrgR,Gls.1,Ast.1,G+A.1,G-PK.1,G+A-PK,xG.1,xAG.1,xG+xAG,npxG.1,npxG+xAG.1,Matches,Age
M. Salah,Mohamed Salah,90,90,RW,Egypt,https://cdn.sofifa.net/players/209/331/23_60.png,71,2226,471,Liverpool,270000,213700000,RW,2023,11,2017,-,Left,3,4,4,-,-,-,-,High,Medium,90,89,82,90,45,75,80,93,59,84,84,90,84,69,77,88,89,91,90,93,91,83,69,87,75,85,63,55,92,85,86,92,38,43,41,14,14,9,11,14,89,88,88,88,88,88,90,90,85,90,74,71,74,70,61,70,25,Forward,270000,115500000,M. Salah,M. Salah,M,Salah,2023,2281,Mohamed Salah,eg EGY,FW,Liverpool,eng Premier League,30-335,1992.0,36,35,3110,34.6,19,10,29,17,2,4,2,0,20.3,17.2,7.2,24.4,105.0,142.0,386.0,0.55,0.29,0.84,0.49,0.78,0.59,0.21,0.8,0.5,0.7,Matches,30
E. Haaland,Erling Haaland,88,94,ST,Norway,https://cdn.sofifa.net/players/239/085/23_60.png,94,2120,461,Manchester City,220000,303400000,ST,2027,9,2022,-,Left,3,3,4,Norway,https://cdn.sofifa.net/flags/no.png,ST,9,High,Medium,89,91,65,80,49,87,47,94,79,74,88,78,77,62,53,82,82,94,76,88,72,94,74,81,93,87,85,43,89,74,76,85,44,53,29,7,14,13,11,7,90,80,84,84,84,80,83,80,76,80,65,67,65,64,65,64,22,Forward,220000,148000000,E. Haaland,E. Haaland,E,Haaland,2023,1107,Erling Haaland,no NOR,FW,Manchester City,eng Premier League,22-299,2000.0,33,32,2662,29.6,36,7,43,29,7,7,5,0,27.2,21.8,4.8,26.7,31.0,57.0,144.0,1.22,0.24,1.45,0.98,1.22,0.92,0.16,1.08,0.74,0.9,Matches,21
C. Immobile,Ciro Immobile,86,86,ST,Italy,https://cdn.sofifa.net/players/192/387/23_60.png,85,2060,434,Lazio,100000,93500000,ST,2025,17,2016,-,Right,4,3,4,Italy,https://cdn.sofifa.net/flags/it.png,ST,17,High,Medium,85,87,68,80,39,75,55,91,81,79,85,79,70,58,57,81,84,86,75,87,84,86,82,78,74,80,73,40,90,71,88,76,34,33,32,6,8,15,12,6,86,80,83,83,83,80,83,81,76,81,64,62,64,61,58,61,20,Forward,100000,55000000,C. Immobile,C. Immobile,C,Immobile,2023,1222,Ciro Immobile,it ITA,FW,Lazio,it Serie A,33-085,1990.0,28,24,1951,21.7,11,3,14,8,3,4,3,0,12.0,8.9,1.3,10.2,35.0,38.0,149.0,0.51,0.14,0.65,0.37,0.51,0.55,0.06,0.61,0.41,0.47,Matches,32
R. Lukaku,Romelu Lukaku,86,86,ST,Belgium,https://cdn.sofifa.net/players/192/505/23_60.png,94,2034,437,Inter,200000,0,ST,2023,90,2021,TRUE,Left,4,3,4,Belgium,https://cdn.sofifa.net/flags/be.png,ST,9,Medium,Low,80,85,75,77,38,82,73,88,87,78,79,82,78,66,70,78,72,86,59,86,52,87,74,67,95,75,71,27,86,75,88,82,30,41,30,8,15,14,7,10,86,80,82,82,82,80,82,82,76,82,63,62,63,60,59,60,22,Forward,200000,68000000,R. Lukaku,R. Lukaku,R,Lukaku,2023,1548,Romelu Lukaku,be BEL,FW,Inter,it Serie A,30-003,1993.0,22,16,1401,15.6,8,5,13,6,2,2,1,0,7.4,5.8,3.8,9.6,26.0,36.0,140.0,0.51,0.32,0.84,0.39,0.71,0.47,0.25,0.72,0.37,0.62,Matches,29
R. Sterling,Raheem Sterling,86,86,LW,England,https://cdn.sofifa.net/players/202/652/23_60.png,69,2102,446,Chelsea,195000,134100000,ST,2027,17,2022,-,Right,3,4,4,England,https://cdn.sofifa.net/flags/gb-eng.png,LW,7,High,Medium,90,80,78,86,45,67,79,82,46,83,67,86,79,72,67,84,94,86,94,91,93,78,57,79,65,80,59,30,91,80,70,77,47,53,47,15,12,12,15,9,83,85,85,85,85,85,86,86,80,86,71,67,71,68,58,68,24,Forward,195000,72500000,R. Sterling,R. Sterling,R,Sterling,2023,2476,Raheem Sterling,eng ENG,FWMF,Chelsea,eng Premier League,28-159,1994.0,26,21,1733,19.3,6,3,9,6,0,0,4,0,5.2,5.2,4.2,9.4,71.0,53.0,172.0,0.31,0.16,0.47,0.31,0.47,0.27,0.22,0.49,0.27,0.49,Matches,27
R. Mahrez,Riyad Mahrez,86,86,RW,Algeria,https://cdn.sofifa.net/players/204/485/23_60.png,67,2063,432,Manchester City,220000,104500000,SUB,2025,26,2018,-,Left,4,5,3,-,-,-,-,Medium,Medium,80,83,81,90,38,60,81,84,56,83,76,91,85,78,75,90,84,77,92,83,88,84,56,75,57,83,48,39,83,83,80,83,45,31,22,15,9,13,11,6,83,85,85,85,85,85,86,86,81,86,67,64,67,62,52,62,21,Forward,220000,56500000,R. Mahrez,R. Mahrez,R,Mahrez,2023,1574,Riyad Mahrez,dz ALG,FWMF,Manchester City,eng Premier League,32-084,1991.0,27,19,1667,18.5,5,10,15,4,1,1,2,0,5.4,4.6,6.7,11.4,71.0,69.0,227.0,0.27,0.54,0.81,0.22,0.76,0.29,0.36,0.66,0.25,0.61,Matches,31
L. Martínez,Lautaro Martínez,86,90,ST,Argentina,https://cdn.sofifa.net/players/231/478/23_60.png,72,2163,455,Inter,110000,169900000,ST,2026,10,2018,-,Right,4,4,3,Argentina,https://cdn.sofifa.net/flags/ar.png,ST,22,High,Medium,83,83,72,85,48,84,58,88,84,76,90,84,78,54,73,86,86,80,86,89,89,80,89,80,84,76,90,45,86,80,74,86,55,31,44,11,8,8,8,13,88,82,84,84,84,82,85,83,79,83,68,69,68,66,65,66,22,Forward,110000,98500000,L. Martínez,L. Martínez,L,Martínez,2023,1650,Lautaro Martínez,ar ARG,FW,Inter,it Serie A,25-267,1997.0,35,25,2421,26.9,20,5,25,19,1,2,3,0,16.9,15.4,4.4,19.8,46.0,78.0,165.0,0.74,0.19,0.93,0.71,0.89,0.63,0.16,0.79,0.57,0.73,Matches,24
P. Aubameyang,Pierre-Emerick Aubameyang,85,85,ST,Gabon,https://cdn.sofifa.net/players/188/567/23_60.png,80,2028,428,Chelsea,180000,63800000,SUB,2024,9,2022,-,Right,4,4,3,-,-,-,-,High,Low,87,84,74,79,36,68,72,87,76,78,82,78,80,76,64,81,85,89,77,84,67,82,75,74,74,79,43,48,88,74,82,83,20,29,36,6,9,15,9,9,85,81,82,82,82,81,83,83,76,83,65,61,65,62,54,62,20,Forward,180000,34500000,P. Aubameyang,P. Aubameyang,P,Aubameyang,2023,154,Pierre-Emerick Aubameyang,ga GAB,FW,Chelsea,eng Premier League,33-332,1989.0,15,5,554,6.2,1,0,1,1,0,0,1,0,1.5,1.5,0.4,1.9,9.0,3.0,29.0,0.16,0.0,0.16,0.16,0.16,0.24,0.07,0.3,0.24,0.3,Matches,33
J. Vardy,Jamie Vardy,85,85,ST,England,https://cdn.sofifa.net/players/208/830/23_60.png,74,2118,441,Leicester City,110000,43700000,ST,2024,9,2012,-,Right,4,3,3,-,https://cdn.sofifa.net/flags/gb-eng.png,-,-,High,Medium,84,84,70,79,52,72,69,90,78,74,85,76,69,61,60,83,85,84,74,88,75,87,80,73,65,65,86,49,90,74,85,86,45,52,54,15,14,7,15,11,85,80,82,82,82,80,82,82,76,82,70,68,70,69,66,69,25,Forward,110000,23000000,J. Vardy,J. Vardy,J,Vardy,2023,2645,Jamie Vardy,eng ENG,FW,Leicester City,eng Premier League,36-125,1987.0,35,18,1781,19.8,3,4,7,3,0,1,1,0,6.8,6.0,1.4,7.4,15.0,13.0,100.0,0.15,0.2,0.35,0.15,0.35,0.34,0.07,0.41,0.3,0.37,Matches,35
Diogo Jota,Diogo José Teixeira da Silva,85,89,ST,Portugal,https://cdn.sofifa.net/players/224/458/23_60.png,73,2183,462,Liverpool,170000,146300000,SUB,2025,20,2020,-,Right,5,4,2,Portugal,https://cdn.sofifa.net/flags/pt.png,LW,19,High,High,85,83,75,85,57,77,73,86,84,77,79,85,77,58,72,84,88,82,86,87,85,85,81,83,71,75,85,56,89,77,69,80,53,57,45,7,12,15,9,11,86,83,84,84,84,83,84,84,80,84,72,71,72,70,68,70,21,Forward,170000,76000000,Diogo Jota,D. Jota,D,Jota,2023,1285,Diogo Jota,pt POR,FW,Liverpool,eng Premier League,26-163,1996.0,20,11,1013,11.3,5,4,9,5,0,0,2,0,5.5,5.5,2.1,7.6,31.0,28.0,90.0,0.44,0.36,0.8,0.44,0.8,0.49,0.19,0.68,0.49,0.68,Matches,25
J. Grealish,Jack Grealish,84,84,LW,England,https://cdn.sofifa.net/players/206/517/23_60.png,81,2017,437,Manchester City,185000,85100000,SUB,2027,10,2021,-,Right,3,4,3,England,https://cdn.sofifa.net/flags/gb-eng.png,SUB,10,High,Medium,76,76,83,87,46,69,82,76,36,84,72,88,78,74,81,87,78,75,84,81,84,76,32,80,70,79,60,44,81,86,58,88,48,49,43,11,6,11,10,13,78,83,81,81,81,83,84,84,83,84,71,70,71,66,57,66,21,Forward,185000,46000000,J. Grealish,J. Grealish,J,Grealish,2023,1054,Jack Grealish,eng ENG,FW,Manchester City,eng Premier League,27-248,1995.0,28,23,2055,22.8,5,7,12,5,0,0,4,0,4.6,4.6,7.0,11.7,143.0,100.0,310.0,0.22,0.31,0.53,0.22,0.53,0.2,0.31,0.51,0.2,0.51,Matches,26
Á. Di María,Ángel Di María,84,84,RW,Argentina,https://cdn.sofifa.net/players/183/898/23_60.png,69,2142,444,Juventus,160000,34000000,RW,2023,22,2022,-,Left,2,5,4,Argentina,https://cdn.sofifa.net/flags/ar.png,LW,11,High,Medium,79,79,84,87,48,67,85,76,51,82,78,88,92,88,80,87,80,78,91,83,75,83,70,74,61,84,73,42,82,87,73,86,41,55,52,10,7,11,12,11,81,84,83,83,83,84,84,84,83,84,72,70,72,68,60,68,21,Forward,160000,20000000,Á. Di María,Á. Di. María,Á,Di María,2023,700,Ángel Di María,ar ARG,FWMF,Juventus,it Serie A,35-091,1988.0,23,14,1239,13.8,4,4,8,3,1,1,1,1,2.7,1.9,4.2,6.1,50.0,84.0,83.0,0.29,0.29,0.58,0.22,0.51,0.2,0.31,0.5,0.14,0.45,Matches,34
E. Džeko,Edin Džeko,84,84,ST,Bosnia and Herzegovina,https://cdn.sofifa.net/players/180/930/23_60.png,80,1954,415,Inter,80000,23900000,SUB,2023,9,2021,-,Right,5,3,3,-,-,-,-,Medium,Medium,63,84,71,77,45,75,63,87,85,76,79,77,65,54,76,84,61,65,62,83,55,86,64,69,86,77,58,50,90,74,67,87,54,28,16,9,11,13,15,15,84,77,80,80,80,77,81,79,77,79,62,65,62,59,59,59,23,Forward,80000,14500000,E. Džeko,E. Džeko,E,Džeko,2023,800,Edin Džeko,ba BIH,FW,Inter,it Serie A,37-060,1986.0,31,18,1685,18.7,9,3,12,9,0,0,3,0,9.6,9.6,3.2,12.8,29.0,64.0,143.0,0.48,0.16,0.64,0.48,0.64,0.51,0.17,0.68,0.51,0.68,Matches,36
Oyarzabal,Mikel Oyarzabal Ugarte,84,86,LW,Spain,https://cdn.sofifa.net/players/230/142/23_60.png,79,2044,428,Real Sociedad,57000,115300000,SUB,2024,10,2014,-,Left,3,3,2,Spain,https://cdn.sofifa.net/flags/es.png,LW,21,High,Medium,79,83,80,83,41,62,81,85,60,82,74,84,77,78,73,85,80,78,79,80,80,80,72,79,57,81,52,29,85,82,84,83,55,32,30,10,6,10,13,11,81,83,82,82,82,83,84,84,78,84,65,62,65,61,52,61,20,Forward,57000,53000000,Oyarzabal,O,,O,2023,1922,Olasagasti,es ESP,MFDF,Real Sociedad,es La Liga,22-273,2000.0,3,0,65,0.7,0,0,0,0,0,0,0,0,0.0,0.0,0.0,0.0,2.0,2.0,3.0,0.0,0.0,0.0,0.0,0.0,0.07,0.0,0.07,0.07,0.07,Matches,25
D. Vlahović,Dušan Vlahović,84,91,ST,Serbia,https://cdn.sofifa.net/players/246/430/23_60.png,75,1912,416,Juventus,140000,164400000,ST,2026,9,2022,-,Left,3,3,2,-,-,-,-,Medium,Medium,80,85,66,78,28,79,57,88,77,73,78,80,69,59,59,85,77,82,61,85,52,84,68,79,88,82,60,24,88,68,73,80,19,26,24,5,15,6,11,10,86,79,82,82,82,79,80,79,73,79,58,56,58,55,50,55,20,Forward,140000,86500000,D. Vlahović,D. Vlahović,D,Vlahović,2023,2695,Dušan Vlahović,rs SRB,FW,Juventus,it Serie A,23-108,2000.0,26,21,1834,20.4,10,2,12,8,2,3,1,0,9.1,6.8,2.1,8.8,22.0,39.0,113.0,0.49,0.1,0.59,0.39,0.49,0.45,0.1,0.55,0.33,0.43,Matches,22
Gabriel Jesus,Gabriel Fernando de Jesus,83,86,ST,Brazil,https://cdn.sofifa.net/players/230/666/23_60.png,73,2078,440,Arsenal,115000,95800000,ST,2027,9,2022,-,Right,3,4,2,-,https://cdn.sofifa.net/flags/br.png,-,-,High,High,84,82,74,86,40,74,74,83,78,78,78,87,76,54,66,85,87,82,91,85,87,84,79,82,69,77,75,32,86,77,75,78,45,30,28,13,8,6,6,15,85,83,83,83,83,83,84,84,77,84,65,62,65,61,56,61,20,Forward,115000,48500000,Gabriel Jesus,G. Jesus,G,Jesus,2023,1265,Gabriel Jesus,br BRA,FW,Arsenal,eng Premier League,26-043,1997.0,24,22,1884,20.9,10,5,15,9,1,1,5,0,13.3,12.5,3.4,15.9,41.0,60.0,169.0,0.48,0.24,0.72,0.43,0.67,0.64,0.16,0.8,0.6,0.76,Matches,25
V. Osimhen,Victor Osimhen,83,89,ST,Nigeria,https://cdn.sofifa.net/players/232/293/23_60.png,78,1999,436,Napoli,72000,110200000,SUB,2025,9,2020,-,Right,4,3,2,-,-,-,-,High,Medium,90,82,65,78,40,81,62,88,80,72,76,78,63,48,53,80,86,93,78,84,68,79,90,81,85,72,69,34,85,69,75,79,36,43,19,14,14,10,9,6,85,79,81,81,81,79,79,79,72,79,62,60,62,60,58,60,21,Forward,72000,58000000,V. Osimhen,V. Osimhen,V,Osimhen,2023,1953,Victor Osimhen,ng NGA,FW,Napoli,it Serie A,24-138,1998.0,29,27,2358,26.2,23,4,27,22,1,2,4,0,19.1,17.5,2.4,19.9,40.0,26.0,172.0,0.88,0.15,1.03,0.84,0.99,0.73,0.09,0.82,0.67,0.76,Matches,23
D. Zapata,Duván Zapata,83,83,ST,Colombia,https://cdn.sofifa.net/players/215/333/23_60.png,88,1928,422,Atalanta,77000,51900000,SUB,2024,91,2020,-,Right,4,3,2,-,https://cdn.sofifa.net/flags/co.png,-,-,High,Medium,78,82,63,79,35,85,47,87,83,75,79,79,55,62,57,84,77,79,67,82,58,86,80,78,95,69,72,20,86,66,75,82,44,24,22,9,9,8,6,8,83,76,80,80,80,76,79,77,71,77,57,58,57,54,55,54,18,Forward,77000,30500000,D. Zapata,D. Zapata,D,Zapata,2023,2791,Duván Zapata,co COL,FW,Atalanta,it Serie A,32-045,1991.0,25,16,1391,15.5,2,2,4,2,0,0,1,0,3.9,3.9,1.1,5.1,35.0,40.0,140.0,0.13,0.13,0.26,0.13,0.26,0.25,0.07,0.33,0.25,0.33,Matches,31
Roberto Firmino,Roberto Firmino Barbosa de Oliveira,83,83,CF,Brazil,https://cdn.sofifa.net/players/201/942/23_60.png,76,2161,453,Liverpool,150000,65700000,SUB,2023,9,2015,-,Right,4,5,3,-,https://cdn.sofifa.net/flags/br.png,-,-,High,High,74,76,79,87,59,78,73,76,78,84,79,87,81,65,76,88,75,74,84,85,86,77,81,87,74,76,75,58,82,83,72,88,55,64,42,8,11,9,6,10,83,82,82,82,82,82,83,83,83,83,74,75,74,72,70,72,20,Forward,150000,35500000,Roberto Firmino,R. Firmino,R,Firmino,2023,900,Roberto Firmino,br BRA,FWMF,Liverpool,eng Premier League,31-226,1991.0,23,12,1138,12.6,9,4,13,9,0,0,0,0,4.9,4.9,2.3,7.2,13.0,76.0,90.0,0.71,0.32,1.03,0.71,1.03,0.38,0.18,0.57,0.38,0.57,Matches,30
H. Ziyech,Hakim Ziyech,83,83,RW,Morocco,https://cdn.sofifa.net/players/208/670/23_60.png,65,2078,438,Chelsea,155000,65700000,SUB,2025,22,2020,-,Left,2,5,3,Morocco,https://cdn.sofifa.net/flags/ma.png,RW,11,High,High,76,77,87,83,50,65,88,73,52,86,74,83,90,78,89,84,78,74,83,83,78,83,33,78,58,80,73,51,81,88,67,79,44,57,41,11,7,11,8,14,79,82,81,81,81,82,83,83,83,83,72,72,72,69,60,69,21,Forward,155000,35500000,H. Ziyech,H. Ziyech,H,Ziyech,2023,2812,Hakim Ziyech,ma MAR,FWMF,Chelsea,eng Premier League,30-058,1993.0,17,6,652,7.2,0,2,2,0,0,0,1,0,0.6,0.6,1.9,2.5,19.0,41.0,68.0,0.0,0.28,0.28,0.0,0.28,0.08,0.26,0.34,0.08,0.34,Matches,29
T. Werner,Timo Werner,82,84,ST,Germany,https://cdn.sofifa.net/players/212/188/23_60.png,76,1994,425,RB Leipzig,73000,67500000,ST,2026,11,2022,-,Right,4,3,3,Germany,https://cdn.sofifa.net/flags/de.png,ST,9,High,Medium,90,80,69,82,35,69,69,78,75,78,82,82,70,58,55,83,93,88,79,85,76,85,75,81,64,77,63,37,87,68,78,79,39,20,19,9,9,8,15,9,84,81,82,82,82,81,82,83,74,83,64,59,64,60,52,60,22,Forward,73000,38000000,T. Werner,T. Werner,T,Werner,2023,2730,Timo Werner,de GER,FWMF,RB Leipzig,de Bundesliga,27-071,1996.0,26,22,1877,20.9,9,3,12,9,0,0,2,0,8.9,8.9,3.1,12.0,65.0,51.0,206.0,0.43,0.14,0.58,0.43,0.58,0.43,0.15,0.58,0.43,0.58,Matches,26
T. Abraham,Tammy Abraham,82,85,ST,England,https://cdn.sofifa.net/players/231/352/23_60.png,86,1927,424,Roma,77000,74600000,ST,2026,9,2021,-,Right,3,3,2,England,https://cdn.sofifa.net/flags/gb-eng.png,SUB,23,High,Medium,83,81,66,78,36,80,53,85,86,77,80,80,55,55,53,82,80,85,61,84,53,80,73,79,85,71,68,25,83,73,79,82,40,29,20,12,7,8,13,13,84,78,81,81,81,78,80,78,72,78,59,58,59,57,55,57,21,Forward,77000,42000000,T. Abraham,T. Abraham,T,Abraham,2023,13,Tammy Abraham,eng ENG,FW,Roma,it Serie A,25-226,1997.0,35,24,2137,23.7,8,3,11,8,0,0,2,0,10.8,10.8,3.5,14.3,35.0,51.0,136.0,0.34,0.13,0.46,0.34,0.46,0.45,0.15,0.6,0.45,0.6,Matches,24
D. Núñez,Darwin Núñez,82,89,ST,Uruguay,https://cdn.sofifa.net/players/253/072/23_60.png,80,2063,444,Liverpool,120000,126100000,ST,2028,27,2022,-,Right,3,3,1,-,https://cdn.sofifa.net/flags/uy.png,-,-,High,High,89,82,68,77,42,86,67,83,76,69,78,76,75,61,60,77,91,88,78,84,67,86,76,89,88,75,78,41,84,71,78,83,36,39,33,14,10,12,10,13,84,78,79,79,79,78,78,79,73,79,65,62,65,63,59,63,22,Forward,120000,61500000,D. Núñez,D. Núñez,D,Núñez,2023,1898,Darwin Núñez,uy URU,FW,Liverpool,eng Premier League,23-326,1999.0,29,19,1695,18.8,9,3,12,9,0,0,1,1,12.1,12.1,5.4,17.5,61.0,29.0,181.0,0.48,0.16,0.64,0.48,0.64,0.64,0.28,0.93,0.64,0.93,Matches,23
R. Malinovskyi,Ruslan Malinovskyi,82,82,CF,Ukraine,https://cdn.sofifa.net/players/231/969/23_60.png,79,2213,465,Atalanta,73000,51900000,ST,2023,18,2019,-,Left,4,4,3,Ukraine,https://cdn.sofifa.net/flags/ua.png,CM,8,Medium,Medium,76,81,83,81,64,80,79,74,74,85,70,83,85,86,81,86,76,76,69,79,73,92,74,82,81,88,78,66,80,83,84,75,55,72,50,6,6,12,15,13,82,81,82,82,82,81,82,82,82,82,76,78,76,74,73,74,21,Forward,73000,30500000,R. Malinovskyi,R. Malinovskyi,R,Malinovskyi,2023,1592,Ruslan Malinovskyi,ua UKR,MFFW,Atalanta,it Serie A,30-012,1993.0,15,5,553,6.1,1,2,3,1,0,0,2,0,0.6,0.6,2.0,2.6,19.0,50.0,36.0,0.16,0.33,0.49,0.16,0.49,0.1,0.33,0.43,0.1,0.43,Matches,29
André Silva,André Miguel Valente da Silva,82,84,ST,Portugal,https://cdn.sofifa.net/players/228/941/23_60.png,84,2067,434,RB Leipzig,73000,67500000,SUB,2026,19,2021,-,Right,3,4,3,Portugal,https://cdn.sofifa.net/flags/pt.png,SUB,9,Medium,Medium,74,83,70,82,47,78,60,84,85,79,84,82,77,39,63,84,76,73,77,85,75,83,88,79,77,78,75,59,84,74,84,84,36,40,34,14,13,7,11,8,84,79,81,81,81,79,83,81,78,81,67,67,67,64,63,64,22,Forward,73000,38000000,André Silva,A. Silva,A,Silva,2023,2384,André Silva,pt POR,FW,RB Leipzig,de Bundesliga,27-191,1995.0,30,19,1670,18.6,4,3,7,4,0,0,3,0,9.2,9.2,2.9,12.0,35.0,36.0,139.0,0.22,0.16,0.38,0.22,0.38,0.49,0.15,0.65,0.49,0.65,Matches,26
M. Arnautović,Marko Arnautović,82,82,ST,Austria,https://cdn.sofifa.net/players/184/200/23_60.png,83,2110,444,Bologna,51000,33200000,ST,2024,9,2021,-,Right,4,4,3,Austria,https://cdn.sofifa.net/flags/at.png,ST,7,Medium,Low,78,82,79,79,44,82,77,81,79,81,79,77,79,72,74,84,76,79,70,79,77,84,77,77,87,82,77,38,79,81,79,79,40,42,39,14,15,10,10,15,82,79,80,80,80,79,82,82,79,82,67,67,67,64,62,64,24,Forward,51000,19500000,M. Arnautović,M. Arnautović,M,Arnautović,2023,133,Marko Arnautović,at AUT,FW,Bologna,it Serie A,34-027,1989.0,18,15,1323,14.7,8,0,8,5,3,3,5,0,5.7,3.4,1.8,5.2,12.0,31.0,94.0,0.54,0.0,0.54,0.34,0.34,0.39,0.12,0.51,0.23,0.35,Matches,33
L. Muriel,Luis Muriel,82,82,ST,Colombia,https://cdn.sofifa.net/players/199/110/23_60.png,79,2002,426,Atalanta,70000,43400000,ST,2023,9,2019,-,Right,4,4,2,-,https://cdn.sofifa.net/flags/co.png,-,-,High,Medium,89,83,74,86,27,67,71,84,69,80,78,88,79,78,55,83,87,90,85,84,85,81,60,73,72,84,50,16,83,78,89,82,26,24,22,8,10,10,14,6,82,82,82,82,82,82,82,82,74,82,60,54,60,55,47,55,20,Forward,70000,25500000,L. Muriel,L. Muriel,L,Muriel,2023,1831,Luis Muriel,co COL,FWMF,Atalanta,it Serie A,32-030,1991.0,26,9,987,11.0,2,2,4,1,1,1,2,2,2.0,1.2,3.4,4.6,50.0,65.0,119.0,0.18,0.18,0.36,0.09,0.27,0.18,0.31,0.49,0.11,0.42,Matches,31
W. Zaha,Wilfried Zaha,82,82,LW,Côte d'Ivoire,https://cdn.sofifa.net/players/198/717/23_60.png,66,2007,442,Crystal Palace,85000,57000000,LW,2023,11,2015,-,Right,3,5,2,-,-,-,-,High,High,91,79,73,86,37,76,75,81,47,76,68,88,71,54,69,87,90,91,85,74,75,83,58,78,77,72,77,35,76,72,78,81,34,39,36,15,10,15,11,10,80,81,80,80,80,81,82,82,75,82,66,62,66,61,54,61,21,Forward,85000,30000000,W. Zaha,W. Zaha,W,Zaha,2023,2777,Wilfried Zaha,ci CIV,FWMF,Crystal Palace,eng Premier League,30-187,1992.0,27,27,2288,25.4,7,2,9,7,0,2,5,0,6.5,4.8,2.7,7.5,86.0,75.0,238.0,0.28,0.08,0.35,0.28,0.35,0.26,0.11,0.36,0.19,0.3,Matches,29
H. Lozano,Hirving Lozano,81,81,RW,Mexico,https://cdn.sofifa.net/players/221/992/23_60.png,70,2013,426,Napoli,69000,47600000,RW,2024,11,2019,-,Right,3,4,3,Mexico,https://cdn.sofifa.net/flags/mx.png,LW,22,High,Low,93,76,72,82,41,62,73,77,62,74,74,83,72,65,65,80,92,93,89,81,82,76,67,76,54,75,64,45,82,74,73,75,42,35,29,11,10,14,14,10,80,81,80,80,80,81,81,81,75,81,67,62,67,63,54,63,22,Forward,69000,28000000,H. Lozano,H. Lozano,H,Lozano,2023,1540,Hirving Lozano,mx MEX,FW,Napoli,it Serie A,27-290,1995.0,32,20,1604,17.8,3,3,6,2,1,1,3,0,5.4,4.6,3.3,7.9,86.0,49.0,190.0,0.17,0.17,0.34,0.11,0.28,0.3,0.19,0.49,0.26,0.45,Matches,26
M. Politano,Matteo Politano,81,81,RW,Italy,https://cdn.sofifa.net/players/216/409/23_60.png,67,1994,419,Napoli,72000,44200000,SUB,2024,21,2021,-,Left,4,4,2,-,https://cdn.sofifa.net/flags/it.png,-,-,High,Low,83,77,78,84,42,55,80,76,40,79,75,83,79,77,76,84,84,82,89,81,88,78,50,77,41,82,63,38,76,77,70,79,63,29,29,11,12,6,8,11,75,81,79,79,79,81,81,81,77,81,66,63,66,62,51,62,20,Forward,72000,26000000,M. Politano,M. Politano,M,Politano,2023,2092,Matteo Politano,it ITA,FW,Napoli,it Serie A,29-286,1993.0,26,14,1158,12.9,3,3,6,1,2,3,1,0,4.0,1.7,3.6,5.3,80.0,72.0,138.0,0.23,0.23,0.47,0.08,0.31,0.31,0.28,0.6,0.13,0.41,Matches,28
L. Sinisterra,Luis Sinisterra,80,86,LW,Colombia,https://cdn.sofifa.net/players/233/500/23_60.png,60,2035,435,Leeds United,48000,70400000,RM,2027,23,2022,-,Right,4,4,1,-,https://cdn.sofifa.net/flags/co.png,-,-,High,High,89,73,72,85,53,63,68,77,69,78,74,87,64,44,69,83,92,87,93,77,87,72,89,77,57,68,56,50,75,77,55,77,56,48,47,15,13,9,13,9,79,80,80,80,80,80,82,82,76,82,70,66,70,68,61,68,21,Forward,48000,33500000,L. Sinisterra,L. Sinisterra,L,Sinisterra,2023,2399,Luis Sinisterra,co COL,FW,Leeds United,eng Premier League,23-333,1999.0,19,13,867,9.6,5,0,5,5,0,0,3,1,3.7,3.7,0.4,4.2,30.0,39.0,84.0,0.52,0.0,0.52,0.52,0.52,0.39,0.04,0.43,0.39,0.43,Matches,23
D. Calvert-Lewin,Dominic Calvert-Lewin,80,84,ST,England,https://cdn.sofifa.net/players/221/479/23_60.png,71,1938,417,Everton,52000,58300000,ST,2025,9,2016,-,Right,2,3,2,-,https://cdn.sofifa.net/flags/gb-eng.png,-,-,High,Medium,81,77,64,76,39,80,65,81,89,71,72,76,64,54,47,79,73,87,68,79,64,79,91,76,82,65,78,35,80,64,77,76,38,31,23,12,12,8,7,11,82,75,77,77,77,75,75,76,68,76,60,58,60,58,57,58,20,Forward,52000,29500000,D. Calvert-Lewin,D. Calvert-Lewin,D,Calvert-Lewin,2023,431,Dominic Calvert-Lewin,eng ENG,FW,Everton,eng Premier League,26-061,1997.0,16,14,1121,12.5,2,1,3,1,1,1,3,0,5.4,4.6,0.8,5.4,16.0,14.0,53.0,0.16,0.08,0.24,0.08,0.16,0.43,0.07,0.5,0.37,0.44,Matches,25
J. Correa,Joaquín Correa,80,80,RW,Argentina,https://cdn.sofifa.net/players/215/330/23_60.png,75,1963,427,Inter,75000,38000000,SUB,2025,11,2022,-,Right,4,4,1,Argentina,https://cdn.sofifa.net/flags/ar.png,SUB,24,Medium,Medium,84,75,76,84,39,69,74,77,67,77,75,87,81,63,74,86,80,87,83,77,67,79,63,76,74,71,48,36,78,80,57,73,39,37,26,11,10,7,8,8,80,80,80,80,80,80,80,80,77,80,64,62,64,60,53,60,19,Forward,75000,23000000,J. Correa,J. Correa,J,Correa,2023,580,Joaquín Correa,ar ARG,FW,Inter,it Serie A,28-276,1994.0,25,11,877,9.7,3,1,4,3,0,0,1,0,3.4,3.4,1.3,4.7,18.0,28.0,60.0,0.31,0.1,0.41,0.31,0.41,0.35,0.13,0.48,0.35,0.48,Matches,27
A. Belotti,Andrea Belotti,80,80,ST,Italy,https://cdn.sofifa.net/players/208/596/23_60.png,84,1939,409,Roma,78000,36600000,SUB,2023,11,2022,-,Right,5,3,3,Italy,https://cdn.sofifa.net/flags/it.png,SUB,9,High,High,74,80,58,76,38,83,42,85,84,68,79,75,64,56,48,75,69,78,74,81,77,81,83,78,85,67,83,31,86,61,77,81,44,23,32,13,7,12,14,7,80,72,76,76,76,72,75,73,68,73,58,58,58,56,58,56,21,Forward,78000,21500000,A. Belotti,A. Belotti,A,Belotti,2023,272,Andrea Belotti,it ITA,FW,Roma,it Serie A,29-147,1993.0,28,8,902,10.0,0,2,2,0,0,1,0,0,3.3,2.5,1.5,4.1,19.0,12.0,74.0,0.0,0.2,0.2,0.0,0.2,0.33,0.15,0.48,0.25,0.4,Matches,28
L. Jović,Luka Jović,79,84,ST,Serbia,https://cdn.sofifa.net/players/232/432/23_60.png,85,1916,401,Fiorentina,55000,47900000,ST,2024,7,2022,-,Right,5,3,1,-,-,-,-,Medium,Medium,74,78,68,78,29,74,67,79,79,72,83,78,77,56,61,80,72,76,75,80,78,82,76,74,78,75,62,23,81,70,66,78,25,26,16,8,7,12,9,13,81,76,78,78,78,76,77,77,71,77,56,55,56,53,49,53,19,Forward,55000,27000000,L. Jović,L. Jović,L,Jović,2023,1287,Luka Jović,rs SRB,FWMF,Fiorentina,it Serie A,25-144,1997.0,29,15,1399,15.5,4,3,7,4,0,1,2,0,6.0,5.2,1.5,6.7,7.0,25.0,72.0,0.26,0.19,0.45,0.26,0.45,0.39,0.1,0.48,0.33,0.43,Matches,24
Felipe Anderson,Felipe Anderson Pereira Gomes,79,79,RW,Brazil,https://cdn.sofifa.net/players/201/995/23_60.png,70,2008,438,Lazio,60000,28900000,RW,2025,7,2021,-,Right,4,4,3,-,https://cdn.sofifa.net/flags/br.png,-,-,High,High,85,75,77,83,55,63,76,73,44,77,72,85,77,69,75,81,85,85,84,75,88,82,34,73,59,77,67,69,74,79,53,81,47,59,46,12,10,9,5,7,77,79,78,78,78,79,79,79,79,79,73,71,73,70,62,70,19,Forward,60000,17000000,Felipe Anderson,F. Anderson,F,Anderson,2023,104,Felipe Anderson,br BRA,FW,Lazio,it Serie A,30-031,1993.0,35,33,2792,31.0,9,2,11,9,0,0,2,0,6.0,6.0,4.7,10.6,79.0,109.0,211.0,0.29,0.06,0.35,0.29,0.35,0.19,0.15,0.34,0.19,0.34,Matches,29
M. Zaccagni,Mattia Zaccagni,79,79,LW,Italy,https://cdn.sofifa.net/players/220/502/23_60.png,63,2012,433,Lazio,57000,31500000,LW,2023,20,2021,-,Right,4,4,1,-,https://cdn.sofifa.net/flags/it.png,-,-,High,Medium,82,73,74,83,57,64,71,73,66,78,66,85,67,51,75,82,85,80,86,77,84,75,46,73,63,72,61,58,78,76,61,71,55,58,52,13,16,14,8,7,78,79,79,79,79,79,79,79,78,79,71,70,71,69,63,69,20,Forward,57000,18500000,M. Zaccagni,M. Zaccagni,M,Zaccagni,2023,2775,Mattia Zaccagni,it ITA,FW,Lazio,it Serie A,27-334,1995.0,32,31,2567,28.5,10,6,16,9,1,1,8,0,6.3,5.5,4.1,9.6,110.0,72.0,251.0,0.35,0.21,0.56,0.32,0.53,0.22,0.14,0.36,0.19,0.34,Matches,27
D. Ings,Danny Ings,79,79,ST,England,https://cdn.sofifa.net/players/195/859/23_60.png,73,2021,417,Aston Villa,95000,33299999,SUB,2024,9,2021,-,Right,3,3,1,-,https://cdn.sofifa.net/flags/gb-eng.png,-,-,High,Medium,72,82,70,78,45,70,66,82,78,75,76,77,72,70,61,79,75,69,76,82,77,82,77,73,69,82,67,46,83,72,81,82,38,45,34,10,13,12,16,6,79,77,78,78,78,77,79,77,74,77,63,63,63,61,58,61,21,Forward,95000,17500000,D. Ings,D. Ings,D,Ings,2023,1224,Danny Ings,eng ENG,FW,Aston Villa,eng Premier League,30-297,1992.0,18,8,824,9.2,6,0,6,4,2,2,3,0,5.3,3.8,1.2,5.0,15.0,12.0,46.0,0.66,0.0,0.66,0.44,0.44,0.59,0.13,0.71,0.41,0.54,Matches,29
A. Milik,Arkadiusz Milik,79,79,ST,Poland,https://cdn.sofifa.net/players/205/175/23_60.png,80,1924,394,Juventus,50000,0,SUB,2023,14,2022,TRUE,Left,3,3,3,Poland,https://cdn.sofifa.net/flags/pl.png,SUB,7,Medium,Medium,61,82,69,74,39,69,63,84,79,73,78,74,76,84,64,79,55,65,64,74,61,84,64,60,75,79,67,36,80,64,79,76,35,34,32,9,16,16,15,6,79,73,75,75,75,73,76,74,71,74,58,59,58,56,55,56,22,Forward,50000,18000000,A. Milik,A. Milik,A,Milik,2023,1744,Arkadiusz Milik,pl POL,FW,Juventus,it Serie A,29-077,1994.0,24,15,1423,15.8,7,1,8,7,0,1,3,1,5.9,5.1,1.4,6.6,10.0,30.0,77.0,0.44,0.06,0.51,0.44,0.51,0.38,0.09,0.47,0.33,0.42,Matches,28
G. Simeone,Giovanni Simeone,78,79,ST,Argentina,https://cdn.sofifa.net/players/216/816/23_60.png,81,1978,412,Napoli,33000,0,ST,2023,18,2022,TRUE,Right,4,3,2,-,https://cdn.sofifa.net/flags/ar.png,-,-,High,High,77,79,64,75,41,76,55,81,77,71,77,74,71,66,61,78,78,76,75,77,73,83,88,74,74,74,78,24,79,60,75,75,44,38,36,12,15,9,14,11,79,74,76,76,76,74,75,74,69,74,59,59,59,57,57,57,22,Forward,33000,17000000,G. Simeone,G. Simeone,G,Simeone,2023,2393,Giovanni Simeone,ar ARG,FW,Napoli,it Serie A,27-315,1995.0,22,1,346,3.8,3,0,3,3,0,0,1,0,1.2,1.2,0.8,1.9,11.0,9.0,31.0,0.78,0.0,0.78,0.78,0.78,0.31,0.2,0.5,0.31,0.5,Matches,26
P. Bamford,Patrick Bamford,78,78,ST,England,https://cdn.sofifa.net/players/206/534/23_60.png,71,1942,420,Leeds United,48000,27600000,ST,2026,9,2018,-,Left,3,3,2,-,https://cdn.sofifa.net/flags/gb-eng.png,-,-,High,High,82,78,68,73,42,77,59,82,75,73,69,70,68,59,63,78,75,87,67,80,66,80,68,89,76,69,65,47,83,74,74,77,50,27,20,9,7,11,6,16,78,75,77,77,77,75,77,77,73,77,62,62,62,60,56,60,19,Forward,48000,14500000,P. Bamford,P. Bamford,P,Bamford,2023,206,Patrick Bamford,eng ENG,FW,Leeds United,eng Premier League,29-253,1993.0,27,17,1482,16.5,4,2,6,4,0,2,3,0,8.6,7.0,1.0,8.0,16.0,23.0,93.0,0.24,0.12,0.36,0.24,0.36,0.52,0.06,0.58,0.43,0.49,Matches,28
A. Mitrović,Aleksandar Mitrović,78,78,ST,Serbia,https://cdn.sofifa.net/players/215/716/23_60.png,90,1818,385,Fulham,63000,28500000,ST,2024,9,2018,-,Right,4,3,1,-,-,-,-,High,Medium,64,79,57,71,27,87,29,81,81,71,78,67,51,52,50,77,61,67,65,78,63,82,84,76,91,70,89,14,82,70,74,75,25,24,13,15,12,6,7,13,78,69,74,74,74,69,74,69,67,69,48,53,48,46,51,46,21,Forward,63000,15000000,A. Mitrović,A. Mitrović,A,Mitrović,2023,1767,Aleksandar Mitrović,rs SRB,FW,Fulham,eng Premier League,28-242,1994.0,22,21,1839,20.4,12,1,13,9,3,6,6,0,12.4,7.8,2.1,9.9,20.0,42.0,92.0,0.59,0.05,0.64,0.44,0.49,0.61,0.1,0.71,0.38,0.48,Matches,27
M. Kean,Moise Kean,78,86,ST,Italy,https://cdn.sofifa.net/players/236/610/23_60.png,72,1878,410,Juventus,41000,0,SUB,2023,18,2019,TRUE,Right,3,3,2,Italy,https://cdn.sofifa.net/flags/it.png,SUB,22,High,Medium,85,76,57,77,40,75,48,79,76,68,71,79,67,44,46,76,84,85,76,74,79,84,76,70,85,66,57,31,81,58,65,72,40,36,30,13,8,10,7,9,80,73,76,76,76,73,74,73,66,73,58,55,58,56,55,56,18,Forward,41000,32000000,M. Kean,M. Kean,M,Kean,2023,1337,Moise Kean,it ITA,FW,Juventus,it Serie A,23-077,2000.0,25,10,879,9.8,6,0,6,6,0,0,5,1,6.2,6.2,1.1,7.3,26.0,11.0,68.0,0.61,0.0,0.61,0.61,0.61,0.63,0.12,0.75,0.63,0.75,Matches,22
O. Watkins,Ollie Watkins,78,81,ST,England,https://cdn.sofifa.net/players/221/697/23_60.png,70,1987,425,Aston Villa,82000,36500000,ST,2025,11,2020,-,Right,4,3,2,-,https://cdn.sofifa.net/flags/gb-eng.png,-,-,High,High,84,76,68,74,46,77,67,81,81,72,64,75,63,56,59,73,77,89,79,77,73,75,92,88,79,71,52,44,79,74,67,66,40,46,36,14,14,14,6,10,80,76,76,76,76,76,77,77,72,77,65,62,65,63,59,63,20,Forward,82000,18500000,O. Watkins,O. Watkins,O,Watkins,2023,2718,Ollie Watkins,eng ENG,FW,Aston Villa,eng Premier League,27-137,1995.0,35,34,2951,32.8,14,6,20,13,1,1,4,0,14.7,13.9,3.7,17.5,49.0,37.0,188.0,0.43,0.18,0.61,0.4,0.58,0.45,0.11,0.56,0.42,0.53,Matches,26
Rodrigo,Rodrigo Moreno Machado,77,77,LW,Spain,https://cdn.sofifa.net/players/198/329/23_60.png,77,2017,422,Leeds United,40000,16200000,SUB,2024,19,2020,-,Left,3,4,3,-,https://cdn.sofifa.net/flags/es.png,-,-,High,Medium,77,77,76,78,45,69,77,75,76,79,75,79,83,67,65,79,77,77,77,78,74,84,75,75,67,76,64,33,77,78,77,78,46,43,38,7,13,10,11,5,77,77,77,77,77,77,77,77,75,77,66,63,66,63,58,63,20,Forward,40000,8500000,Rodrigo,R,,R,2023,2209,Rodrigo,es ESP,FWMF,Leeds United,eng Premier League,32-071,1991.0,29,21,1755,19.5,12,1,13,11,1,1,5,0,7.8,7.0,1.5,8.6,37.0,42.0,132.0,0.62,0.05,0.67,0.56,0.62,0.4,0.08,0.48,0.36,0.44,Matches,31
I. Toney,Ivan Toney,77,79,ST,England,https://cdn.sofifa.net/players/212/228/23_60.png,76,2007,423,Brentford,51000,25700000,ST,2025,17,2020,-,Right,3,3,1,-,https://cdn.sofifa.net/flags/gb-eng.png,-,-,High,High,78,77,64,73,49,82,54,80,78,70,76,70,61,64,56,76,75,81,78,77,70,77,89,79,83,67,82,49,79,69,89,78,41,48,42,16,8,8,7,8,79,73,75,75,75,73,75,74,70,74,63,64,63,62,63,62,19,Forward,51000,13000000,I. Toney,I. Toney,I,Toney,2023,2575,Ivan Toney,eng ENG,FW,Brentford,eng Premier League,27-061,1996.0,33,33,2951,32.8,20,4,24,14,6,7,9,0,18.7,13.2,5.1,18.3,14.0,79.0,165.0,0.61,0.12,0.73,0.43,0.55,0.57,0.15,0.73,0.4,0.56,Matches,26
D. Gray,Demarai Gray,77,78,RW,England,https://cdn.sofifa.net/players/220/633/23_60.png,75,1842,407,Everton,40000,24700000,LM,2024,11,2021,-,Right,4,4,2,-,https://cdn.sofifa.net/flags/gb-eng.png,-,-,High,Medium,86,76,69,81,37,58,73,77,31,70,54,84,72,60,60,82,87,86,81,68,78,82,51,70,59,75,41,25,74,72,61,73,42,45,31,6,11,11,13,10,74,78,77,77,77,78,78,78,71,78,62,56,62,58,47,58,18,Forward,40000,12500000,D. Gray,D. Gray,D,Gray,2023,1051,Demarai Gray,eng ENG,FWMF,Everton,eng Premier League,26-322,1996.0,31,26,2375,26.4,4,1,5,2,2,2,3,0,5.6,4.0,3.7,7.7,89.0,45.0,186.0,0.15,0.04,0.19,0.08,0.11,0.21,0.14,0.35,0.15,0.29,Matches,26
S. El Shaarawy,Stephan El Shaarawy,77,77,LW,Italy,https://cdn.sofifa.net/players/190/813/23_60.png,73,1965,419,Roma,63000,17900000,SUB,2023,92,2021,-,Right,3,4,3,-,https://cdn.sofifa.net/flags/it.png,-,-,Medium,Medium,86,74,74,78,46,61,75,73,65,75,83,77,85,68,66,77,86,86,91,73,80,73,69,63,63,76,51,36,75,78,69,75,59,37,35,5,3,5,5,3,77,77,76,76,76,77,77,77,73,77,65,61,65,62,56,62,15,Forward,63000,10500000,S. El Shaarawy,S. El. Shaarawy,S,El Shaarawy,2023,2374,Stephan El Shaarawy,it ITA,DFMF,Roma,it Serie A,30-201,1992.0,26,11,1298,14.4,5,1,6,5,0,0,3,0,4.1,4.1,0.9,5.1,48.0,51.0,114.0,0.35,0.07,0.42,0.35,0.42,0.29,0.06,0.35,0.29,0.35,Matches,29
S. Jovetić,Stevan Jovetić,77,77,ST,Montenegro,https://cdn.sofifa.net/players/181/820/23_60.png,79,1910,391,Hertha BSC,34000,15300000,SUB,2023,19,2021,-,Right,4,3,3,-,-,-,-,Medium,Low,62,79,76,79,35,60,72,77,74,80,79,79,84,74,64,81,64,60,77,77,70,82,73,45,71,79,50,30,79,78,78,78,31,32,30,9,7,5,9,10,77,76,77,77,77,76,77,77,73,77,58,58,58,55,52,55,19,Forward,34000,8500000,S. Jovetić,S. Jovetić,S,Jovetić,2023,1286,Stevan Jovetić,me MNE,FWMF,Hertha BSC,de Bundesliga,33-195,1989.0,16,7,802,8.9,4,2,6,4,0,0,0,0,2.2,2.2,1.1,3.3,13.0,39.0,36.0,0.45,0.22,0.67,0.45,0.67,0.25,0.12,0.37,0.25,0.37,Matches,32
U. Sadiq,Umar Sadiq,77,82,ST,Nigeria,https://cdn.sofifa.net/players/231/627/23_60.png,75,1784,398,Real Sociedad,33000,33700000,SUB,2025,25,2022,-,Right,3,3,1,-,-,-,-,High,Medium,84,76,60,72,30,76,51,80,74,72,65,76,62,45,48,75,81,86,66,70,43,81,84,72,90,69,42,19,71,61,72,67,37,20,19,11,9,13,11,9,79,72,74,74,74,72,73,73,65,73,54,51,54,51,49,51,19,Forward,33000,15500000,U. Sadiq,U. Sadiq,U,Sadiq,2023,2270,Umar Sadiq,ng NGA,FW,Real Sociedad,es La Liga,26-103,1997.0,2,1,82,0.9,1,0,1,1,0,0,0,0,0.5,0.5,0.0,0.5,0.0,1.0,6.0,1.1,0.0,1.1,1.1,1.1,0.5,0.0,0.5,0.5,0.5,Matches,25
Y. Poulsen,Yussuf Poulsen,77,77,ST,Denmark,https://cdn.sofifa.net/players/207/791/23_60.png,84,1984,428,RB Leipzig,53000,18700000,SUB,2024,9,2013,-,Right,3,3,2,-,https://cdn.sofifa.net/flags/dk.png,-,-,Medium,High,78,71,67,74,56,82,68,76,86,73,76,77,70,42,53,75,79,78,69,82,54,73,83,86,79,58,83,54,81,71,58,72,53,59,34,6,11,15,14,8,77,75,76,76,76,75,76,77,72,77,68,67,68,67,67,67,20,Forward,53000,11000000,Y. Poulsen,Y. Poulsen,Y,Poulsen,2023,2105,Yussuf Poulsen,dk DEN,FW,RB Leipzig,de Bundesliga,28-335,1994.0,18,3,381,4.2,1,1,2,1,0,0,1,0,1.0,1.0,1.8,2.8,8.0,5.0,34.0,0.24,0.24,0.47,0.24,0.47,0.24,0.42,0.66,0.24,0.66,Matches,28
M. Barrow,Musa Barrow,77,83,ST,Gambia,https://cdn.sofifa.net/players/242/374/23_60.png,70,1800,400,Bologna,31000,32299999,LF,2024,99,2021,-,Right,4,3,1,-,-,-,-,High,Medium,84,75,69,78,31,63,65,77,63,76,60,81,60,56,58,79,82,85,78,75,57,76,53,73,68,76,40,20,77,72,58,70,45,20,16,8,6,14,14,12,78,77,77,77,77,77,78,78,70,78,58,54,58,54,46,54,19,Forward,31000,17000000,M. Barrow,M. Barrow,M,Barrow,2023,229,Musa Barrow,gm GAM,FWMF,Bologna,it Serie A,24-183,1998.0,29,23,1751,19.5,3,5,8,3,0,0,3,0,2.8,2.8,3.6,6.4,53.0,47.0,123.0,0.15,0.26,0.41,0.15,0.41,0.14,0.19,0.33,0.14,0.33,Matches,23
P. Daka,Patson Daka,77,83,ST,Zambia,https://cdn.sofifa.net/players/241/202/23_60.png,71,1848,397,Leicester City,68000,35700000,SUB,2026,20,2021,-,Right,3,3,1,-,-,-,-,Medium,Medium,90,78,60,75,24,70,51,82,67,68,73,74,65,54,61,76,87,92,83,77,74,76,89,76,67,71,63,17,80,53,75,69,18,24,16,8,6,9,5,11,79,74,75,75,75,74,74,74,66,74,54,51,54,51,45,51,17,Forward,68000,17000000,P. Daka,P. Daka,P,Daka,2023,624,Patson Daka,zm ZAM,FW,Leicester City,eng Premier League,24-219,1998.0,29,13,1159,12.9,4,4,8,4,0,0,2,0,3.5,3.5,2.8,6.3,18.0,17.0,79.0,0.31,0.31,0.62,0.31,0.62,0.27,0.22,0.49,0.27,0.49,Matches,23
T. Henry,Thomas Henry,76,76,ST,France,https://cdn.sofifa.net/players/231/835/23_60.png,86,1838,394,Hellas Verona,29000,13600000,ST,2026,9,2022,-,Right,3,2,1,-,https://cdn.sofifa.net/flags/fr.png,-,-,High,Medium,65,76,65,66,40,82,51,79,82,73,72,63,45,59,63,73,54,74,55,75,50,82,69,81,87,62,74,25,80,73,82,76,39,39,29,5,13,9,6,15,76,69,73,73,73,69,73,71,70,71,57,59,57,55,56,55,19,Forward,29000,8000000,T. Henry,T. Henry,T,Henry,2023,1155,Thomas Henry,fr FRA,FW,Hellas Verona,it Serie A,28-238,1994.0,16,13,1030,11.4,2,0,2,2,0,0,4,0,1.7,1.7,1.1,2.8,3.0,18.0,58.0,0.17,0.0,0.17,0.17,0.17,0.15,0.09,0.24,0.15,0.24,Matches,27
F. Di Francesco,Federico Di Francesco,76,76,LW,Italy,https://cdn.sofifa.net/players/213/814/23_60.png,75,1861,400,Lecce,20000,13500000,LW,2025,11,2022,-,Right,4,4,1,-,https://cdn.sofifa.net/flags/it.png,-,-,High,Low,78,70,73,80,39,60,77,67,40,76,72,82,78,69,67,81,76,80,79,71,78,73,44,72,62,70,42,34,74,68,69,74,44,38,36,11,10,6,10,5,72,76,74,74,74,76,76,76,72,76,63,59,63,59,49,59,18,Forward,20000,7500000,F. Di Francesco,F. Di. Francesco,F,Di Francesco,2023,697,Federico Di Francesco,it ITA,FWMF,Lecce,it Serie A,28-336,1994.0,34,22,1914,21.3,2,2,4,2,0,0,5,0,3.3,3.3,2.7,6.0,50.0,59.0,169.0,0.09,0.09,0.19,0.09,0.19,0.15,0.13,0.28,0.15,0.28,Matches,28
Ayoze Pérez,Ayoze Pérez Gutiérrez,76,76,RW,Spain,https://cdn.sofifa.net/players/215/590/23_60.png,72,2017,420,Leicester City,75000,14300000,SUB,2023,17,2019,-,Right,4,4,1,-,https://cdn.sofifa.net/flags/es.png,-,-,High,High,76,70,73,80,58,63,70,69,76,77,74,81,76,60,65,79,78,75,78,78,79,71,73,63,57,67,74,49,78,76,73,77,61,61,42,12,12,11,14,8,76,76,76,76,76,76,76,76,74,76,67,67,67,66,65,66,21,Forward,75000,7500000,Ayoze Pérez,A. Pérez,A,Pérez,2023,2042,Ayoze Pérez,es ESP,MFFW,Leicester City,eng Premier League,29-291,1993.0,8,3,382,4.2,0,1,1,0,0,0,0,0,1.1,1.1,1.5,2.6,17.0,20.0,43.0,0.0,0.24,0.24,0.0,0.24,0.27,0.35,0.62,0.27,0.62,Matches,28
A. Sørloth,Alexander Sørloth,76,78,ST,Norway,https://cdn.sofifa.net/players/216/549/23_60.png,90,1896,413,Real Sociedad,48000,0,ST,2023,19,2020,TRUE,Left,4,3,1,Norway,https://cdn.sofifa.net/flags/no.png,RM,19,High,Medium,81,74,66,72,36,84,66,73,82,68,69,75,74,60,59,74,74,87,54,72,55,82,65,82,90,70,74,36,75,69,70,79,39,23,21,15,12,8,15,8,78,72,74,74,74,72,73,75,68,75,59,57,59,56,54,56,21,Forward,48000,9500000,A. Sørloth,A. Sørloth,A,Sørloth,2023,2508,Alexander Sørloth,no NOR,FW,Real Sociedad,es La Liga,27-162,1995.0,30,25,2112,23.5,10,1,11,10,0,0,4,0,10.2,10.2,3.6,13.8,32.0,17.0,116.0,0.43,0.04,0.47,0.43,0.47,0.44,0.15,0.59,0.44,0.59,Matches,26
A. Armstrong,Adam Armstrong,74,77,ST,England,https://cdn.sofifa.net/players/221/841/23_60.png,69,1940,404,Southampton,45000,10900000,LM,2025,9,2021,-,Right,4,3,1,-,https://cdn.sofifa.net/flags/gb-eng.png,-,-,High,Low,84,75,66,75,35,69,62,75,66,70,68,73,69,63,58,72,88,80,87,76,90,77,85,73,61,76,79,41,75,67,70,72,36,23,25,10,13,13,12,7,76,74,74,74,74,74,75,74,68,74,59,57,59,56,51,56,20,Forward,45000,5500000,A. Armstrong,A. Armstrong,A,Armstrong,2023,131,Adam Armstrong,eng ENG,FWMF,Southampton,eng Premier League,26-095,1997.0,29,14,1307,14.5,1,1,2,1,0,0,2,0,1.9,1.9,1.3,3.2,38.0,16.0,69.0,0.07,0.07,0.14,0.07,0.14,0.13,0.09,0.22,0.13,0.22,Matches,25
A. Armstrong,Adam Armstrong,74,77,ST,England,https://cdn.sofifa.net/players/221/841/23_60.png,69,1940,404,Southampton,45000,10900000,LM,2025,9,2021,-,Right,4,3,1,-,https://cdn.sofifa.net/flags/gb-eng.png,-,-,High,Low,84,75,66,75,35,69,62,75,66,70,68,73,69,63,58,72,88,80,87,76,90,77,85,73,61,76,79,41,75,67,70,72,36,23,25,10,13,13,12,7,76,74,74,74,74,74,75,74,68,74,59,57,59,56,51,56,20,Forward,45000,5500000,A. Armstrong,A. Armstrong,A,Armstrong,2023,132,Stuart Armstrong,sct SCO,MFFW,Southampton,eng Premier League,31-047,1992.0,30,14,1361,15.1,2,1,3,2,0,0,6,0,2.4,2.4,2.2,4.6,60.0,74.0,88.0,0.13,0.07,0.2,0.13,0.2,0.16,0.15,0.3,0.16,0.3,Matches,25
J. Mateta,Jean-Philippe Mateta,76,79,ST,France,https://cdn.sofifa.net/players/236/461/23_60.png,88,1770,387,Crystal Palace,51000,19800000,SUB,2026,14,2022,-,Right,4,3,1,-,https://cdn.sofifa.net/flags/fr.png,-,-,Medium,Medium,71,74,57,73,34,78,41,78,78,70,74,76,53,39,45,75,64,77,61,76,51,77,77,66,86,64,74,22,76,63,72,71,35,31,22,8,8,7,13,11,78,70,74,74,74,70,72,70,65,70,53,54,53,51,53,51,19,Forward,51000,10000000,J. Mateta,J. Mateta,J,Mateta,2023,1665,Jean-Philippe Mateta,fr FRA,FW,Crystal Palace,eng Premier League,25-322,1997.0,27,6,735,8.2,2,0,2,2,0,0,3,0,3.3,3.3,0.6,3.9,7.0,6.0,39.0,0.24,0.0,0.24,0.24,0.24,0.4,0.08,0.48,0.4,0.48,Matches,25
C. Adams,Ché Adams,76,78,ST,Scotland,https://cdn.sofifa.net/players/226/093/23_60.png,70,1934,412,Southampton,51000,18800000,ST,2024,10,2019,-,Right,3,3,1,Scotland,https://cdn.sofifa.net/flags/gb-sct.png,ST,10,High,Medium,81,77,62,75,40,77,55,76,63,70,70,73,63,59,53,77,78,84,78,74,74,86,76,77,79,75,74,36,77,62,69,70,33,42,36,16,13,12,15,9,78,73,75,75,75,73,74,73,68,73,60,59,60,58,56,58,22,Forward,51000,9500000,C. Adams,C. Adams,C,Adams,2023,19,Che Adams,sct SCO,FW,Southampton,eng Premier League,26-307,1996.0,28,23,1992,22.1,5,3,8,5,0,0,1,0,6.6,6.6,2.8,9.4,17.0,34.0,115.0,0.23,0.14,0.36,0.23,0.36,0.3,0.13,0.42,0.3,0.42,Matches,25
N. Maupay,Neal Maupay,76,78,ST,France,https://cdn.sofifa.net/players/211/784/23_60.png,69,1928,404,Everton,39000,18800000,SUB,2025,20,2022,-,Right,4,3,1,-,https://cdn.sofifa.net/flags/fr.png,-,-,Medium,Medium,74,77,67,73,41,72,61,79,73,74,76,68,63,55,59,76,77,72,76,79,81,79,59,78,67,71,80,26,82,69,78,70,30,55,33,11,12,7,8,14,78,73,75,75,75,73,76,75,71,75,60,60,60,59,56,59,20,Forward,39000,9500000,N. Maupay,N. Maupay,N,Maupay,2023,1673,Neal Maupay,fr FRA,FW,Everton,eng Premier League,26-275,1996.0,26,11,1109,12.3,1,0,1,1,0,0,4,0,4.7,4.7,0.6,5.3,7.0,10.0,61.0,0.08,0.0,0.08,0.08,0.08,0.38,0.05,0.43,0.38,0.43,Matches,25
Y. Wissa,Yoane Wissa,75,76,LW,Congo DR,https://cdn.sofifa.net/players/234/824/23_60.png,74,1843,397,Brentford,44000,12800000,LW,2025,11,2021,-,Right,3,3,1,-,-,-,-,Medium,Medium,86,74,65,76,28,68,71,76,58,65,70,77,56,53,60,76,85,87,82,70,73,75,76,71,68,72,61,31,75,68,71,73,25,23,18,14,7,6,8,15,75,75,74,74,74,75,75,76,67,76,57,53,57,53,46,53,19,Forward,44000,6500000,Y. Wissa,Y. Wissa,Y,Wissa,2023,2750,Yoane Wissa,cd COD,FW,Brentford,eng Premier League,26-255,1996.0,36,14,1430,15.9,6,2,8,6,0,0,2,0,4.9,4.9,2.4,7.3,20.0,25.0,93.0,0.38,0.13,0.5,0.38,0.5,0.31,0.15,0.46,0.31,0.46,Matches,25
E. Shomurodov,Eldor Shomurodov,75,76,ST,Uzbekistan,https://cdn.sofifa.net/players/239/964/23_60.png,76,1847,403,Roma,54000,11500000,SUB,2026,14,2021,-,Right,4,3,1,-,-,-,-,High,Medium,82,74,63,75,39,70,55,75,76,67,75,77,68,52,58,77,84,81,74,64,70,76,61,70,76,69,59,39,75,68,65,65,37,33,30,8,11,5,7,5,76,73,74,74,74,73,74,73,68,73,58,57,58,56,53,56,16,Forward,54000,6500000,E. Shomurodov,E. Shomurodov,E,Shomurodov,2023,2380,Eldor Shomurodov,uz UZB,FW,Roma,it Serie A,27-321,1995.0,6,1,119,1.3,0,0,0,0,0,0,0,0,0.6,0.6,0.0,0.6,3.0,4.0,15.0,0.0,0.0,0.0,0.0,0.0,0.45,0.0,0.45,0.45,0.45,Matches,27
A. Broja,Armando Broja,75,85,ST,Albania,https://cdn.sofifa.net/players/256/268/23_60.png,75,1735,384,Chelsea,64000,25600000,RES,2026,18,2020,-,Right,3,3,1,-,-,-,-,Medium,Low,76,74,54,75,29,76,40,77,69,65,64,78,53,36,47,76,69,81,64,74,63,80,63,72,83,61,67,20,76,58,74,73,23,31,23,9,7,15,8,9,77,70,73,73,73,70,72,70,64,70,52,52,52,50,49,50,18,Forward,64000,12500000,A. Broja,A. Broja,A,Broja,2023,378,Armando Broja,al ALB,FW,Chelsea,eng Premier League,21-248,2001.0,12,2,294,3.3,1,0,1,1,0,0,0,0,0.8,0.8,0.1,0.9,8.0,4.0,17.0,0.31,0.0,0.31,0.31,0.31,0.26,0.02,0.27,0.26,0.27,Matches,20
J. Ayew,Jordan Ayew,75,75,RW,Ghana,https://cdn.sofifa.net/players/197/756/23_60.png,81,1991,421,Crystal Palace,50000,10500000,RW,2023,9,2019,-,Right,3,4,2,Ghana,https://cdn.sofifa.net/flags/gh.png,RM,9,Medium,High,74,73,69,77,55,73,72,72,73,73,71,78,73,67,54,77,74,74,78,75,73,75,71,74,72,71,74,50,74,72,73,69,51,58,47,6,8,7,16,8,75,75,75,75,75,75,75,75,72,75,67,65,67,66,64,66,19,Forward,50000,5500000,J. Ayew,J. Ayew,J,Ayew,2023,168,Jordan Ayew,gh GHA,FWMF,Crystal Palace,eng Premier League,31-247,1991.0,36,29,2534,28.2,4,3,7,4,0,0,5,0,3.0,3.0,3.2,6.2,76.0,59.0,166.0,0.14,0.11,0.25,0.14,0.25,0.11,0.11,0.22,0.11,0.22,Matches,30
M. Richter,Marco Richter,74,77,ST,Germany,https://cdn.sofifa.net/players/238/068/23_60.png,74,1802,386,Hertha BSC,22000,11300000,SUB,2025,23,2021,-,Right,4,4,1,-,https://cdn.sofifa.net/flags/de.png,-,-,Medium,Medium,75,71,67,78,34,61,68,70,68,69,70,80,60,47,65,76,85,66,81,75,79,75,54,69,65,72,41,22,73,69,56,72,21,42,37,12,13,7,5,10,75,74,74,74,74,74,75,75,69,75,58,54,58,55,48,55,19,Forward,22000,6000000,M. Richter,M. Richter,M,Richter,2023,2188,Marco Richter,de GER,MFFW,Hertha BSC,de Bundesliga,25-173,1997.0,27,19,1684,18.7,5,4,9,5,0,0,7,0,3.5,3.5,2.4,5.9,35.0,61.0,89.0,0.27,0.21,0.48,0.27,0.48,0.19,0.13,0.32,0.19,0.32,Matches,24
C. Kouamé,Christian Kouamé,74,79,ST,Côte d'Ivoire,https://cdn.sofifa.net/players/235/866/23_60.png,70,1867,403,Fiorentina,39000,11500000,SUB,2024,99,2020,-,Right,4,3,1,-,-,-,-,High,High,83,71,63,74,39,73,58,74,74,69,66,75,52,45,58,73,78,87,77,71,68,73,85,76,71,66,71,36,76,68,61,68,34,38,32,15,13,6,7,14,76,73,74,74,74,73,74,74,68,74,60,58,60,58,55,58,20,Forward,39000,6500000,C. Kouamé,C. Kouamé,C,Kouamé,2023,1386,Christian Kouamé,ci CIV,FW,Fiorentina,it Serie A,25-161,1997.0,25,20,1722,19.1,4,3,7,4,0,0,4,0,5.1,5.1,3.1,8.2,50.0,53.0,199.0,0.21,0.16,0.37,0.21,0.37,0.27,0.16,0.43,0.27,0.43,Matches,24
Carlos Fernández,Carlos Fernández Luna,74,76,ST,Spain,https://cdn.sofifa.net/players/221/014/23_60.png,71,1764,375,Real Sociedad,28000,12000000,SUB,2026,9,2021,-,Left,4,3,1,-,https://cdn.sofifa.net/flags/es.png,-,-,Medium,Medium,67,76,64,74,27,67,47,78,74,73,70,77,43,56,66,78,62,71,70,72,47,78,73,54,72,74,71,22,72,73,73,67,21,21,22,12,13,8,9,12,76,71,74,74,74,71,76,72,69,72,50,53,50,48,47,48,20,Forward,28000,5500000,Carlos Fernández,C. Fernández,C,Fernández,2023,888,Carlos Fernández,es ESP,FW,Real Sociedad,es La Liga,26-359,1996.0,20,7,525,5.8,1,0,1,1,0,0,5,0,1.6,1.6,0.4,1.9,6.0,13.0,47.0,0.17,0.0,0.17,0.17,0.17,0.27,0.07,0.33,0.27,0.33,Matches,26
S. Rondón,Salomón Rondón,74,74,ST,Venezuela,https://cdn.sofifa.net/players/189/250/23_60.png,86,1781,367,Everton,36000,6500000,SUB,2023,33,2021,-,Right,4,3,2,-,https://cdn.sofifa.net/flags/ve.png,-,-,Medium,Low,54,73,65,69,32,74,59,73,80,70,74,69,62,68,53,72,52,55,52,76,64,83,77,53,83,66,76,26,77,69,65,75,29,28,18,13,13,7,5,14,74,68,71,71,71,68,71,68,65,68,51,53,51,48,51,48,20,Forward,36000,3400000,S. Rondón,S. Rondón,S,Rondón,2023,2232,Salomón Rondón,ve VEN,FW,Everton,eng Premier League,33-242,1989.0,7,1,109,1.2,0,0,0,0,0,0,0,0,0.8,0.8,0.2,1.0,0.0,1.0,7.0,0.0,0.0,0.0,0.0,0.0,0.66,0.13,0.79,0.66,0.79,Matches,32
M. Nzola,M'Bala Nzola,73,76,ST,Angola,https://cdn.sofifa.net/players/240/452/23_60.png,82,1763,386,Spezia,16000,7700000,ST,2023,18,2021,-,Left,4,3,1,-,-,-,-,Medium,Medium,85,70,59,68,29,75,52,74,70,68,60,68,62,44,62,71,80,89,65,69,60,70,71,68,86,62,58,29,74,49,70,71,20,24,28,12,14,6,13,15,75,69,70,70,70,69,69,70,63,70,54,52,54,52,49,52,21,Forward,16000,4099999,M. Nzola,M. Nzola,M,Nzola,2023,1905,M'Bala Nzola,ao ANG,FW,Spezia,it Serie A,26-271,1996.0,28,26,2383,26.5,13,2,15,10,3,3,6,0,10.4,8.0,2.2,10.2,44.0,45.0,199.0,0.49,0.08,0.57,0.38,0.45,0.39,0.08,0.47,0.3,0.38,Matches,25
J. Zirkzee,Joshua Zirkzee,73,82,ST,Netherlands,https://cdn.sofifa.net/players/250/961/23_60.png,89,1718,371,Bologna,21000,13300000,SUB,2026,11,2022,-,Right,3,3,1,-,https://cdn.sofifa.net/flags/nl.png,-,-,Medium,Low,69,74,63,75,20,70,55,77,58,70,67,76,68,66,45,79,68,69,66,69,60,73,66,63,84,71,43,14,73,70,67,74,20,14,16,6,11,12,8,14,75,71,73,73,73,71,74,71,65,71,50,47,50,46,41,46,18,Forward,21000,7000000,J. Zirkzee,J. Zirkzee,J,Zirkzee,2023,2811,Joshua Zirkzee,nl NED,FW,Bologna,it Serie A,21-359,2001.0,17,5,773,8.6,1,2,3,1,0,0,1,0,3.0,3.0,1.4,4.3,10.0,17.0,68.0,0.12,0.23,0.35,0.12,0.35,0.34,0.16,0.5,0.34,0.5,Matches,21
K. Lasagna,Kevin Lasagna,73,73,ST,Italy,https://cdn.sofifa.net/players/224/933/23_60.png,80,1875,398,Hellas Verona,24000,5100000,ST,2025,11,2021,-,Left,3,3,2,-,https://cdn.sofifa.net/flags/it.png,-,-,High,Low,87,71,65,72,38,65,66,66,71,70,75,71,69,47,59,71,85,89,78,71,72,82,75,64,69,70,53,39,77,61,66,72,36,30,28,8,14,13,15,15,73,72,72,72,72,72,72,73,66,73,59,55,59,57,52,57,21,Forward,24000,3000000,K. Lasagna,K. Lasagna,K,Lasagna,2023,1446,Kevin Lasagna,it ITA,FWMF,Hellas Verona,it Serie A,30-279,1992.0,26,17,1573,17.5,1,2,3,1,0,0,2,0,6.0,6.0,1.7,7.7,36.0,19.0,105.0,0.06,0.11,0.17,0.06,0.17,0.35,0.09,0.44,0.35,0.44,Matches,29
E. Nketiah,Eddie Nketiah,73,80,ST,England,https://cdn.sofifa.net/players/236/988/23_60.png,73,1706,367,Arsenal,51000,12600000,SUB,2027,14,2016,-,Right,3,3,1,-,https://cdn.sofifa.net/flags/gb-eng.png,-,-,High,Medium,81,71,55,75,24,61,43,75,66,67,70,75,54,38,45,74,85,78,79,76,72,72,73,69,59,60,52,19,76,58,68,68,22,19,15,12,10,11,9,5,75,71,73,73,73,71,72,71,63,71,51,48,51,48,42,48,18,Forward,51000,6000000,E. Nketiah,E. Nketiah,E,Nketiah,2023,1886,Eddie Nketiah,eng ENG,FW,Arsenal,eng Premier League,23-351,1999.0,28,9,1050,11.7,4,1,5,4,0,0,3,0,7.4,7.4,1.3,8.7,32.0,15.0,76.0,0.34,0.09,0.43,0.34,0.43,0.64,0.11,0.75,0.64,0.75,Matches,23
M. Satriano,Martín Satriano,72,81,ST,Uruguay,https://cdn.sofifa.net/players/264/325/23_60.png,75,1711,365,Empoli,31000,0,ST,2023,9,2021,TRUE,Right,3,3,1,-,https://cdn.sofifa.net/flags/uy.png,-,-,Medium,Medium,65,72,56,71,32,69,47,77,71,67,64,72,51,53,45,76,63,66,58,68,57,69,74,70,72,68,60,18,74,58,69,68,27,34,31,11,8,13,13,7,74,68,70,70,70,68,70,68,63,68,52,51,52,50,49,50,18,Forward,31000,5500000,M. Satriano,M. Satriano,M,Satriano,2023,2325,Martin Satriano,uy URU,FW,Empoli,it Serie A,22-085,2001.0,29,20,1663,18.5,2,1,3,2,0,0,4,0,3.8,3.8,1.2,5.0,29.0,21.0,124.0,0.11,0.05,0.16,0.11,0.16,0.2,0.07,0.27,0.2,0.27,Matches,21
S. Lammers,Sam Lammers,71,76,ST,Netherlands,https://cdn.sofifa.net/players/236/498/23_60.png,77,1768,373,Empoli,28000,0,SUB,2023,7,2020,TRUE,Left,5,4,1,-,https://cdn.sofifa.net/flags/nl.png,-,-,Medium,Medium,70,73,59,71,34,66,58,74,72,61,66,73,65,49,43,69,73,68,72,71,64,72,72,71,70,72,49,36,72,71,75,70,37,21,19,13,12,5,8,15,73,69,71,71,71,69,71,69,63,69,54,51,54,51,48,51,20,Forward,28000,2800000,S. Lammers,S. Lammers,S,Lammers,2023,1437,Sam Lammers,nl NED,FW,Empoli,it Serie A,26-016,1997.0,14,10,883,9.8,1,1,2,1,0,0,0,0,2.3,2.3,0.7,2.9,9.0,19.0,67.0,0.1,0.1,0.2,0.1,0.2,0.23,0.07,0.3,0.23,0.3,Matches,25
Sergio Camello,Sergio Camello Pérez,71,82,ST,Spain,https://cdn.sofifa.net/players/248/805/23_60.png,69,1656,347,Rayo Vallecano,23000,0,SUB,2023,34,2019,TRUE,Right,4,3,1,-,https://cdn.sofifa.net/flags/es.png,-,-,Medium,Medium,69,73,58,72,27,48,44,77,65,66,64,71,66,48,46,76,68,69,63,73,72,71,66,55,45,69,42,23,74,65,59,68,32,18,13,13,8,13,11,11,73,69,72,72,72,69,71,68,63,68,49,47,49,46,41,46,20,Forward,23000,4200000,Sergio Camello,S. Camello,S,Camello,2023,441,Sergio Camello,es ESP,FW,Rayo Vallecano,es La Liga,22-095,2001.0,34,26,2264,25.2,6,5,11,6,0,0,1,0,7.0,7.0,2.3,9.3,36.0,38.0,116.0,0.24,0.2,0.44,0.24,0.44,0.28,0.09,0.37,0.28,0.37,Matches,21
D. Selke,Davie Selke,71,72,ST,Germany,https://cdn.sofifa.net/players/212/626/23_60.png,84,1762,375,Hertha BSC,20000,4099999,SUB,2023,7,2017,-,Right,3,3,1,-,https://cdn.sofifa.net/flags/de.png,-,-,High,Medium,72,71,53,67,37,75,40,71,77,63,74,69,65,40,44,65,69,75,65,71,61,75,71,66,77,65,84,29,73,57,69,64,33,39,20,12,11,7,11,14,72,65,68,68,68,65,67,66,61,66,52,53,52,51,53,51,20,Forward,20000,2200000,D. Selke,D. Selke,D,Selke,2023,2360,Davie Selke,de GER,FW,Hertha BSC,de Bundesliga,28-116,1995.0,13,3,282,3.1,1,1,2,0,1,1,1,0,1.2,0.4,0.9,1.3,3.0,5.0,22.0,0.32,0.32,0.64,0.0,0.32,0.39,0.28,0.66,0.14,0.41,Matches,27
C. Archer,Cameron Archer,70,79,ST,England,https://cdn.sofifa.net/players/258/930/23_60.png,72,1668,359,Aston Villa,30000,7400000,RES,2027,35,2020,-,Right,4,2,1,-,https://cdn.sofifa.net/flags/gb-eng.png,-,-,High,Low,77,69,53,71,25,64,44,72,63,61,62,69,56,47,46,71,78,77,76,68,81,71,69,61,70,64,53,22,70,55,58,68,22,18,21,5,6,12,6,14,72,67,68,68,68,67,68,67,60,67,49,47,49,47,43,47,17,Forward,30000,3500000,C. Archer,C. Archer,C,Archer,2023,127,Cameron Archer,eng ENG,FWMF,Aston Villa,eng Premier League,21-299,2001.0,6,0,49,0.5,0,0,0,0,0,0,0,0,0.0,0.0,0.0,0.0,3.0,0.0,3.0,0.0,0.0,0.0,0.0,0.0,0.0,0.0,0.0,0.0,0.0,Matches,20
M. Đurić,Milan Đurić,70,70,ST,Bosnia and Herzegovina,https://cdn.sofifa.net/players/192/840/23_60.png,94,1602,341,Hellas Verona,16000,2200000,SUB,2025,19,2022,-,Right,3,2,1,-,-,-,-,High,Low,53,69,53,56,32,78,55,72,86,59,64,54,54,53,43,65,52,53,33,74,33,73,66,66,92,60,59,30,73,46,72,73,28,24,20,7,5,13,10,8,70,60,63,63,63,60,61,61,57,61,49,49,49,48,50,48,17,Forward,16000,1300000,M. Đurić,M. Đurić,M,Đurić,2023,2825,Milan Đurić,ba BIH,FW,Hellas Verona,it Serie A,32-359,1990.0,25,11,1154,12.8,1,1,2,1,0,0,3,0,1.4,1.4,1.0,2.3,2.0,23.0,64.0,0.08,0.08,0.16,0.08,0.16,0.11,0.08,0.18,0.11,0.18,Matches,32
Andrés Martín,Andrés Martín García,70,79,ST,Spain,https://cdn.sofifa.net/players/246/044/23_60.png,66,1752,376,Rayo Vallecano,11000,8300000,SUB,2024,12,2019,-,Left,5,3,1,-,https://cdn.sofifa.net/flags/es.png,-,-,Medium,Medium,79,70,65,70,27,65,65,72,63,72,68,69,55,49,66,70,79,79,76,68,81,69,63,69,68,68,52,23,70,58,61,62,21,25,22,13,10,8,12,8,72,70,70,70,70,70,71,72,65,72,54,51,54,51,44,51,19,Forward,11000,3600000,Andrés Martín,A. Martín,A,Martín,2023,1642,Andrés Martín,es ESP,FWMF,Rayo Vallecano,es La Liga,23-309,1999.0,8,3,201,2.2,0,0,0,0,0,0,1,0,0.4,0.4,0.5,0.9,3.0,4.0,22.0,0.0,0.0,0.0,0.0,0.0,0.19,0.22,0.41,0.19,0.41,Matches,22
A. Ceesay,Assan Ceesay,70,70,ST,Gambia,https://cdn.sofifa.net/players/220/306/23_60.png,74,1777,383,Lecce,11000,2900000,ST,2024,77,2022,-,Left,2,2,1,-,-,-,-,Medium,Medium,87,69,58,66,34,69,55,71,72,64,68,65,57,42,55,62,88,86,75,68,75,68,79,72,68,67,64,17,72,58,61,68,40,30,28,7,8,8,14,13,70,68,68,68,68,68,68,69,61,69,54,51,54,53,49,53,19,Forward,11000,1600000,A. Ceesay,A. Ceesay,A,Ceesay,2023,499,Assan Ceesay,gm GAM,FW,Lecce,it Serie A,29-060,1994.0,31,19,1649,18.3,6,0,6,5,1,1,2,0,5.0,4.2,0.7,5.0,18.0,16.0,105.0,0.33,0.0,0.33,0.27,0.27,0.27,0.04,0.31,0.23,0.27,Matches,28
J. Ngankam,Jessic Ngankam,69,79,ST,Germany,https://cdn.sofifa.net/players/256/658/23_60.png,84,1682,367,Hertha BSC,11000,6400000,RES,2025,24,2019,-,Right,4,2,1,-,https://cdn.sofifa.net/flags/de.png,-,-,Medium,Medium,74,68,59,70,26,70,69,71,62,65,53,74,48,41,50,66,75,74,68,67,67,69,69,65,74,66,67,12,68,53,67,71,17,36,19,12,8,6,13,11,71,69,68,68,68,69,68,69,61,69,52,48,52,49,45,49,19,Forward,11000,3200000,J. Ngankam,J. Ngankam,J,Ngankam,2023,1871,Jessic Ngankam,de GER,FWMF,Hertha BSC,de Bundesliga,22-300,2000.0,17,7,781,8.7,4,0,4,3,1,1,5,0,4.1,3.3,0.3,3.7,9.0,6.0,39.0,0.46,0.0,0.46,0.35,0.35,0.48,0.04,0.51,0.38,0.42,Matches,21
L. Colombo,Lorenzo Colombo,69,80,ST,Italy,https://cdn.sofifa.net/players/256/899/23_60.png,74,1659,355,Lecce,20000,0,SUB,2023,9,2018,TRUE,Left,3,2,1,-,https://cdn.sofifa.net/flags/it.png,-,-,Medium,Medium,68,70,51,65,29,72,41,69,70,59,62,65,53,48,40,66,67,69,66,65,68,73,75,68,74,72,70,18,74,54,63,60,23,30,20,9,6,7,6,9,71,64,66,66,66,64,65,64,58,64,48,47,48,46,46,46,16,Forward,20000,3100000,L. Colombo,L. Colombo,L,Colombo,2023,561,Lorenzo Colombo,it ITA,FW,Lecce,it Serie A,21-069,2002.0,30,16,1408,15.6,4,2,6,4,0,1,4,0,5.4,4.6,1.4,6.0,13.0,21.0,113.0,0.26,0.13,0.38,0.26,0.38,0.34,0.09,0.43,0.29,0.38,Matches,20
S. Mara,Sékou Mara,69,80,ST,France,https://cdn.sofifa.net/players/257/612/23_60.png,80,1648,356,Southampton,15000,6300000,SUB,2026,18,2022,-,Right,3,3,1,-,https://cdn.sofifa.net/flags/fr.png,-,-,Medium,Medium,75,67,53,68,26,67,40,69,74,65,67,69,48,41,46,68,74,75,67,64,58,68,82,68,73,62,49,22,69,54,64,68,18,23,19,12,6,12,12,10,71,65,67,67,67,65,67,66,60,66,49,47,49,47,44,47,18,Forward,15000,3000000,S. Mara,S. Mara,S,Mara,2023,1611,Sekou Mara,fr FRA,FWMF,Southampton,eng Premier League,20-290,2002.0,22,4,555,6.2,1,2,3,1,0,0,1,0,1.0,1.0,0.8,1.8,7.0,7.0,27.0,0.16,0.32,0.49,0.16,0.49,0.17,0.12,0.29,0.17,0.29,Matches,19
R. Piccoli,Roberto Piccoli,69,79,ST,Italy,https://cdn.sofifa.net/players/248/385/23_60.png,78,1641,352,Hellas Verona,16000,0,SUB,2023,20,2019,TRUE,Right,3,2,1,-,https://cdn.sofifa.net/flags/it.png,-,-,Medium,Medium,72,68,50,63,34,65,42,71,72,59,59,61,41,45,40,67,65,77,56,75,59,68,62,61,69,66,62,25,73,53,57,64,23,38,34,14,13,13,10,11,71,64,67,67,67,64,65,64,59,64,51,50,51,51,50,51,21,Forward,16000,3200000,R. Piccoli,R. Piccoli,R,Piccoli,2023,2070,Roberto Piccoli,it ITA,FW,Hellas Verona,it Serie A,22-109,2001.0,7,2,192,2.1,0,0,0,0,0,0,0,0,0.4,0.4,0.2,0.6,2.0,0.0,8.0,0.0,0.0,0.0,0.0,0.0,0.19,0.08,0.27,0.19,0.27,Matches,21
W. Kanga,Wilfried Kanga,68,75,ST,France,https://cdn.sofifa.net/players/239/589/23_60.png,90,1670,371,Hertha BSC,11000,4800000,ST,2026,18,2022,-,Right,4,3,1,-,https://cdn.sofifa.net/flags/fr.png,-,-,Medium,Medium,76,65,59,69,24,78,65,72,66,61,55,70,53,37,57,72,75,77,69,57,61,65,62,77,87,55,60,28,66,58,58,63,19,15,18,7,13,14,7,14,70,67,67,67,67,67,67,69,61,69,52,49,52,49,44,49,18,Forward,11000,2400000,W. Kanga,W. Kanga,W,Kanga,2023,1324,Wilfried Kanga,ci CIV,FW,Hertha BSC,de Bundesliga,25-084,1998.0,23,15,1417,15.7,2,0,2,2,0,0,3,0,3.3,3.3,1.5,4.8,11.0,12.0,72.0,0.13,0.0,0.13,0.13,0.13,0.21,0.09,0.31,0.21,0.31,Matches,24
Y. Kallon,Yayah Kallon,68,82,ST,Sierra Leone,https://cdn.sofifa.net/players/262/333/23_60.png,72,1680,366,Hellas Verona,2000,0,SUB,2023,30,2021,TRUE,Left,2,3,1,-,-,-,-,High,Low,83,66,58,73,22,64,62,66,58,60,60,76,68,47,42,72,82,84,74,59,80,70,61,73,65,64,51,12,60,62,70,63,18,20,19,7,7,6,10,15,69,69,68,68,68,69,68,69,59,69,51,45,51,47,40,47,17,Forward,2000,3000000,Y. Kallon,Y. Kallon,Y,Kallon,2023,1311,Yayah Kallon,sl SLE,MFFW,Hellas Verona,it Serie A,21-320,2001.0,22,8,860,9.6,1,1,2,1,0,0,1,0,1.7,1.7,1.5,3.2,33.0,22.0,64.0,0.1,0.1,0.21,0.1,0.21,0.17,0.16,0.33,0.17,0.33,Matches,21
R. Højlund,Rasmus Højlund,67,79,ST,Denmark,https://cdn.sofifa.net/players/259/399/23_60.png,79,1663,368,Atalanta,9000,4600000,SUB,2027,17,2022,-,Left,3,2,1,-,https://cdn.sofifa.net/flags/dk.png,-,-,Medium,High,83,67,49,63,29,77,38,67,62,56,56,63,50,48,44,62,81,84,69,64,66,70,58,73,83,66,71,28,66,52,70,59,27,24,15,12,8,9,14,7,69,63,65,65,65,63,64,63,57,63,49,48,49,47,46,47,18,Forward,9000,2400000,R. Højlund,R. Højlund,R,Højlund,2023,1203,Rasmus Højlund,dk DEN,FW,Atalanta,it Serie A,20-101,2003.0,29,17,1576,17.5,7,2,9,7,0,0,1,0,7.7,7.7,2.3,10.0,33.0,35.0,195.0,0.4,0.11,0.51,0.4,0.51,0.44,0.13,0.57,0.44,0.57,Matches,19
Hugo Novoa,Hugo Novoa Ramos,66,79,ST,Spain,https://cdn.sofifa.net/players/258/041/23_60.png,68,1534,323,RB Leipzig,8000,4700000,SUB,2024,38,2020,-,Right,3,3,1,-,https://cdn.sofifa.net/flags/es.png,-,-,Medium,Low,73,66,47,70,22,45,36,70,65,52,55,70,42,38,42,69,66,78,78,67,75,67,65,53,41,58,38,15,68,56,60,54,17,20,18,15,9,14,7,10,68,64,66,66,66,64,65,63,56,63,44,41,44,43,37,43,19,Forward,8000,2000000,Hugo Novoa,H. Novoa,H,Novoa,2023,1893,Hugo Novoa,es ESP,DFFW,RB Leipzig,de Bundesliga,20-135,2003.0,7,2,184,2.0,1,0,1,1,0,0,0,0,0.9,0.9,0.0,0.9,5.0,4.0,20.0,0.49,0.0,0.49,0.49,0.49,0.43,0.02,0.45,0.43,0.45,Matches,19
D. Strelec,David Strelec,64,72,ST,Slovakia,https://cdn.sofifa.net/players/264/692/23_60.png,75,1538,325,Spezia,4000,2600000,SUB,2026,44,2021,-,Left,3,2,1,-,-,-,-,Medium,Medium,55,64,53,62,34,57,38,68,70,63,47,64,49,40,53,65,57,53,50,64,59,66,62,54,62,57,49,29,64,57,62,59,28,32,28,15,7,11,9,6,66,60,63,63,63,60,63,61,59,61,48,49,48,46,46,46,17,Forward,4000,1300000,D. Strelec,D. Strelec,D,Strelec,2023,2484,Dávid Strelec,sk SVK,FW,Spezia,it Serie A,22-042,2001.0,7,1,169,1.9,0,0,0,0,0,0,0,0,0.5,0.5,0.1,0.6,2.0,1.0,14.0,0.0,0.0,0.0,0.0,0.0,0.28,0.05,0.33,0.28,0.33,Matches,21
Pablo Rodríguez,Pablo Rodríguez Delgado,64,77,ST,Spain,https://cdn.sofifa.net/players/259/105/23_60.png,70,1489,312,Lecce,3000,3400000,RES,2024,99,2020,-,Right,4,3,1,-,https://cdn.sofifa.net/flags/es.png,-,-,Medium,Medium,69,66,49,63,16,49,36,67,59,57,62,64,59,48,45,62,67,70,62,58,65,64,59,55,52,66,32,11,70,49,67,59,12,12,11,5,10,9,15,9,66,61,63,63,63,61,62,61,54,61,41,38,41,38,33,38,17,Forward,3000,1400000,Pablo Rodríguez,P. Rodríguez,P,Rodríguez,2023,2216,Pablo Rodríguez,es ESP,FWMF,Lecce,it Serie A,21-285,2001.0,4,0,54,0.6,0,0,0,0,0,0,0,0,0.0,0.0,0.0,0.0,2.0,3.0,7.0,0.0,0.0,0.0,0.0,0.0,0.0,0.04,0.04,0.0,0.04,Matches,20
M. Ellertsson,Mikael Egill Ellertsson,63,79,ST,Iceland,https://cdn.sofifa.net/players/264/436/23_60.png,75,1568,333,Spezia,3000,3200000,RES,2026,28,2021,-,Left,3,3,1,-,https://cdn.sofifa.net/flags/is.png,-,-,High,Low,64,67,57,68,30,47,59,67,46,62,56,72,64,45,56,68,67,62,69,54,65,76,46,43,52,61,39,23,59,49,64,53,27,31,32,11,11,10,13,9,65,64,63,63,63,64,64,64,58,64,49,46,49,47,41,47,18,Forward,3000,1300000,M. Ellertsson,M. Ellertsson,M,Ellertsson,2023,820,Mikael Ellertsson,is ISL,MFDF,Spezia,it Serie A,21-066,2002.0,11,1,171,1.9,0,0,0,0,0,0,3,0,0.1,0.1,0.0,0.2,3.0,3.0,4.0,0.0,0.0,0.0,0.0,0.0,0.07,0.01,0.08,0.07,0.08,Matches,20
D. Scherhant,Derry Scherhant,60,72,ST,Germany,https://cdn.sofifa.net/players/269/705/23_60.png,76,1483,318,Hertha BSC,3000,1200000,RES,2025,39,2022,-,Right,3,3,1,-,https://cdn.sofifa.net/flags/de.png,-,-,High,Medium,67,59,51,62,23,56,47,61,56,58,59,64,65,33,38,59,68,66,63,60,58,60,62,52,59,52,52,16,62,55,60,57,20,21,19,5,11,8,6,8,62,60,60,60,60,60,61,60,53,60,44,42,44,42,39,42,15,Forward,3000,600000,D. Scherhant,D. Scherhant,D,Scherhant,2023,2337,Derry Scherhant,de GER,FWMF,Hertha BSC,de Bundesliga,20-187,2002.0,9,2,240,2.7,1,0,1,1,0,0,0,0,0.2,0.2,0.1,0.3,4.0,1.0,13.0,0.37,0.0,0.37,0.37,0.37,0.08,0.04,0.12,0.08,0.12,Matches,19
