,ID,Name,Age,Overall,Potential,Club,Value,Wage,International Reputation,Weak Foot,Skill Moves,Work Rate,Body Type,Position,Height,Weight,Crossing,Finishing,HeadingAccuracy,ShortPassing,Volleys,Dribbling,Curve,FKAccuracy,LongPassing,BallControl,Acceleration,SprintSpeed,Agility,Reactions,Balance,ShotPower,Jumping,Stamina,Strength,LongShots,Aggression,Interceptions,Positioning,Vision,Penalties,Composure,Marking,StandingTackle,SlidingTackle,GKDiving,GKHandling,GKKicking,GKPositioning,GKReflexes,Best Position,DefensiveAwareness,version,Next_Overall,Next_Year_Club,Name_Adjusted,First Initial,Last Name,Player,Team,Nation,Pos,MP,Starts,Min,90s,Gls,Ast,G-PK,PK,PKatt,CrdY,CrdR,Gls.1,Ast.1,G+A,G-PK.1,G+A-PK,xG,npxG,xA,npxG+xA,xG.1,xA.1,xG+xA,npxG.1,npxG+xA.1,First Name,Name_Adjusted_stats_df
0,212198,Bruno Fernandes,26,88,89,Manchester United,107500000,250000,3.0,3.0,4.0,High/ High,Unique,Midfielder,179cm,69kg,87,83,64,91,87,83,87,87,88,87,77,73,80,91,79,89,73,91,70,89,78,66,87,90,91,87,,73,65,12.0,14.0,15.0,8.0,14.0,CAM,72,2022,86.0,Manchester United,B. Fernandes,B,Fernandes,Bruno Fernandes,Manchester United,pt POR,MF,36,35,"3,111",34.6,10.0,6.0,10.0,0.0,2.0,10.0,0.0,0.29,0.17,0.46,0.29,0.46,9.7,8.2,8.4,16.6,0.28,0.24,0.53,0.24,0.48,Bruno,B. Fernandes
1,192985,K. De Bruyne,30,91,91,Manchester City,125500000,350000,4.0,5.0,4.0,High/ High,Unique,Midfielder,181cm,70kg,94,82,55,94,82,88,85,83,93,91,76,76,79,91,78,91,63,89,74,91,76,66,88,94,83,89,,65,53,15.0,13.0,5.0,10.0,13.0,CM,68,2022,91.0,Manchester City,K. De. Bruyne,K,De Bruyne,Kevin De Bruyne,Manchester City,be BEL,MF,30,25,"2,201",24.5,15.0,8.0,15.0,0.0,0.0,2.0,0.0,0.61,0.33,0.94,0.61,0.94,6.4,6.4,9.5,15.9,0.26,0.39,0.65,0.26,0.65,Kevin,K. De. Bruyne
5,195864,P. Pogba,28,87,87,Manchester United,79500000,220000,4.0,4.0,5.0,High/ Medium,Unique,Midfielder,191cm,84kg,77,75,74,88,84,88,85,82,92,90,63,77,73,83,67,90,82,77,89,84,78,65,80,89,81,88,,67,63,5.0,6.0,2.0,4.0,3.0,CM,59,2022,85.0,Juventus,P. Pogba,P,Pogba,Paul Pogba,Manchester United,fr FRA,"MF,FW",20,16,"1,349",15.0,1.0,9.0,1.0,0.0,0.0,7.0,1.0,0.07,0.6,0.67,0.07,0.67,2.4,2.4,3.5,6.0,0.16,0.24,0.4,0.16,0.4,Paul,P. Pogba
8,183711,J. Henderson,31,84,84,Liverpool,29500000,140000,3.0,3.0,3.0,High/ High,Normal (170-185),Midfielder,182cm,80kg,82,73,65,85,71,78,80,74,87,83,67,66,69,85,68,77,78,86,78,75,83,81,78,80,64,82,,81,76,7.0,13.0,7.0,9.0,13.0,CDM,79,2022,83.0,Liverpool,J. Henderson,J,Henderson,Jordan Henderson,Liverpool,eng ENG,MF,35,29,"2,597",28.9,2.0,5.0,2.0,0.0,0.0,3.0,0.0,0.07,0.17,0.24,0.07,0.24,1.5,1.5,3.8,5.3,0.05,0.13,0.18,0.05,0.18,Jordan,J. Henderson
11,216393,Y. Tielemans,24,84,87,Leicester City,57000000,125000,2.0,5.0,4.0,Medium/ Medium,Normal (170-185),Midfielder,176cm,72kg,82,74,67,89,78,79,81,78,88,85,67,59,67,83,77,87,66,81,69,86,68,74,80,87,73,86,,73,69,6.0,8.0,10.0,14.0,12.0,CM,70,2022,84.0,Leicester City,Y. Tielemans,Y,Tielemans,Youri Tielemans,Leicester City,be BEL,MF,32,29,"2,631",29.2,6.0,4.0,4.0,2.0,2.0,3.0,0.0,0.21,0.14,0.34,0.14,0.27,4.6,3.1,4.9,7.9,0.16,0.17,0.32,0.11,0.27,Youri,Y. Tielemans
14,215914,N. Kanté,30,90,90,Chelsea,100000000,230000,4.0,3.0,2.0,Medium/ High,Unique,Midfielder,168cm,70kg,68,65,54,82,56,79,49,49,79,81,82,75,82,93,92,71,77,97,72,65,93,91,72,78,54,84,,93,86,15.0,12.0,10.0,7.0,10.0,CDM,90,2022,89.0,Chelsea,N. Kanté,N,Kanté,N'Golo Kanté,Chelsea,fr FRA,MF,26,21,"1,773",19.7,2.0,4.0,2.0,0.0,0.0,2.0,0.0,0.1,0.2,0.3,0.1,0.3,1.8,1.8,2.3,4.2,0.09,0.12,0.21,0.09,0.21,N'Golo,N. Kanté
15,226226,G. Lo Celso,25,81,85,Tottenham Hotspur,35500000,95000,1.0,3.0,4.0,High/ High,Normal (170-185),Midfielder,177cm,68kg,79,75,60,84,69,83,82,79,83,85,76,75,83,82,80,82,57,76,70,75,82,70,76,83,65,80,,75,68,10.0,7.0,10.0,15.0,14.0,CAM,64,2022,81.0,Tottenham Hotspur,G. Lo. Celso,G,Lo Celso,Giovani Lo Celso,Tottenham Hotspur,ar ARG,"MF,FW",9,2,238,2.6,0.0,0.0,0.0,0.0,0.0,0.0,0.0,0.0,0.0,0.0,0.0,0.0,0.7,0.7,0.6,1.4,0.28,0.24,0.52,0.28,0.52,Giovani,G. Lo. Celso
16,209297,Fred,28,81,81,Manchester United,22500000,120000,3.0,4.0,4.0,High/ High,Lean (170-),Midfielder,169cm,62kg,70,60,52,82,65,79,76,74,80,80,81,74,88,86,87,77,80,93,52,68,87,83,70,73,64,79,,80,70,7.0,16.0,15.0,11.0,15.0,CDM,74,2022,80.0,Manchester United,F,,F,Fred,Manchester United,br BRA,MF,28,24,"2,028",22.5,4.0,4.0,4.0,0.0,0.0,5.0,0.0,0.18,0.18,0.36,0.18,0.36,1.5,1.5,2.0,3.4,0.07,0.09,0.15,0.07,0.15,Fred,F
17,224293,Rúben Neves,24,82,87,Wolverhampton Wanderers,46000000,89000,2.0,4.0,3.0,Low/ High,Normal (170-185),Midfielder,180cm,80kg,78,66,53,88,82,76,85,84,85,82,64,54,68,80,73,86,67,79,67,84,83,78,65,86,76,84,,77,70,16.0,12.0,10.0,8.0,10.0,CM,76,2022,83.0,Wolverhampton Wanderers,R. Neves,R,Neves,Rúben Neves,Wolverhampton Wanderers,pt POR,MF,33,31,"2,661",29.6,4.0,2.0,4.0,0.0,0.0,9.0,0.0,0.14,0.07,0.2,0.14,0.2,1.2,1.2,2.2,3.4,0.04,0.07,0.12,0.04,0.12,Rúben,R. Neves
18,209499,Fabinho,27,86,88,Liverpool,73500000,165000,3.0,2.0,3.0,Medium/ High,Unique,Midfielder,188cm,78kg,75,63,75,84,47,78,71,53,82,81,65,68,64,86,64,81,75,88,81,70,85,87,70,75,90,84,,87,85,13.0,12.0,6.0,8.0,8.0,CDM,86,2022,87.0,Liverpool,F,,F,Fabinho,Liverpool,br BRA,MF,29,26,"2,314",25.7,5.0,1.0,3.0,2.0,2.0,7.0,0.0,0.19,0.04,0.23,0.12,0.16,3.4,1.9,1.4,3.3,0.13,0.05,0.19,0.07,0.13,Fabinho,F
20,209989,T. Partey,28,83,83,Arsenal,36500000,115000,2.0,3.0,3.0,Medium/ High,Normal (185+),Midfielder,185cm,77kg,74,66,68,87,56,84,69,70,85,83,63,74,75,82,50,86,83,83,84,78,84,81,70,85,49,86,,84,80,11.0,13.0,9.0,9.0,7.0,CM,80,2022,84.0,Arsenal,T. Partey,T,Partey,Thomas Partey,Arsenal,gh GHA,MF,24,23,"2,028",22.5,2.0,1.0,2.0,0.0,0.0,6.0,0.0,0.09,0.04,0.13,0.09,0.13,2.5,2.5,1.3,3.8,0.11,0.06,0.17,0.11,0.17,Thomas,T. Partey
23,231677,M. Rashford,23,85,89,Manchester United,77500000,150000,3.0,3.0,5.0,High/ Medium,Unique,Midfielder,186cm,70kg,80,83,68,80,73,86,83,76,71,84,86,93,84,84,75,92,74,86,75,81,73,42,83,81,84,80,,38,33,11.0,6.0,15.0,7.0,14.0,CAM,45,2022,81.0,Manchester United,M. Rashford,M,Rashford,Marcus Rashford,Manchester United,eng ENG,"FW,MF",25,13,"1,235",13.7,4.0,2.0,4.0,0.0,0.0,2.0,0.0,0.29,0.15,0.44,0.29,0.44,2.4,2.4,2.0,4.4,0.18,0.14,0.32,0.18,0.32,Marcus,M. Rashford
24,221363,D. van de Beek,24,81,86,Manchester United,38500000,110000,3.0,3.0,3.0,High/ Medium,Unique,Midfielder,184cm,74kg,67,78,69,81,80,76,78,65,78,85,67,69,75,81,69,83,71,84,74,78,76,73,80,79,61,84,,73,68,7.0,12.0,8.0,10.0,14.0,CM,72,2022,79.0,Manchester United,D. van. de. Beek,D,van de Beek,Donny van de Beek,Manchester United,nl NED,MF,8,0,75,0.8,1.0,0.0,1.0,0.0,0.0,0.0,0.0,1.2,0.0,1.2,1.2,1.2,0.7,0.7,0.5,1.2,0.88,0.58,1.46,0.88,1.46,Donny,D. van. de. Beek
25,138412,J. Milner,35,79,79,Liverpool,7000000,76000,2.0,4.0,3.0,Medium/ High,Stocky (170-185),Midfielder,175cm,70kg,85,62,65,82,76,76,81,75,80,81,60,52,68,84,72,82,62,77,70,70,86,78,71,77,89,84,,80,78,12.0,9.0,10.0,8.0,6.0,CDM,77,2022,78.0,Liverpool,J. Milner,J,Milner,James Milner,Liverpool,eng ENG,"MF,DF",24,9,853,9.5,0.0,1.0,0.0,0.0,0.0,2.0,0.0,0.0,0.11,0.11,0.0,0.11,0.3,0.3,2.2,2.4,0.03,0.23,0.26,0.03,0.26,James,J. Milner
26,205569,J. Ward-Prowse,26,81,84,Southampton,33500000,69000,2.0,3.0,3.0,Medium/ High,Normal (170-185),Midfielder,173cm,66kg,89,71,57,85,51,76,92,92,84,82,66,54,75,75,76,82,65,91,64,79,73,67,65,82,79,77,,74,65,12.0,12.0,10.0,15.0,15.0,CM,64,2022,81.0,Southampton,J. Ward-Prowse,J,Ward-Prowse,James Ward-Prowse,Southampton,eng ENG,MF,36,36,"3,215",35.7,10.0,5.0,6.0,4.0,4.0,3.0,1.0,0.28,0.14,0.42,0.17,0.31,5.4,2.3,6.2,8.5,0.15,0.17,0.32,0.07,0.24,James,J. Ward-Prowse
27,135507,Fernandinho,36,83,83,Manchester City,7000000,100000,3.0,4.0,3.0,Medium/ High,Lean (170-185),Midfielder,179cm,67kg,68,66,71,83,70,76,68,71,81,81,67,52,69,86,77,83,84,66,75,76,86,85,70,66,61,81,,85,80,12.0,11.0,5.0,13.0,7.0,CDM,87,2022,81.0,Manchester City,F,,F,Fernandinho,Manchester City,br BRA,"MF,DF",19,10,964,10.7,2.0,1.0,2.0,0.0,0.0,1.0,0.0,0.19,0.09,0.28,0.19,0.28,1.6,1.6,0.9,2.5,0.15,0.08,0.24,0.15,0.24,Fernandinho,F
30,205498,Jorginho,29,85,85,Chelsea,52500000,170000,2.0,3.0,3.0,Medium/ Medium,Lean (170-185),Midfielder,180cm,68kg,75,64,56,92,71,79,75,76,89,87,61,50,77,82,72,71,58,87,66,62,79,81,69,88,91,81,,81,71,14.0,7.0,13.0,14.0,8.0,CM,67,2022,85.0,Chelsea,J,,J,Jorginho,Chelsea,it ITA,MF,29,26,"2,273",25.3,6.0,2.0,0.0,6.0,7.0,5.0,0.0,0.24,0.08,0.32,0.0,0.08,5.7,0.4,2.8,3.2,0.23,0.11,0.34,0.02,0.13,Jorginho,J
32,199914,Allan,30,83,83,Everton,30500000,100000,2.0,3.0,4.0,Medium/ High,Normal (170-185),Midfielder,175cm,74kg,72,73,56,83,56,81,68,49,80,82,77,68,78,84,86,73,64,92,70,69,89,78,77,77,53,85,,87,82,13.0,13.0,5.0,5.0,8.0,CDM,82,2022,80.0,Everton,A,,A,Allan,Everton,br BRA,MF,28,25,"2,183",24.3,0.0,2.0,0.0,0.0,0.0,7.0,1.0,0.0,0.08,0.08,0.0,0.08,0.2,0.2,0.9,1.1,0.01,0.04,0.04,0.01,0.04,Allan,A
33,218667,Bernardo Silva,26,86,86,Manchester City,74000000,200000,2.0,3.0,4.0,High/ High,Lean (170-185),Midfielder,173cm,64kg,85,77,51,86,70,92,84,67,76,90,83,77,94,84,92,76,51,93,54,76,70,54,83,84,68,87,,63,45,9.0,10.0,14.0,12.0,9.0,CAM,49,2022,88.0,Manchester City,B. Silva,B,Silva,Bernardo Silva,Manchester City,pt POR,"MF,FW",35,33,"2,857",31.7,8.0,4.0,8.0,0.0,0.0,6.0,0.0,0.25,0.13,0.38,0.25,0.38,6.8,6.8,5.2,12.0,0.21,0.16,0.38,0.21,0.38,Bernardo,B. Silva
34,162347,João Moutinho,34,80,80,Wolverhampton Wanderers,9500000,88000,3.0,4.0,3.0,Medium/ High,Normal (170-),Midfielder,170cm,61kg,85,68,68,86,76,76,84,82,83,85,55,45,75,75,85,77,69,75,57,77,74,70,68,83,70,89,,70,68,13.0,15.0,15.0,13.0,13.0,CM,71,2022,81.0,Wolverhampton Wanderers,J. Moutinho,J,Moutinho,João Moutinho,Wolverhampton Wanderers,pt POR,MF,35,34,"2,970",33.0,2.0,1.0,2.0,0.0,0.0,4.0,0.0,0.06,0.03,0.09,0.06,0.09,1.0,1.0,2.4,3.5,0.03,0.07,0.11,0.03,0.11,João,J. Moutinho
36,198784,A. Oxlade-Chamberlain,27,79,79,Liverpool,18500000,100000,2.0,4.0,4.0,High/ High,Normal (170-185),Midfielder,175cm,70kg,78,70,39,80,60,83,73,60,75,83,82,81,79,78,87,83,69,80,70,78,77,73,79,79,69,77,,72,68,16.0,9.0,6.0,9.0,9.0,CAM,68,2022,77.0,Liverpool,A. Oxlade-Chamberlain,A,Oxlade-Chamberlain,Alex Oxlade-Chamberlain,Liverpool,eng ENG,"MF,FW",17,9,785,8.7,2.0,1.0,2.0,0.0,0.0,0.0,0.0,0.23,0.11,0.34,0.23,0.34,1.2,1.2,0.9,2.1,0.14,0.11,0.24,0.14,0.24,Alex,A. Oxlade-Chamberlain
37,235569,T. Ndombele,24,82,87,Tottenham Hotspur,46000000,95000,1.0,3.0,4.0,Medium/ Medium,Unique,Midfielder,179cm,76kg,75,70,56,85,62,89,76,62,81,87,73,69,84,81,91,80,60,69,74,75,73,72,72,87,60,87,,74,69,8.0,10.0,13.0,8.0,7.0,CAM,66,2022,79.0,Tottenham Hotspur,T. Ndombele,T,Ndombele,Tanguy Ndombele,Tottenham Hotspur,fr FRA,MF,9,6,484,5.4,1.0,1.0,1.0,0.0,0.0,1.0,0.0,0.19,0.19,0.37,0.19,0.37,0.5,0.5,0.4,0.9,0.09,0.07,0.16,0.09,0.16,Tanguy,T. Ndombele
38,210896,M. Sanson,26,76,77,Aston Villa,9000000,56000,2.0,4.0,4.0,Medium/ Medium,Normal (170-185),Midfielder,180cm,73kg,74,71,65,77,72,76,76,68,78,76,75,69,78,76,68,79,76,81,76,72,73,71,74,78,68,77,,74,71,6.0,16.0,16.0,9.0,9.0,CAM,68,2022,76.0,Aston Villa,M. Sanson,M,Sanson,Morgan Sanson,Aston Villa,fr FRA,MF,10,3,356,4.0,0.0,0.0,0.0,0.0,0.0,0.0,0.0,0.0,0.0,0.0,0.0,0.0,0.0,0.0,0.0,0.0,0.0,0.0,0.01,0.0,0.01,Morgan,M. Sanson
39,211117,D. Alli,25,80,82,Tottenham Hotspur,26500000,90000,3.0,3.0,4.0,High/ Medium,Unique,Midfielder,188cm,80kg,72,80,79,82,79,83,77,60,80,84,67,68,76,80,66,78,71,80,75,74,70,60,82,82,80,85,,65,60,7.0,6.0,9.0,11.0,8.0,CAM,64,2022,77.0,Everton,D. Alli,D,Alli,Dele Alli,Tottenham Hotspur,eng ENG,"MF,FW",10,8,657,7.3,1.0,0.0,0.0,1.0,1.0,1.0,0.0,0.14,0.0,0.14,0.0,0.0,1.5,0.7,0.8,1.5,0.2,0.11,0.31,0.1,0.21,Dele,D. Alli
43,210881,J. McGinn,26,78,81,Aston Villa,16500000,58000,2.0,3.0,3.0,High/ High,Normal (170-185),Midfielder,178cm,68kg,64,71,59,80,71,80,66,61,83,78,73,67,77,76,80,83,75,90,75,73,79,73,72,76,55,68,,75,69,9.0,13.0,12.0,10.0,12.0,CM,69,2022,79.0,Aston Villa,J. McGinn,J,McGinn,John McGinn,Aston Villa,sct SCO,MF,35,35,"3,090",34.3,3.0,4.0,3.0,0.0,0.0,8.0,0.0,0.09,0.12,0.2,0.09,0.2,1.5,1.5,4.9,6.4,0.04,0.14,0.19,0.04,0.19,John,J. McGinn
44,236480,Y. Bissouma,24,79,84,Brighton & Hove Albion,24500000,50000,1.0,3.0,4.0,High/ Medium,Normal (170-185),Midfielder,182cm,80kg,65,58,65,80,65,80,62,75,77,78,69,71,73,79,77,82,80,80,73,79,74,81,68,76,58,75,,83,76,12.0,8.0,8.0,12.0,8.0,CM,73,2022,81.0,Tottenham Hotspur,Y. Bissouma,Y,Bissouma,Yves Bissouma,Brighton & Hove Albion,ml MLI,MF,26,25,"2,111",23.5,1.0,2.0,1.0,0.0,0.0,10.0,0.0,0.04,0.09,0.13,0.04,0.13,0.9,0.9,0.8,1.7,0.04,0.03,0.07,0.04,0.07,Yves,Y. Bissouma
45,237238,S. McTominay,24,80,84,Manchester United,27500000,90000,2.0,3.0,3.0,Medium/ High,Normal (185+),Midfielder,193cm,88kg,68,71,78,81,62,78,72,53,78,76,62,69,66,79,60,85,73,84,84,81,88,76,71,75,60,78,,81,74,9.0,6.0,6.0,10.0,11.0,CDM,76,2022,80.0,Manchester United,S. McTominay,S,McTominay,Scott McTominay,Manchester United,sct SCO,MF,30,28,"2,387",26.5,1.0,1.0,1.0,0.0,0.0,9.0,0.0,0.04,0.04,0.08,0.04,0.08,1.5,1.5,1.8,3.3,0.06,0.07,0.12,0.06,0.12,Scott,S. McTominay
47,233064,M. Mount,22,83,89,Chelsea,58500000,120000,3.0,4.0,3.0,High/ High,Lean (170-185),Midfielder,178cm,70kg,82,79,59,86,75,82,81,83,83,85,77,71,80,84,76,81,54,86,54,82,68,59,81,83,60,84,,57,41,11.0,12.0,13.0,8.0,12.0,CAM,54,2022,84.0,Chelsea,M. Mount,M,Mount,Mason Mount,Chelsea,eng ENG,"MF,FW",32,27,"2,363",26.3,11.0,10.0,10.0,1.0,1.0,4.0,0.0,0.42,0.38,0.8,0.38,0.76,8.9,8.1,6.7,14.8,0.34,0.25,0.59,0.31,0.56,Mason,M. Mount
49,231866,Rodri,25,86,89,Manchester City,81000000,175000,3.0,4.0,3.0,Medium/ High,Normal (185+),Midfielder,191cm,82kg,63,64,78,85,59,78,65,54,83,82,60,62,65,80,65,83,72,87,82,76,76,83,75,81,46,83,,84,78,10.0,10.0,7.0,14.0,8.0,CDM,83,2022,87.0,Manchester City,R,,R,Rodri,Manchester City,es ESP,MF,33,33,"2,884",32.0,7.0,2.0,7.0,0.0,0.0,5.0,0.0,0.22,0.06,0.28,0.22,0.28,2.7,2.7,1.4,4.1,0.08,0.04,0.13,0.08,0.13,Rodri,R
50,207494,J. Lingard,28,79,79,Manchester United,17500000,115000,2.0,3.0,4.0,High/ Medium,Lean (170-185),Midfielder,175cm,60kg,74,78,67,78,76,80,79,68,65,80,78,75,83,81,84,79,65,79,60,81,74,54,83,79,70,77,,57,49,14.0,10.0,8.0,13.0,9.0,CAM,63,2022,78.0,Nottingham Forest,J. Lingard,J,Lingard,Jesse Lingard,Manchester United,eng ENG,"FW,MF",16,2,367,4.1,2.0,0.0,2.0,0.0,0.0,1.0,0.0,0.49,0.0,0.49,0.49,0.49,0.7,0.7,0.4,1.1,0.17,0.1,0.26,0.17,0.26,Jesse,J. Lingard
52,212501,L. Dendoncker,26,77,80,Wolverhampton Wanderers,13500000,71000,2.0,4.0,2.0,High/ High,Normal (185+),Midfielder,189cm,88kg,75,66,79,81,71,73,73,71,78,76,53,68,55,73,54,85,73,83,85,76,75,77,76,75,55,77,,78,75,14.0,8.0,14.0,14.0,6.0,CM,78,2022,76.0,Wolverhampton Wanderers,L. Dendoncker,L,Dendoncker,Leander Dendoncker,Wolverhampton Wanderers,be BEL,MF,30,21,"1,950",21.7,2.0,2.0,2.0,0.0,0.0,4.0,0.0,0.09,0.09,0.18,0.09,0.18,2.6,2.6,0.9,3.5,0.12,0.04,0.16,0.12,0.16,Leander,L. Dendoncker
55,213648,P. Højbjerg,25,83,86,Tottenham Hotspur,43500000,105000,2.0,4.0,3.0,Medium/ High,Normal (185+),Midfielder,185cm,84kg,66,65,65,83,60,76,70,74,80,80,58,61,65,82,64,84,65,88,78,79,87,82,65,73,51,82,,84,72,9.0,7.0,12.0,11.0,11.0,CDM,84,2022,83.0,Tottenham Hotspur,P. Højbjerg,P,Højbjerg,Pierre Højbjerg,Tottenham Hotspur,dk DEN,MF,36,36,"3,196",35.5,2.0,2.0,2.0,0.0,0.0,3.0,0.0,0.06,0.06,0.11,0.06,0.11,2.0,2.0,2.5,4.5,0.06,0.07,0.13,0.06,0.13,Pierre,P. Højbjerg
56,222665,M. Ødegaard,22,82,88,Arsenal,49000000,89000,3.0,2.0,5.0,High/ Medium,Lean (170-185),Midfielder,178cm,68kg,84,73,52,83,73,85,81,83,81,85,80,75,85,74,83,76,46,78,56,77,63,65,76,86,63,76,,49,51,14.0,15.0,15.0,8.0,10.0,CAM,65,2022,84.0,Arsenal,M. Ødegaard,M,Ødegaard,Martin Ødegaard,Arsenal,no NOR,MF,36,32,"2,785",30.9,7.0,4.0,7.0,0.0,0.0,4.0,0.0,0.23,0.13,0.36,0.23,0.36,4.8,4.8,6.8,11.6,0.16,0.22,0.38,0.16,0.38,Martin,M. Ødegaard
57,224081,K. Phillips,25,81,85,Leeds United,32500000,82000,2.0,3.0,3.0,Medium/ High,Stocky (170-185),Midfielder,178cm,72kg,70,62,65,80,55,73,62,71,82,79,69,66,72,76,72,75,82,85,78,67,86,77,66,74,58,78,,82,77,8.0,8.0,8.0,12.0,14.0,CDM,79,2022,81.0,Manchester City,K. Phillips,K,Phillips,Kalvin Phillips,Leeds United,eng ENG,MF,20,18,"1,596",17.7,0.0,1.0,0.0,0.0,0.0,4.0,0.0,0.0,0.06,0.06,0.0,0.06,0.6,0.6,0.2,0.9,0.04,0.01,0.05,0.04,0.05,Kalvin,K. Phillips
58,200949,Lucas Moura,28,81,81,Tottenham Hotspur,26000000,105000,3.0,4.0,4.0,High/ Medium,Unique,Midfielder,174cm,70kg,70,79,65,72,70,88,71,71,66,82,93,88,93,79,92,85,95,75,57,75,78,50,78,70,74,81,,43,44,9.0,10.0,14.0,7.0,14.0,RM,31,2022,80.0,Tottenham Hotspur,L. Moura,L,Moura,Lucas Moura,Tottenham Hotspur,br BRA,"FW,MF",34,19,"1,775",19.7,2.0,6.0,2.0,0.0,0.0,4.0,0.0,0.1,0.3,0.41,0.1,0.41,3.7,3.7,4.4,8.1,0.19,0.23,0.41,0.19,0.41,Lucas,L. Moura
59,220697,J. Maddison,24,82,85,Leicester City,41500000,100000,1.0,4.0,4.0,High/ Medium,Lean (170-185),Midfielder,175cm,73kg,81,75,35,84,70,84,85,84,82,86,78,72,86,76,83,83,54,74,51,80,68,44,80,87,74,84,,65,42,11.0,14.0,14.0,12.0,14.0,CAM,59,2022,82.0,Leicester City,J. Maddison,J,Maddison,James Maddison,Leicester City,eng ENG,"MF,FW",35,28,"2,459",27.3,12.0,8.0,12.0,0.0,0.0,3.0,0.0,0.44,0.29,0.73,0.44,0.73,8.2,8.2,4.8,13.0,0.3,0.18,0.48,0.3,0.48,James,J. Maddison
60,208135,A. Doucouré,28,79,79,Everton,17500000,87000,2.0,3.0,3.0,High/ High,Unique,Midfielder,184cm,76kg,68,76,66,79,68,77,41,42,76,80,66,74,65,79,68,84,73,89,80,75,75,80,77,76,54,74,,80,76,15.0,12.0,12.0,15.0,14.0,CM,75,2022,79.0,Everton,A. Doucouré,A,Doucouré,Abdoulaye Doucouré,Everton,ml MLI,MF,30,29,"2,537",28.2,2.0,4.0,2.0,0.0,0.0,6.0,0.0,0.07,0.14,0.21,0.07,0.21,2.7,2.7,2.2,4.9,0.1,0.08,0.17,0.1,0.17,Abdoulaye,A. Doucouré
62,243231,E. Mwepu,23,75,81,Brighton & Hove Albion,9000000,42000,1.0,3.0,3.0,High/ High,Normal (170-185),Midfielder,184cm,76kg,66,72,61,76,71,76,66,58,71,76,78,85,75,75,65,78,73,90,75,75,78,73,73,70,59,76,,74,69,15.0,7.0,12.0,14.0,8.0,CAM,70,2022,76.0,Brighton & Hove Albion,E. Mwepu,E,Mwepu,Enock Mwepu,Brighton & Hove Albion,zm ZAM,"MF,FW",18,12,996,11.1,2.0,4.0,2.0,0.0,0.0,2.0,0.0,0.18,0.36,0.54,0.18,0.54,1.9,1.9,1.4,3.2,0.17,0.12,0.29,0.17,0.29,Enock,E. Mwepu
63,223154,O. Tufan,26,76,79,Watford,9500000,44000,1.0,3.0,3.0,Medium/ Medium,Normal (170-185),Midfielder,179cm,80kg,62,71,62,78,55,79,71,65,76,74,74,76,76,71,69,81,72,91,79,77,79,76,74,73,53,76,,76,73,6.0,14.0,8.0,7.0,15.0,CM,70,2022,74.0,Hull City,O. Tufan,O,Tufan,Ozan Tufan,Watford,tr TUR,MF,7,4,334,3.7,0.0,0.0,0.0,0.0,0.0,0.0,0.0,0.0,0.0,0.0,0.0,0.0,0.5,0.5,0.2,0.8,0.14,0.07,0.2,0.14,0.2,Ozan,O. Tufan
65,234457,O. Etebo,25,72,76,Watford,3200000,20000,1.0,4.0,3.0,High/ High,Normal (170-185),Midfielder,176cm,70kg,61,59,68,72,66,74,62,66,70,76,79,76,84,73,77,80,85,87,77,62,80,68,65,67,69,68,,73,72,10.0,12.0,13.0,12.0,15.0,CDM,72,2022,72.0,Stoke City,O. Etebo,O,Etebo,Oghenekaro Etebo,Watford,ng NGA,MF,9,4,401,4.5,0.0,0.0,0.0,0.0,0.0,3.0,0.0,0.0,0.0,0.0,0.0,0.0,0.0,0.0,0.1,0.1,0.01,0.01,0.02,0.01,0.02,Oghenekaro,O. Etebo
67,202282,S. Armstrong,29,77,77,Southampton,10500000,54000,1.0,4.0,3.0,High/ High,Normal (170-185),Midfielder,183cm,75kg,72,76,66,77,62,77,75,74,74,76,72,73,77,77,65,80,71,83,68,82,69,69,76,75,64,70,,67,60,14.0,8.0,13.0,11.0,13.0,RM,63,2022,76.0,Southampton,S. Armstrong,S,Armstrong,Stuart Armstrong,Southampton,sct SCO,MF,25,15,"1,473",16.4,2.0,0.0,2.0,0.0,0.0,1.0,0.0,0.12,0.0,0.12,0.12,0.12,2.8,2.8,1.4,4.1,0.17,0.08,0.25,0.17,0.25,Stuart,S. Armstrong
68,189280,A. Westwood,31,78,78,Burnley,10000000,36000,1.0,3.0,3.0,Medium/ Medium,Normal (170-185),Midfielder,175cm,73kg,82,55,60,80,56,70,83,80,79,77,63,53,74,77,78,76,67,86,68,65,81,76,68,77,64,77,,76,73,10.0,13.0,13.0,7.0,8.0,CDM,76,2022,76.0,Burnley,A. Westwood,A,Westwood,Ashley Westwood,Burnley,eng ENG,MF,27,26,"2,287",25.4,0.0,3.0,0.0,0.0,0.0,7.0,0.0,0.0,0.12,0.12,0.0,0.12,0.8,0.8,3.6,4.3,0.03,0.14,0.17,0.03,0.17,Ashley,A. Westwood
69,247028,A. Král,23,75,83,West Ham United,12000000,37000,1.0,3.0,3.0,High/ Medium,Lean (185+),Midfielder,186cm,76kg,68,66,72,75,65,75,65,51,72,74,76,75,76,73,77,76,78,88,76,75,76,74,68,71,59,72,,71,69,11.0,13.0,10.0,11.0,12.0,CDM,72,2022,75.0,FC Schalke 04,A. Král,A,Král,Alex Král,West Ham United,cz CZE,MF,1,0,1,0.0,0.0,0.0,0.0,0.0,0.0,0.0,0.0,0.0,0.0,0.0,0.0,0.0,0.0,0.0,0.0,0.0,0.0,0.0,0.0,0.0,0.0,Alex,A. Král
70,220971,N. Keïta,26,80,83,Liverpool,27500000,110000,2.0,4.0,4.0,Medium/ Medium,Lean (170-185),Midfielder,172cm,64kg,62,74,42,83,71,85,64,70,75,86,77,65,88,80,90,76,52,73,59,73,78,76,74,80,58,81,,64,62,7.0,14.0,15.0,14.0,9.0,CAM,68,2022,81.0,Liverpool,N. Keïta,N,Keïta,Naby Keïta,Liverpool,gn GUI,MF,23,14,"1,173",13.0,3.0,1.0,3.0,0.0,0.0,3.0,0.0,0.23,0.08,0.31,0.23,0.31,2.3,2.3,1.6,3.9,0.18,0.12,0.3,0.18,0.3,Naby,N. Keïta
72,226162,E. Buendía,24,79,84,Aston Villa,26500000,61000,3.0,4.0,4.0,High/ High,Stocky (170-185),Midfielder,172cm,65kg,76,73,57,82,68,81,78,74,79,83,75,72,80,76,87,80,45,68,63,72,83,60,73,84,49,77,,68,61,11.0,10.0,13.0,7.0,9.0,CAM,67,2022,80.0,Aston Villa,E. Buendía,E,Buendía,Emi Buendía,Aston Villa,ar ARG,"FW,MF",35,22,"1,899",21.1,4.0,6.0,4.0,0.0,0.0,1.0,0.0,0.19,0.28,0.47,0.19,0.47,3.1,3.1,5.5,8.6,0.14,0.26,0.41,0.14,0.41,Emi,E. Buendía
74,226456,Pablo Fornals,25,79,82,West Ham United,23000000,69000,2.0,3.0,4.0,High/ High,Lean (170-185),Midfielder,178cm,67kg,77,72,50,81,72,79,71,70,78,83,70,66,76,75,75,77,48,81,63,79,70,71,76,80,55,77,,72,71,9.0,11.0,12.0,7.0,15.0,CM,70,2022,79.0,West Ham United,P. Fornals,P,Fornals,Pablo Fornals,West Ham United,es ESP,"FW,MF",36,32,"2,795",31.1,6.0,3.0,6.0,0.0,0.0,4.0,0.0,0.19,0.1,0.29,0.19,0.29,5.0,5.0,5.6,10.6,0.16,0.18,0.34,0.16,0.34,Pablo,P. Fornals
75,237692,P. Foden,21,84,92,Manchester City,94500000,125000,3.0,3.0,4.0,High/ Medium,Normal (170-185),Midfielder,171cm,69kg,75,79,47,84,59,86,73,59,78,88,86,82,90,83,91,82,49,79,44,77,64,59,82,84,64,82,,59,47,8.0,15.0,6.0,10.0,13.0,CAM,58,2022,85.0,Manchester City,P. Foden,P,Foden,Phil Foden,Manchester City,eng ENG,FW,28,24,"2,128",23.6,9.0,5.0,9.0,0.0,0.0,1.0,0.0,0.38,0.21,0.59,0.38,0.59,9.1,9.1,6.6,15.7,0.38,0.28,0.66,0.38,0.66,Phil,P. Foden
76,183394,M. Sissoko,31,78,78,Watford,10000000,51000,2.0,3.0,3.0,Medium/ High,Unique,Midfielder,187cm,91kg,72,52,65,77,62,78,75,60,75,76,65,81,64,76,58,83,70,85,90,59,85,75,71,68,60,74,,79,71,14.0,8.0,11.0,10.0,8.0,CDM,75,2022,77.0,FC Nantes,M. Sissoko,M,Sissoko,Moussa Sissoko,Watford,fr FRA,MF,36,36,"3,220",35.8,2.0,1.0,2.0,0.0,0.0,5.0,0.0,0.06,0.03,0.08,0.06,0.08,3.4,3.4,2.8,6.2,0.1,0.08,0.17,0.1,0.17,Moussa,M. Sissoko
83,230020,P. Lees-Melou,28,76,76,Norwich City,7500000,36000,1.0,4.0,3.0,High/ High,Lean (185+),Midfielder,186cm,70kg,75,70,58,79,58,77,79,71,77,79,67,67,72,74,60,77,68,85,72,78,69,67,75,75,65,77,,69,61,14.0,6.0,12.0,9.0,10.0,CM,71,2022,75.0,Stade Brestois 29,P. Lees-Melou,P,Lees-Melou,Pierre Lees-Melou,Norwich City,fr FRA,MF,33,27,"2,265",25.2,1.0,0.0,1.0,0.0,0.0,5.0,0.0,0.04,0.0,0.04,0.04,0.04,1.6,1.6,1.8,3.4,0.06,0.07,0.14,0.06,0.14,Pierre,P. Lees-Melou
84,246669,B. Saka,19,80,88,Arsenal,45500000,50000,2.0,3.0,3.0,High/ Medium,Lean (170-185),Midfielder,178cm,65kg,79,69,45,79,63,84,76,69,63,80,86,82,83,76,83,68,54,77,58,65,66,68,78,79,64,73,,69,67,7.0,8.0,13.0,9.0,13.0,LM,65,2022,82.0,Arsenal,B. Saka,B,Saka,Bukayo Saka,Arsenal,eng ENG,"FW,MF",38,36,"2,978",33.1,11.0,7.0,9.0,2.0,2.0,6.0,0.0,0.33,0.21,0.54,0.27,0.48,9.7,8.2,6.9,15.2,0.29,0.21,0.5,0.25,0.46,Bukayo,B. Saka
89,220659,J. Brownhill,25,76,79,Burnley,10000000,33000,1.0,3.0,3.0,Medium/ High,Normal (170-185),Midfielder,180cm,69kg,67,63,67,76,54,73,63,70,73,77,72,67,69,77,71,78,84,89,69,75,74,81,69,73,40,74,,76,66,8.0,11.0,12.0,7.0,9.0,CM,72,2022,75.0,Burnley,J. Brownhill,J,Brownhill,Josh Brownhill,Burnley,eng ENG,MF,35,32,"2,955",32.8,2.0,3.0,2.0,0.0,0.0,10.0,0.0,0.06,0.09,0.15,0.06,0.15,1.4,1.4,2.5,3.9,0.04,0.08,0.12,0.04,0.12,Josh,J. Brownhill
90,190765,P. Groß,30,76,76,Brighton & Hove Albion,7000000,51000,2.0,4.0,4.0,Medium/ Medium,Lean (170-185),Midfielder,181cm,78kg,82,72,53,80,65,76,83,77,79,77,55,45,66,77,73,76,71,79,68,80,69,58,75,80,70,79,,60,59,8.0,15.0,15.0,16.0,11.0,CM,56,2022,77.0,Brighton & Hove Albion,P. Groß,P,Groß,Pascal Groß,Brighton & Hove Albion,de GER,"MF,DF",29,24,"2,038",22.6,2.0,4.0,2.0,0.0,1.0,1.0,0.0,0.09,0.18,0.26,0.09,0.26,2.9,2.2,5.3,7.5,0.13,0.24,0.36,0.1,0.33,Pascal,P. Groß
92,206517,J. Grealish,25,84,85,Manchester City,50500000,180000,3.0,3.0,4.0,High/ Medium,Unique,Midfielder,180cm,81kg,81,77,36,85,72,89,78,74,82,88,81,79,85,79,84,76,36,80,61,80,60,44,81,85,58,88,,49,43,11.0,6.0,11.0,10.0,13.0,CAM,48,2022,84.0,Manchester City,J. Grealish,J,Grealish,Jack Grealish,Manchester City,eng ENG,FW,26,22,"1,914",21.3,3.0,3.0,3.0,0.0,0.0,3.0,0.0,0.14,0.14,0.28,0.14,0.28,4.8,4.8,6.3,11.1,0.22,0.3,0.52,0.22,0.52,Jack,J. Grealish
94,200759,J. Schlupp,28,75,75,Crystal Palace,5500000,48000,1.0,2.0,3.0,High/ Medium,Normal (170-185),Midfielder,178cm,72kg,71,68,64,72,64,78,62,37,61,75,84,84,78,73,76,78,76,78,75,61,70,70,75,69,67,67,,70,71,9.0,7.0,8.0,10.0,9.0,LM,69,2022,76.0,Crystal Palace,J. Schlupp,J,Schlupp,Jeffrey Schlupp,Crystal Palace,gh GHA,"MF,FW",32,20,"1,851",20.6,4.0,1.0,4.0,0.0,0.0,1.0,0.0,0.19,0.05,0.24,0.19,0.24,3.1,3.1,1.8,4.9,0.15,0.09,0.24,0.15,0.24,Jeffrey,J. Schlupp
96,225953,S. Bergwijn,23,80,84,Tottenham Hotspur,30000000,82000,2.0,2.0,4.0,High/ Medium,Stocky (170-185),Midfielder,178cm,78kg,77,75,60,80,75,84,78,66,63,82,87,84,79,78,89,84,68,74,75,81,50,34,78,77,68,76,,28,26,11.0,14.0,12.0,14.0,13.0,CAM,52,2022,80.0,Ajax,S. Bergwijn,S,Bergwijn,Steven Bergwijn,Tottenham Hotspur,nl NED,"FW,MF",25,4,565,6.3,3.0,1.0,3.0,0.0,0.0,1.0,0.0,0.48,0.16,0.64,0.48,0.64,3.1,3.1,0.7,3.7,0.49,0.11,0.59,0.49,0.59,Steven,S. Bergwijn
98,183427,F. Delph,31,75,75,Everton,3900000,58000,2.0,3.0,3.0,Medium/ High,Lean (170-185),Midfielder,174cm,78kg,73,58,60,76,56,72,72,53,74,76,65,65,77,74,85,81,67,67,60,74,81,75,68,70,65,75,,76,75,10.0,9.0,14.0,11.0,6.0,CDM,70,2022,75.0,Everton,F. Delph,F,Delph,Fabian Delph,Everton,eng ENG,MF,11,8,662,7.4,0.0,0.0,0.0,0.0,0.0,2.0,0.0,0.0,0.0,0.0,0.0,0.0,0.0,0.0,0.1,0.1,0.01,0.01,0.02,0.01,0.02,Fabian,F. Delph
102,222404,M. Normann,25,76,82,Norwich City,10500000,30000,1.0,3.0,3.0,Medium/ High,Normal (170-185),Midfielder,179cm,75kg,67,60,58,77,49,74,70,47,76,76,73,71,74,71,80,73,78,83,82,68,75,75,68,72,52,72,,73,68,14.0,6.0,9.0,13.0,7.0,CDM,70,2022,75.0,,M. Normann,M,Normann,Mathias Normann,Norwich City,no NOR,MF,23,20,"1,645",18.3,1.0,2.0,1.0,0.0,0.0,6.0,0.0,0.05,0.11,0.16,0.05,0.16,0.9,0.9,1.8,2.8,0.05,0.1,0.15,0.05,0.15,Mathias,M. Normann
103,183130,M. Albrighton,31,76,76,Leicester City,6000000,76000,2.0,3.0,3.0,High/ High,Lean (170-185),Midfielder,175cm,74kg,84,67,45,74,72,77,80,73,72,77,72,68,73,74,78,73,61,75,60,67,73,56,72,76,60,70,,62,57,15.0,9.0,8.0,15.0,14.0,RM,69,2022,75.0,Leicester City,M. Albrighton,M,Albrighton,Marc Albrighton,Leicester City,eng ENG,"FW,DF",17,11,"1,132",12.6,1.0,2.0,1.0,0.0,0.0,3.0,0.0,0.08,0.16,0.24,0.08,0.24,0.5,0.5,1.7,2.2,0.04,0.13,0.18,0.04,0.18,Marc,M. Albrighton
104,233049,J. Sancho,21,87,91,Manchester United,116500000,150000,3.0,3.0,5.0,High/ Medium,Unique,Midfielder,180cm,76kg,82,83,38,87,83,92,84,65,70,90,85,78,91,85,90,73,51,77,68,65,44,39,83,87,62,86,,39,32,7.0,11.0,10.0,11.0,13.0,CAM,32,2022,84.0,Manchester United,J. Sancho,J,Sancho,Jadon Sancho,Manchester United,eng ENG,"FW,MF",29,20,"1,900",21.1,3.0,3.0,3.0,0.0,0.0,0.0,0.0,0.14,0.14,0.28,0.14,0.28,3.3,3.3,4.2,7.5,0.16,0.2,0.36,0.16,0.36,Jadon,J. Sancho
106,226110,N. Pépé,26,81,82,Arsenal,30500000,95000,2.0,2.0,4.0,High/ Medium,Unique,Midfielder,183cm,73kg,77,79,57,76,70,85,81,79,66,81,88,88,88,77,79,81,66,77,68,78,43,33,77,76,85,77,,34,30,11.0,14.0,11.0,6.0,8.0,RM,36,2022,79.0,Arsenal,N. Pépé,N,Pépé,Nicolas Pépé,Arsenal,ci CIV,"FW,MF",20,5,696,7.7,1.0,2.0,1.0,0.0,0.0,0.0,0.0,0.13,0.26,0.39,0.13,0.39,2.9,2.9,1.7,4.6,0.38,0.22,0.6,0.38,0.6,Nicolas,N. Pépé
108,211300,A. Martial,25,81,84,Manchester United,34500000,130000,3.0,4.0,4.0,Low/ Low,Unique,Midfielder,184cm,76kg,73,80,71,78,76,88,84,54,60,86,87,87,82,79,79,83,73,68,74,76,54,34,79,77,80,78,,33,31,9.0,8.0,8.0,15.0,11.0,CAM,26,2022,80.0,Manchester United,A. Martial,A,Martial,Anthony Martial,Manchester United,fr FRA,FW,8,2,212,2.4,1.0,0.0,1.0,0.0,0.0,0.0,0.0,0.42,0.0,0.42,0.42,0.42,0.4,0.4,0.1,0.6,0.19,0.06,0.25,0.19,0.25,Anthony,A. Martial
109,214947,J. Gbamin,25,77,77,Everton,10500000,62000,1.0,3.0,3.0,Medium/ Medium,Normal (185+),Midfielder,186cm,83kg,69,40,71,78,53,74,62,60,74,76,66,78,64,74,63,82,77,67,79,71,84,77,65,72,40,72,,79,71,11.0,13.0,8.0,14.0,10.0,CDM,78,2022,75.0,Everton,J. Gbamin,J,Gbamin,Jean-Philippe Gbamin,Everton,ci CIV,MF,3,1,67,0.7,0.0,0.0,0.0,0.0,0.0,0.0,0.0,0.0,0.0,0.0,0.0,0.0,0.0,0.0,0.0,0.0,0.0,0.0,0.0,0.0,0.0,Jean-Philippe,J. Gbamin
110,203570,S. Dallas,30,75,75,Leeds United,5500000,63000,1.0,4.0,3.0,High/ High,Lean (170-185),Midfielder,183cm,81kg,66,71,63,76,59,73,57,50,70,74,73,75,73,75,69,68,57,92,73,72,65,73,72,74,57,74,,76,71,13.0,7.0,11.0,13.0,7.0,CM,73,2022,75.0,Leeds United,S. Dallas,S,Dallas,Stuart Dallas,Leeds United,nir NIR,"DF,MF",34,34,"2,919",32.4,1.0,1.0,1.0,0.0,0.0,5.0,0.0,0.03,0.03,0.06,0.03,0.06,2.0,2.0,2.4,4.3,0.06,0.07,0.13,0.06,0.13,Stuart,S. Dallas
111,236499,Douglas Luiz,23,77,84,Aston Villa,20000000,47000,2.0,2.0,3.0,High/ Medium,Normal (170-185),Midfielder,175cm,66kg,69,64,62,78,58,75,66,63,77,78,69,65,74,80,74,76,66,73,66,76,74,74,52,73,44,77,,75,71,12.0,6.0,13.0,10.0,7.0,CDM,77,2022,78.0,Aston Villa,D. Luiz,D,Luiz,Douglas Luiz,Aston Villa,br BRA,MF,34,31,"2,715",30.2,2.0,3.0,2.0,0.0,0.0,7.0,0.0,0.07,0.1,0.17,0.07,0.17,2.0,2.0,2.5,4.5,0.07,0.08,0.15,0.07,0.15,Douglas,D. Luiz
112,180819,A. Lallana,33,75,75,Brighton & Hove Albion,3500000,49000,2.0,5.0,4.0,High/ High,Lean (170-185),Midfielder,178cm,73kg,74,69,64,81,72,80,77,66,75,81,70,64,77,73,75,72,68,34,60,68,71,63,74,80,70,80,,62,62,6.0,15.0,14.0,8.0,11.0,CAM,61,2022,75.0,Brighton & Hove Albion,A. Lallana,A,Lallana,Adam Lallana,Brighton & Hove Albion,eng ENG,MF,24,18,"1,561",17.3,0.0,1.0,0.0,0.0,0.0,4.0,0.0,0.0,0.06,0.06,0.0,0.06,1.2,1.2,0.7,1.9,0.07,0.04,0.11,0.07,0.11,Adam,A. Lallana
113,199189,R. Barkley,27,78,79,Chelsea,16000000,95000,2.0,5.0,4.0,Low/ Low,Normal (185+),Midfielder,189cm,76kg,67,68,65,82,62,81,69,73,80,82,68,69,65,76,61,81,64,65,76,80,74,54,75,78,65,80,,60,51,9.0,14.0,12.0,6.0,10.0,CAM,54,2022,76.0,Chelsea,R. Barkley,R,Barkley,Ross Barkley,Chelsea,eng ENG,MF,6,1,179,2.0,1.0,0.0,1.0,0.0,0.0,0.0,0.0,0.5,0.0,0.5,0.5,0.5,1.2,1.2,0.7,1.9,0.6,0.33,0.94,0.6,0.94,Ross,R. Barkley
115,239837,A. Mac Allister,22,75,82,Brighton & Hove Albion,11500000,42000,1.0,3.0,3.0,Medium/ Medium,Normal (170-185),Midfielder,174cm,72kg,79,77,61,76,63,74,83,81,75,77,73,68,71,70,72,74,64,68,63,80,51,45,73,77,74,72,,54,51,7.0,10.0,14.0,15.0,10.0,CAM,65,2022,76.0,Brighton & Hove Albion,A. Mac. Allister,A,Mac Allister,Alexis Mac Allister,Brighton & Hove Albion,ar ARG,"MF,FW",33,22,"2,123",23.6,5.0,2.0,3.0,2.0,3.0,4.0,0.0,0.21,0.08,0.3,0.13,0.21,6.5,4.2,1.5,5.7,0.28,0.06,0.34,0.18,0.24,Alexis,A. Mac. Allister
116,241461,Ferran Torres,21,82,90,Manchester City,68500000,120000,1.0,4.0,4.0,High/ Medium,Lean (170-185),Midfielder,184cm,77kg,77,81,73,80,74,84,71,60,78,81,87,78,82,81,76,79,75,73,70,76,45,34,84,84,66,82,,24,28,12.0,9.0,11.0,15.0,12.0,CAM,35,2022,82.0,FC Barcelona,F. Torres,F,Torres,Ferrán Torres,Manchester City,es ESP,FW,4,4,303,3.4,2.0,1.0,2.0,0.0,0.0,0.0,0.0,0.59,0.3,0.89,0.59,0.89,2.5,2.5,0.0,2.5,0.74,0.01,0.75,0.74,0.75,Ferrán,F. Torres
117,192955,M. Klich,31,75,75,Leeds United,4600000,63000,1.0,3.0,3.0,Medium/ Medium,Lean (170-185),Midfielder,183cm,82kg,68,73,49,77,60,73,73,66,74,75,67,66,67,73,73,69,64,87,74,73,63,65,72,76,76,77,,66,50,11.0,16.0,12.0,11.0,14.0,CM,61,2022,74.0,Leeds United,M. Klich,M,Klich,Mateusz Klich,Leeds United,pl POL,MF,33,26,"2,073",23.0,1.0,2.0,1.0,0.0,0.0,5.0,0.0,0.04,0.09,0.13,0.04,0.13,2.7,2.7,2.2,4.9,0.12,0.09,0.21,0.12,0.21,Mateusz,M. Klich
118,203362,M. Elyounoussi,26,75,75,Southampton,6000000,46000,1.0,4.0,4.0,Medium/ Medium,Normal (170-185),Midfielder,178cm,70kg,72,76,71,74,69,76,74,64,66,77,74,75,82,73,80,75,77,69,64,74,72,36,74,73,64,70,,57,51,12.0,7.0,8.0,7.0,13.0,LM,58,2022,76.0,Southampton,M. Elyounoussi,M,Elyounoussi,Mohamed Elyounoussi,Southampton,no NOR,"MF,FW",30,23,"2,042",22.7,4.0,2.0,4.0,0.0,0.0,4.0,0.0,0.18,0.09,0.26,0.18,0.26,6.0,6.0,2.5,8.5,0.26,0.11,0.37,0.26,0.37,Mohamed,M. Elyounoussi
120,229167,M. Rashica,25,77,82,Norwich City,15500000,38000,1.0,4.0,4.0,High/ Medium,Normal (170-185),Midfielder,177cm,73kg,73,74,53,71,76,85,78,69,67,79,93,75,90,77,82,85,47,76,60,76,67,47,72,70,73,79,,40,36,7.0,14.0,7.0,14.0,6.0,RM,52,2022,74.0,Norwich City,M. Rashica,M,Rashica,Milot Rashica,Norwich City,xk KVX,"FW,MF",31,25,"2,229",24.8,1.0,2.0,1.0,0.0,0.0,0.0,0.0,0.04,0.08,0.12,0.04,0.12,2.7,2.7,2.6,5.3,0.11,0.1,0.21,0.11,0.21,Milot,M. Rashica
124,239817,B. Soumaré,22,78,85,Leicester City,27000000,68000,1.0,3.0,3.0,Medium/ Medium,Lean (185+),Midfielder,188cm,82kg,65,51,60,79,53,78,65,53,78,79,71,69,69,77,69,64,71,83,81,58,77,75,70,78,52,78,,74,71,11.0,6.0,13.0,5.0,10.0,CDM,72,2022,76.0,Leicester City,B. Soumaré,B,Soumaré,Boubakary Soumaré,Leicester City,fr FRA,MF,19,12,"1,102",12.2,0.0,1.0,0.0,0.0,0.0,0.0,0.0,0.0,0.08,0.08,0.0,0.08,0.4,0.4,0.4,0.8,0.03,0.03,0.06,0.03,0.06,Boubakary,B. Soumaré
125,171972,J. McArthur,33,75,75,Crystal Palace,3500000,46000,1.0,3.0,3.0,High/ High,Normal (170-185),Midfielder,178cm,66kg,66,68,66,77,57,71,58,61,74,77,55,52,69,80,71,65,68,76,66,61,88,77,75,73,64,80,,76,73,9.0,9.0,9.0,9.0,9.0,CDM,77,2022,75.0,Crystal Palace,J. McArthur,J,McArthur,James McArthur,Crystal Palace,sct SCO,MF,21,15,"1,439",16.0,0.0,3.0,0.0,0.0,0.0,4.0,0.0,0.0,0.19,0.19,0.0,0.19,0.3,0.3,1.0,1.4,0.02,0.06,0.08,0.02,0.08,James,J. McArthur
127,230977,M. Almirón,27,77,78,Newcastle United,12000000,40000,1.0,2.0,4.0,Medium/ High,Lean (170-185),Midfielder,174cm,70kg,71,71,43,77,75,82,74,68,68,77,88,85,86,78,64,78,48,81,53,65,69,54,75,76,69,74,,55,50,6.0,9.0,13.0,13.0,12.0,LM,53,2022,78.0,Newcastle United,M. Almirón,M,Almirón,Miguel Almirón,Newcastle United,py PAR,"MF,FW",30,19,"1,716",19.1,1.0,0.0,1.0,0.0,0.0,2.0,0.0,0.05,0.0,0.05,0.05,0.05,2.1,2.1,0.7,2.7,0.11,0.03,0.14,0.11,0.14,Miguel,M. Almirón
128,239529,F. Onyeka,23,75,81,Brentford,8000000,33000,1.0,3.0,3.0,High/ High,Lean (170-185),Midfielder,183cm,70kg,57,62,63,72,53,69,56,42,67,73,85,88,81,73,79,61,77,90,80,49,76,76,68,70,48,74,,74,68,15.0,9.0,7.0,6.0,14.0,CDM,77,2022,73.0,Brentford,F. Onyeka,F,Onyeka,Frank Onyeka,Brentford,ng NGA,MF,20,12,"1,045",11.6,0.0,0.0,0.0,0.0,0.0,4.0,0.0,0.0,0.0,0.0,0.0,0.0,1.1,1.1,0.2,1.3,0.1,0.02,0.11,0.1,0.11,Frank,F. Onyeka
129,189165,J. Shelvey,29,75,75,Newcastle United,5500000,37000,2.0,3.0,3.0,Low/ Low,Normal (170-185),Midfielder,184cm,80kg,73,64,67,81,66,73,69,73,82,77,48,49,55,70,63,85,62,70,71,79,80,61,70,80,71,78,,62,60,14.0,11.0,15.0,8.0,16.0,CM,59,2022,77.0,Newcastle United,J. Shelvey,J,Shelvey,Jonjo Shelvey,Newcastle United,eng ENG,MF,24,22,"1,983",22.0,2.0,1.0,2.0,0.0,0.0,7.0,1.0,0.09,0.05,0.14,0.09,0.14,0.9,0.9,0.8,1.7,0.04,0.04,0.08,0.04,0.08,Jonjo,J. Shelvey
132,243282,D. McNeil,21,77,83,Burnley,17000000,27000,1.0,2.0,3.0,Medium/ High,Lean (170-185),Midfielder,183cm,70kg,81,66,59,77,57,81,77,75,72,80,74,71,76,75,77,70,68,78,65,71,57,46,73,75,62,77,,54,44,6.0,14.0,14.0,12.0,14.0,CAM,57,2022,76.0,Everton,D. McNeil,D,McNeil,Dwight McNeil,Burnley,eng ENG,MF,38,35,"3,107",34.5,0.0,1.0,0.0,0.0,0.0,1.0,0.0,0.0,0.03,0.03,0.0,0.03,2.3,2.3,4.8,7.1,0.07,0.14,0.21,0.07,0.21,Dwight,D. McNeil
133,234378,D. Rice,22,82,87,West Ham United,43000000,69000,1.0,3.0,2.0,Medium/ High,Normal (185+),Midfielder,185cm,80kg,50,42,71,82,40,75,58,53,80,79,64,69,53,77,61,70,74,85,78,60,82,83,54,75,71,80,,83,80,8.0,11.0,14.0,5.0,9.0,CDM,80,2022,84.0,West Ham United,D. Rice,D,Rice,Declan Rice,West Ham United,eng ENG,MF,36,35,"3,179",35.3,1.0,4.0,1.0,0.0,0.0,8.0,0.0,0.03,0.11,0.14,0.03,0.14,1.1,1.1,2.0,3.0,0.03,0.06,0.09,0.03,0.09,Declan,D. Rice
141,222400,H. Winks,25,77,80,Tottenham Hotspur,12500000,66000,1.0,3.0,3.0,Medium/ High,Normal (170-185),Midfielder,176cm,74kg,65,55,50,83,50,78,73,68,79,80,68,53,83,77,82,63,52,76,61,60,78,75,62,76,51,83,,76,67,8.0,11.0,14.0,13.0,10.0,CM,73,2022,76.0,Tottenham Hotspur,H. Winks,H,Winks,Harry Winks,Tottenham Hotspur,eng ENG,MF,19,9,912,10.1,0.0,1.0,0.0,0.0,0.0,2.0,0.0,0.0,0.1,0.1,0.0,0.1,0.1,0.1,1.5,1.6,0.01,0.15,0.16,0.01,0.16,Harry,H. Winks
142,234742,H. Barnes,23,81,84,Leicester City,35000000,95000,1.0,4.0,3.0,High/ Medium,Normal (170-185),Midfielder,180cm,66kg,78,78,46,77,66,82,76,69,68,81,85,86,81,82,79,80,59,73,64,79,48,43,81,79,54,75,,47,44,6.0,5.0,11.0,8.0,10.0,CAM,45,2022,80.0,Leicester City,H. Barnes,H,Barnes,Harvey Barnes,Leicester City,eng ENG,"FW,MF",32,24,"2,101",23.3,6.0,10.0,6.0,0.0,0.0,2.0,0.0,0.26,0.43,0.69,0.26,0.69,6.8,6.8,4.0,10.8,0.29,0.17,0.46,0.29,0.46,Harvey,H. Barnes
144,206516,W. Hughes,26,76,78,Crystal Palace,9000000,49000,1.0,3.0,4.0,Medium/ Medium,Lean (185+),Midfielder,185cm,74kg,76,68,58,80,50,78,67,62,76,79,67,60,71,78,72,60,49,76,58,62,70,65,73,81,66,79,,72,69,7.0,15.0,12.0,9.0,12.0,CAM,69,2022,75.0,Crystal Palace,W. Hughes,W,Hughes,Will Hughes,Crystal Palace,eng ENG,MF,16,13,"1,053",11.7,0.0,1.0,0.0,0.0,0.0,6.0,0.0,0.0,0.09,0.09,0.0,0.09,0.2,0.2,0.7,0.8,0.01,0.06,0.07,0.01,0.07,Will,W. Hughes
145,207948,B. Traoré,25,77,78,Aston Villa,12500000,57000,2.0,1.0,4.0,Medium/ Low,Lean (170-185),Midfielder,181cm,73kg,73,75,66,74,72,82,79,73,68,86,77,79,88,69,59,73,75,69,65,68,60,54,73,74,69,74,,40,37,11.0,7.0,7.0,13.0,12.0,CAM,40,2022,76.0,Aston Villa,B. Traoré,B,Traoré,Bertrand Traoré,Aston Villa,bf BFA,"MF,FW",9,1,220,2.4,0.0,0.0,0.0,0.0,0.0,0.0,0.0,0.0,0.0,0.0,0.0,0.0,0.3,0.3,0.0,0.3,0.13,0.0,0.13,0.13,0.13,Bertrand,B. Traoré
150,199503,G. Xhaka,28,79,79,Arsenal,15500000,80000,3.0,2.0,3.0,Low/ Medium,Normal (185+),Midfielder,185cm,82kg,71,50,62,84,50,66,76,77,84,80,48,52,49,73,61,90,33,84,79,75,91,71,62,78,63,67,,68,68,7.0,8.0,11.0,7.0,13.0,CDM,71,2022,79.0,Arsenal,G. Xhaka,G,Xhaka,Granit Xhaka,Arsenal,ch SUI,"MF,DF",27,27,"2,327",25.9,1.0,2.0,1.0,0.0,0.0,10.0,1.0,0.04,0.08,0.12,0.04,0.12,1.2,1.2,2.3,3.5,0.05,0.09,0.14,0.05,0.14,Granit,G. Xhaka
153,235883,R. Sessegnon,21,75,84,Tottenham Hotspur,12000000,44000,1.0,3.0,4.0,High/ Medium,Lean (170-185),Midfielder,178cm,71kg,75,68,55,75,55,74,71,31,62,78,85,80,79,74,84,67,66,76,60,55,67,70,76,72,61,76,,70,63,6.0,11.0,7.0,8.0,7.0,LM,69,2022,75.0,Tottenham Hotspur,R. Sessegnon,R,Sessegnon,Ryan Sessegnon,Tottenham Hotspur,eng ENG,DF,15,13,"1,047",11.6,0.0,2.0,0.0,0.0,0.0,2.0,0.0,0.0,0.17,0.17,0.0,0.17,0.4,0.4,2.9,3.3,0.03,0.25,0.28,0.03,0.28,Ryan,R. Sessegnon
155,227796,C. Pulisic,22,82,88,Chelsea,49000000,120000,3.0,4.0,4.0,Medium/ Medium,Lean (170-185),Midfielder,177cm,69kg,74,73,50,77,70,88,69,58,59,85,91,87,87,78,88,77,79,76,54,57,45,33,79,80,61,80,,32,47,8.0,12.0,13.0,16.0,14.0,RM,38,2022,82.0,Chelsea,C. Pulisic,C,Pulisic,Christian Pulisic,Chelsea,us USA,"MF,FW",22,13,"1,290",14.3,6.0,2.0,6.0,0.0,0.0,2.0,0.0,0.42,0.14,0.56,0.42,0.56,5.1,5.1,1.2,6.3,0.35,0.08,0.44,0.35,0.44,Christian,C. Pulisic
156,230005,T. Davies,23,75,79,Everton,8000000,55000,1.0,3.0,3.0,Medium/ High,Lean (170-185),Midfielder,180cm,70kg,66,64,61,79,42,76,64,61,74,77,66,64,68,74,69,70,56,77,65,66,84,69,69,76,49,76,,73,69,11.0,12.0,9.0,14.0,10.0,CM,68,2022,75.0,Everton,T. Davies,T,Davies,Tom Davies,Everton,eng ENG,MF,6,2,234,2.6,1.0,0.0,1.0,0.0,0.0,1.0,0.0,0.38,0.0,0.38,0.38,0.38,0.9,0.9,0.0,0.9,0.35,0.0,0.35,0.35,0.35,Tom,T. Davies
157,198861,N. Mendy,29,75,75,Leicester City,4800000,70000,1.0,3.0,3.0,Low/ High,Stocky (170-),Midfielder,167cm,73kg,61,49,65,77,41,71,69,54,72,78,71,64,75,73,87,61,76,70,68,59,77,72,56,64,55,75,,75,74,14.0,12.0,9.0,12.0,15.0,CDM,76,2022,74.0,Leicester City,N. Mendy,N,Mendy,Nampalys Mendy,Leicester City,sn SEN,MF,14,12,"1,032",11.5,0.0,0.0,0.0,0.0,0.0,3.0,0.0,0.0,0.0,0.0,0.0,0.0,0.0,0.0,0.0,0.0,0.0,0.0,0.0,0.0,0.0,Nampalys,N. Mendy
158,237329,J. Willock,21,75,83,Newcastle United,12500000,26000,1.0,3.0,3.0,Medium/ Medium,Lean (185+),Midfielder,186cm,76kg,60,76,64,76,66,78,64,46,69,77,74,78,74,77,70,73,60,74,66,66,70,62,78,69,62,70,,65,53,11.0,6.0,12.0,8.0,9.0,CAM,58,2022,75.0,Newcastle United,J. Willock,J,Willock,Joe Willock,Newcastle United,eng ENG,MF,29,24,"2,038",22.6,2.0,0.0,2.0,0.0,0.0,0.0,0.0,0.09,0.0,0.09,0.09,0.09,3.6,3.6,1.2,4.8,0.16,0.05,0.21,0.16,0.21,Joe,J. Willock
159,246147,M. Greenwood,19,78,89,Manchester United,30500000,56000,1.0,5.0,3.0,High/ Medium,Lean (170-185),Midfielder,181cm,70kg,72,77,65,76,68,81,75,65,69,78,83,84,81,77,76,83,67,74,69,78,59,34,79,73,67,76,,39,33,5.0,6.0,6.0,9.0,8.0,CAM,35,2022,79.0,Manchester United,M. Greenwood,M,Greenwood,Mason Greenwood,Manchester United,eng ENG,"FW,MF",18,16,"1,271",14.1,5.0,1.0,5.0,0.0,0.0,1.0,0.0,0.35,0.07,0.42,0.35,0.42,4.4,4.4,1.6,6.0,0.31,0.11,0.42,0.31,0.42,Mason,M. Greenwood
161,231445,J. Dasilva,22,73,82,Brentford,7000000,31000,1.0,3.0,3.0,High/ Medium,Lean (170-185),Midfielder,184cm,75kg,68,67,50,77,57,75,71,39,75,75,73,74,72,71,71,78,48,75,79,78,70,60,68,76,55,75,,64,62,11.0,13.0,8.0,10.0,14.0,CAM,66,2022,73.0,Brentford,J. Dasilva,J,Dasilva,Josh Dasilva,Brentford,eng ENG,"MF,FW",9,2,257,2.9,0.0,0.0,0.0,0.0,0.0,0.0,1.0,0.0,0.0,0.0,0.0,0.0,0.0,0.0,0.1,0.2,0.02,0.04,0.05,0.02,0.05,Josh,J. Dasilva
164,224371,J. Bowen,24,78,83,West Ham United,21000000,57000,1.0,3.0,4.0,High/ Medium,Normal (170-185),Midfielder,175cm,70kg,76,78,64,73,56,80,71,70,67,78,78,75,79,77,82,71,63,78,62,76,56,37,79,74,70,72,,40,36,14.0,8.0,14.0,10.0,7.0,LM,49,2022,80.0,West Ham United,J. Bowen,J,Bowen,Jarrod Bowen,West Ham United,eng ENG,FW,36,34,"2,983",33.1,12.0,10.0,12.0,0.0,0.0,6.0,0.0,0.36,0.3,0.66,0.36,0.66,11.1,11.1,5.7,16.8,0.34,0.17,0.51,0.34,0.51,Jarrod,J. Bowen
166,189725,T. Cleverley,31,74,74,Watford,3500000,43000,2.0,3.0,3.0,High/ Medium,Normal (170-185),Midfielder,175cm,67kg,74,64,48,76,68,72,59,62,75,75,65,55,69,75,75,74,59,68,61,75,71,66,69,77,72,67,,71,52,15.0,11.0,9.0,12.0,13.0,CM,56,2022,73.0,Watford,T. Cleverley,T,Cleverley,Tom Cleverley,Watford,eng ENG,MF,28,20,"1,616",18.0,0.0,2.0,0.0,0.0,0.0,2.0,0.0,0.0,0.11,0.11,0.0,0.11,0.8,0.8,2.0,2.9,0.05,0.11,0.16,0.05,0.16,Tom,T. Cleverley
167,239778,J. Moder,22,70,82,Brighton & Hove Albion,3700000,22000,1.0,5.0,2.0,High/ Medium,Lean (185+),Midfielder,188cm,78kg,61,66,56,72,48,68,68,69,69,70,64,72,68,71,60,82,64,74,76,74,65,66,67,69,67,69,,70,61,15.0,14.0,14.0,13.0,6.0,CM,64,2022,74.0,Brighton & Hove Albion,J. Moder,J,Moder,Jakub Moder,Brighton & Hove Albion,pl POL,"MF,FW",28,19,"1,701",18.9,0.0,3.0,0.0,0.0,0.0,1.0,0.0,0.0,0.16,0.16,0.0,0.16,2.4,2.4,1.7,4.1,0.13,0.09,0.22,0.13,0.22,Jakub,J. Moder
168,169706,J. Cork,32,76,76,Burnley,5000000,31000,2.0,4.0,3.0,Low/ High,Normal (170-185),Midfielder,184cm,75kg,69,54,70,78,53,66,74,64,74,76,52,37,61,74,63,73,75,82,75,63,75,77,63,61,60,79,,76,70,13.0,11.0,16.0,6.0,6.0,CDM,76,2022,74.0,Burnley,J. Cork,J,Cork,Jack Cork,Burnley,eng ENG,MF,20,20,"1,670",18.6,1.0,0.0,1.0,0.0,0.0,4.0,0.0,0.05,0.0,0.05,0.05,0.05,0.8,0.8,0.1,0.9,0.04,0.01,0.05,0.04,0.05,Jack,J. Cork
169,200469,L. Rupp,30,73,73,Norwich City,2900000,28000,1.0,3.0,3.0,Medium/ Medium,Lean (170-185),Midfielder,178cm,73kg,73,63,45,77,63,72,72,60,74,75,65,62,75,73,77,74,64,75,58,67,63,65,66,72,63,74,,71,69,5.0,12.0,7.0,8.0,9.0,CM,67,2022,73.0,Norwich City,L. Rupp,L,Rupp,Lukas Rupp,Norwich City,de GER,MF,19,7,769,8.5,0.0,0.0,0.0,0.0,0.0,0.0,0.0,0.0,0.0,0.0,0.0,0.0,0.7,0.7,1.2,1.9,0.08,0.14,0.22,0.08,0.22,Lukas,L. Rupp
171,241928,A. Sambi Lokonga,21,73,82,Arsenal,7000000,40000,1.0,3.0,3.0,Medium/ Medium,Lean (170-185),Midfielder,183cm,73kg,68,53,61,78,58,76,71,68,73,81,63,69,78,66,68,68,71,78,63,63,70,76,63,68,41,78,,71,68,14.0,7.0,6.0,13.0,9.0,CM,58,2022,75.0,Arsenal,A. Sambi. Lokonga,A,Sambi Lokonga,Albert Sambi Lokonga,Arsenal,be BEL,MF,19,12,"1,134",12.6,0.0,0.0,0.0,0.0,0.0,5.0,0.0,0.0,0.0,0.0,0.0,0.0,0.6,0.6,0.8,1.4,0.05,0.06,0.11,0.05,0.11,Albert,A. Sambi. Lokonga
172,202048,C. Coady,28,79,81,Wolverhampton Wanderers,17500000,80000,1.0,3.0,2.0,Low/ High,Normal (185+),Midfielder,186cm,80kg,67,51,74,81,56,62,60,62,85,79,41,51,48,80,54,68,84,78,74,64,70,78,50,71,60,80,,79,74,8.0,15.0,10.0,12.0,8.0,CDM,83,2022,79.0,Everton,C. Coady,C,Coady,Conor Coady,Wolverhampton Wanderers,eng ENG,DF,38,38,"3,361",37.3,4.0,0.0,4.0,0.0,0.0,4.0,0.0,0.11,0.0,0.11,0.11,0.11,2.0,2.0,0.0,2.0,0.05,0.0,0.05,0.05,0.05,Conor,C. Coady
173,235794,E. Eze,23,77,83,Crystal Palace,16500000,45000,1.0,3.0,4.0,Medium/ Medium,Lean (170-185),Midfielder,178cm,67kg,70,71,49,77,55,83,71,68,68,79,77,77,81,70,80,68,67,77,68,69,58,49,71,76,69,77,,57,40,10.0,12.0,9.0,14.0,10.0,CAM,36,2022,76.0,Crystal Palace,E. Eze,E,Eze,Eberechi Eze,Crystal Palace,eng ENG,"MF,FW",13,6,605,6.7,1.0,1.0,1.0,0.0,0.0,1.0,0.0,0.15,0.15,0.3,0.15,0.3,0.5,0.5,0.9,1.4,0.08,0.13,0.21,0.08,0.21,Eberechi,E. Eze
176,207807,R. Fraser,27,75,75,Newcastle United,6000000,36000,1.0,4.0,3.0,Medium/ Medium,Stocky (170-),Midfielder,163cm,70kg,76,71,30,65,62,77,80,72,65,75,89,80,89,72,96,71,56,58,50,72,65,45,74,73,69,76,,53,42,15.0,14.0,15.0,7.0,10.0,LM,45,2022,76.0,Newcastle United,R. Fraser,R,Fraser,Ryan Fraser,Newcastle United,sct SCO,"FW,MF",27,18,"1,465",16.3,2.0,3.0,2.0,0.0,0.0,3.0,0.0,0.12,0.18,0.31,0.12,0.31,2.8,2.8,2.2,5.1,0.17,0.14,0.31,0.17,0.31,Ryan,R. Fraser
177,207421,L. Trossard,26,77,78,Brighton & Hove Albion,12500000,55000,1.0,4.0,4.0,High/ Medium,Normal (170-185),Midfielder,172cm,67kg,74,76,62,75,74,79,81,69,73,77,89,76,92,72,85,76,78,71,60,79,47,18,75,74,75,80,,31,18,14.0,8.0,11.0,7.0,7.0,CAM,30,2022,79.0,Brighton & Hove Albion,L. Trossard,L,Trossard,Leandro Trossard,Brighton & Hove Albion,be BEL,"FW,MF",34,32,"2,805",31.2,8.0,3.0,7.0,1.0,1.0,2.0,0.0,0.26,0.1,0.35,0.22,0.32,6.8,6.0,4.1,10.1,0.22,0.13,0.35,0.19,0.32,Leandro,L. Trossard
178,210697,C. Nørgaard,27,74,76,Brentford,4600000,36000,1.0,3.0,3.0,Medium/ Medium,Lean (185+),Midfielder,187cm,77kg,64,55,69,73,51,67,64,64,72,72,61,62,65,72,69,63,68,77,75,57,74,74,62,65,60,72,,74,69,11.0,9.0,13.0,14.0,11.0,CDM,76,2022,76.0,Brentford,C. Nørgaard,C,Nørgaard,Christian Nørgaard,Brentford,dk DEN,MF,35,35,"3,054",33.9,3.0,4.0,3.0,0.0,0.0,8.0,0.0,0.09,0.12,0.21,0.09,0.21,3.2,3.2,3.1,6.3,0.09,0.09,0.19,0.09,0.19,Christian,C. Nørgaard
182,232104,D. James,23,77,82,Leeds United,16000000,62000,1.0,4.0,3.0,High/ High,Normal (170-185),Midfielder,171cm,76kg,75,72,44,74,58,73,74,54,58,76,96,95,85,75,83,79,53,83,52,69,70,42,73,68,64,69,,45,34,7.0,6.0,11.0,15.0,9.0,RM,54,2022,77.0,Leeds United,D. James,D,James,Daniel James,Leeds United,wls WAL,"FW,MF",32,29,"2,366",26.3,4.0,4.0,4.0,0.0,0.0,7.0,1.0,0.15,0.15,0.3,0.15,0.3,5.7,5.7,2.4,8.1,0.22,0.09,0.31,0.22,0.31,Daniel,D. James
184,213666,R. Loftus-Cheek,25,75,78,Chelsea,7500000,74000,1.0,3.0,4.0,Medium/ Low,Stocky (185+),Midfielder,191cm,88kg,66,66,58,79,54,80,60,57,76,79,62,68,67,68,65,76,59,68,81,68,73,59,80,75,45,77,,64,59,11.0,7.0,12.0,15.0,13.0,CAM,54,2022,76.0,Chelsea,R. Loftus-Cheek,R,Loftus-Cheek,Ruben Loftus-Cheek,Chelsea,eng ENG,"MF,DF",24,13,"1,394",15.5,0.0,2.0,0.0,0.0,0.0,1.0,0.0,0.0,0.13,0.13,0.0,0.13,1.2,1.2,1.9,3.1,0.08,0.12,0.2,0.08,0.2,Ruben,R. Loftus-Cheek
186,221269,J. Riedewald,24,75,78,Crystal Palace,7000000,36000,1.0,2.0,3.0,Medium/ Medium,Normal (170-185),Midfielder,182cm,79kg,70,51,69,77,45,66,71,72,75,76,54,64,66,72,63,69,67,62,74,62,73,76,53,73,42,72,,75,71,15.0,7.0,15.0,9.0,15.0,CDM,74,2022,74.0,Crystal Palace,J. Riedewald,J,Riedewald,Jaïro Riedewald,Crystal Palace,nl NED,MF,3,1,118,1.3,0.0,0.0,0.0,0.0,0.0,0.0,0.0,0.0,0.0,0.0,0.0,0.0,0.0,0.0,0.1,0.1,0.0,0.06,0.06,0.0,0.06,Jaïro,J. Riedewald
193,232080,J. Harrison,24,78,84,Leeds United,22000000,66000,1.0,3.0,4.0,High/ High,Normal (170-185),Midfielder,175cm,70kg,76,71,45,73,62,79,70,56,62,78,84,82,82,75,81,75,63,85,65,68,57,36,75,76,64,73,,43,44,11.0,8.0,10.0,6.0,11.0,LM,42,2022,77.0,Leeds United,J. Harrison,J,Harrison,Jack Harrison,Leeds United,eng ENG,"FW,MF",35,32,"2,639",29.3,8.0,1.0,8.0,0.0,0.0,3.0,0.0,0.27,0.03,0.31,0.27,0.31,4.0,4.0,2.6,6.6,0.14,0.09,0.22,0.14,0.22,Jack,J. Harrison
195,213956,Adama Traoré,25,78,81,Wolverhampton Wanderers,18500000,79000,1.0,2.0,4.0,High/ Low,Unique,Midfielder,178cm,72kg,78,66,40,71,52,92,67,42,54,83,97,96,85,66,88,78,79,77,87,65,70,41,64,67,47,73,,38,35,13.0,9.0,11.0,12.0,7.0,RM,37,2022,79.0,Wolverhampton Wanderers,A. Traoré,A,Traoré,Adama Traoré,Wolverhampton Wanderers,es ESP,FW,20,10,"1,067",11.9,1.0,0.0,1.0,0.0,0.0,0.0,0.0,0.08,0.0,0.08,0.08,0.08,2.4,2.4,1.7,4.1,0.2,0.15,0.35,0.2,0.35,Adama,A. Traoré
197,206085,J. Murphy,26,72,73,Newcastle United,2800000,27000,1.0,4.0,3.0,High/ Medium,Lean (170-185),Midfielder,179cm,74kg,74,64,44,67,50,77,74,65,60,72,77,78,75,68,75,73,50,75,61,70,56,62,68,68,68,65,,66,54,13.0,16.0,13.0,10.0,6.0,RM,63,2022,73.0,Newcastle United,J. Murphy,J,Murphy,Jacob Murphy,Newcastle United,eng ENG,"FW,DF",33,13,"1,473",16.4,1.0,2.0,1.0,0.0,0.0,4.0,0.0,0.06,0.12,0.18,0.06,0.18,2.9,2.9,2.1,5.0,0.18,0.13,0.31,0.18,0.31,Jacob,J. Murphy
199,243014,B. Mbeumo,21,72,80,Brentford,5500000,26000,1.0,2.0,4.0,High/ High,Normal (170-185),Midfielder,171cm,75kg,72,72,54,69,77,73,69,68,64,72,84,82,89,71,75,77,64,76,60,69,53,29,78,72,63,63,,41,37,7.0,14.0,15.0,13.0,14.0,CAM,34,2022,75.0,Brentford,B. Mbeumo,B,Mbeumo,Bryan Mbeumo,Brentford,fr FRA,FW,35,34,"2,905",32.3,4.0,7.0,3.0,1.0,1.0,4.0,0.0,0.12,0.22,0.34,0.09,0.31,9.7,9.0,3.6,12.5,0.3,0.11,0.41,0.28,0.39,Bryan,B. Mbeumo
201,242434,C. Jones,20,73,85,Liverpool,7500000,49000,1.0,4.0,4.0,High/ Medium,Lean (185+),Midfielder,185cm,75kg,63,63,50,75,55,77,66,47,72,78,69,66,74,71,70,71,57,81,66,68,70,65,67,73,60,77,,66,58,6.0,13.0,7.0,11.0,7.0,CAM,64,2022,76.0,Liverpool,C. Jones,C,Jones,Curtis Jones,Liverpool,eng ENG,MF,15,10,851,9.5,1.0,1.0,1.0,0.0,0.0,0.0,0.0,0.11,0.11,0.21,0.11,0.21,0.9,0.9,0.6,1.6,0.1,0.07,0.16,0.1,0.16,Curtis,C. Jones
206,224013,Sergi Canós,24,72,76,Brentford,3400000,30000,1.0,3.0,3.0,High/ High,Lean (170-185),Midfielder,175cm,66kg,72,70,51,68,58,76,62,56,59,72,74,69,78,69,84,71,62,65,68,69,75,52,71,72,53,63,,58,54,7.0,8.0,15.0,15.0,15.0,CAM,52,2022,72.0,Brentford,S. Canós,S,Canós,Sergi Canós,Brentford,es ESP,DF,31,25,"2,083",23.1,3.0,2.0,3.0,0.0,0.0,8.0,1.0,0.13,0.09,0.22,0.13,0.22,3.0,3.0,1.9,4.9,0.13,0.08,0.21,0.13,0.21,Sergi,S. Canós
211,164859,T. Walcott,32,76,76,Southampton,6000000,49000,3.0,2.0,3.0,Medium/ Medium,Lean (170-185),Midfielder,176cm,68kg,73,70,58,70,71,78,76,74,61,78,86,84,79,76,77,76,59,61,55,65,65,35,74,67,69,74,,39,36,11.0,8.0,9.0,9.0,8.0,RM,37,2022,72.0,Southampton,T. Walcott,T,Walcott,Theo Walcott,Southampton,eng ENG,"MF,FW",9,5,379,4.2,0.0,0.0,0.0,0.0,0.0,0.0,0.0,0.0,0.0,0.0,0.0,0.0,0.7,0.7,0.0,0.7,0.17,0.01,0.18,0.17,0.18,Theo,T. Walcott
214,235167,V. Janelt,23,73,80,Brentford,5500000,28000,1.0,3.0,3.0,Medium/ High,Lean (170-185),Midfielder,184cm,79kg,57,57,55,72,60,67,48,49,73,69,65,67,64,71,68,70,72,79,74,68,76,74,63,68,52,69,,73,68,6.0,8.0,6.0,6.0,14.0,CDM,71,2022,74.0,Brentford,V. Janelt,V,Janelt,Vitaly Janelt,Brentford,de GER,MF,31,27,"2,298",25.5,4.0,0.0,4.0,0.0,0.0,3.0,0.0,0.16,0.0,0.16,0.16,0.16,2.6,2.6,2.2,4.8,0.1,0.09,0.19,0.1,0.19,Vitaly,V. Janelt
216,256948,C. Tzolis,19,74,87,Norwich City,10000000,17000,1.0,4.0,4.0,High/ Medium,Normal (170-185),Midfielder,179cm,73kg,67,75,68,69,72,79,71,63,63,72,87,86,82,66,77,66,70,70,57,68,75,29,74,63,67,69,,35,38,15.0,10.0,12.0,6.0,10.0,RM,28,2022,72.0,FC Twente,C. Tzolis,C,Tzolis,Christos Tzolis,Norwich City,gr GRE,"FW,MF",14,3,336,3.7,0.0,0.0,0.0,0.0,0.0,0.0,0.0,0.0,0.0,0.0,0.0,0.0,0.5,0.5,1.0,1.4,0.13,0.26,0.38,0.13,0.38,Christos,C. Tzolis
217,238216,C. Gallagher,21,74,82,Crystal Palace,9500000,53000,1.0,2.0,3.0,Medium/ Medium,Normal (170-185),Midfielder,182cm,74kg,64,68,48,74,48,75,60,53,73,74,64,76,67,74,68,73,57,79,60,76,68,69,73,74,54,65,,70,50,7.0,6.0,15.0,9.0,9.0,CM,54,2022,79.0,Chelsea,C. Gallagher,C,Gallagher,Conor Gallagher,Crystal Palace,eng ENG,MF,34,33,"2,845",31.6,8.0,3.0,8.0,0.0,0.0,10.0,0.0,0.25,0.09,0.35,0.25,0.35,5.8,5.8,3.5,9.3,0.18,0.11,0.29,0.18,0.29,Conor,C. Gallagher
218,193910,A. Forshaw,29,71,71,Leeds United,1800000,44000,1.0,3.0,3.0,Medium/ High,Normal (170-185),Midfielder,174cm,71kg,64,59,47,77,57,68,68,63,76,75,68,63,76,65,78,66,43,75,59,62,69,64,62,69,62,75,,73,62,10.0,7.0,12.0,13.0,16.0,CM,60,2022,73.0,Leeds United,A. Forshaw,A,Forshaw,Adam Forshaw,Leeds United,eng ENG,MF,22,17,"1,530",17.0,0.0,1.0,0.0,0.0,0.0,5.0,0.0,0.0,0.06,0.06,0.0,0.06,0.4,0.4,1.1,1.5,0.02,0.07,0.09,0.02,0.09,Adam,A. Forshaw
219,247827,M. Olise,19,73,85,Crystal Palace,7000000,22000,1.0,2.0,4.0,Medium/ Medium,Lean (170-185),Midfielder,184cm,68kg,70,61,36,75,53,74,73,65,74,77,80,77,91,69,87,74,51,69,41,64,66,48,65,77,67,69,,56,46,9.0,11.0,9.0,10.0,10.0,CAM,52,2022,76.0,Crystal Palace,M. Olise,M,Olise,Michael Olise,Crystal Palace,fr FRA,"FW,MF",26,12,"1,141",12.7,2.0,5.0,2.0,0.0,0.0,4.0,0.0,0.16,0.39,0.55,0.16,0.55,1.4,1.4,3.4,4.8,0.11,0.27,0.38,0.11,0.38,Michael,M. Olise
220,240740,C. Hudson-Odoi,20,77,87,Chelsea,23000000,72000,2.0,3.0,4.0,High/ Medium,Normal (170-185),Midfielder,178cm,79kg,75,70,53,77,59,83,73,71,69,80,87,78,85,70,78,67,64,66,58,65,50,32,70,73,55,69,,39,38,14.0,13.0,11.0,15.0,5.0,CAM,43,2022,77.0,Chelsea,C. Hudson-Odoi,C,Hudson-Odoi,Callum Hudson-Odoi,Chelsea,eng ENG,"FW,MF",15,11,962,10.7,1.0,2.0,1.0,0.0,0.0,1.0,0.0,0.09,0.19,0.28,0.09,0.28,2.1,2.1,2.3,4.4,0.2,0.21,0.41,0.2,0.41,Callum,C. Hudson-Odoi
224,220621,S. Benrahma,25,77,80,West Ham United,14000000,59000,1.0,4.0,4.0,High/ Medium,Normal (170-185),Midfielder,172cm,67kg,74,72,47,75,64,82,73,69,64,81,79,76,85,73,78,75,56,69,49,73,52,40,75,77,69,74,,32,23,16.0,7.0,8.0,11.0,11.0,CAM,45,2022,78.0,West Ham United,S. Benrahma,S,Benrahma,Saïd Benrahma,West Ham United,dz ALG,"FW,MF",32,26,"2,168",24.1,8.0,6.0,8.0,0.0,0.0,0.0,0.0,0.33,0.25,0.58,0.33,0.58,5.1,5.1,3.2,8.3,0.21,0.13,0.35,0.21,0.35,Saïd,S. Benrahma
226,242794,I. Louza,22,75,81,Watford,9000000,40000,1.0,3.0,4.0,Medium/ Medium,Lean (170-185),Midfielder,178cm,65kg,64,62,49,78,51,76,70,70,75,81,56,65,68,71,77,66,46,72,38,66,63,65,72,76,69,75,,72,60,7.0,15.0,6.0,6.0,5.0,CM,59,2022,74.0,Watford,I. Louza,I,Louza,Imran Louza,Watford,ma MAR,MF,20,17,"1,416",15.7,0.0,0.0,0.0,0.0,0.0,6.0,0.0,0.0,0.0,0.0,0.0,0.0,1.1,1.1,1.0,2.1,0.07,0.07,0.14,0.07,0.14,Imran,I. Louza
228,178088,Juan Mata,33,78,78,Manchester United,9000000,100000,3.0,3.0,4.0,Medium/ Medium,Lean (170-),Midfielder,170cm,63kg,79,70,56,83,71,80,85,84,77,84,61,50,76,79,89,72,58,53,34,69,46,39,81,82,80,84,,31,21,9.0,10.0,14.0,5.0,8.0,CAM,38,2022,76.0,Manchester United,J. Mata,J,Mata,Juan Mata,Manchester United,es ESP,MF,7,2,235,2.6,0.0,0.0,0.0,0.0,0.0,0.0,0.0,0.0,0.0,0.0,0.0,0.0,0.3,0.3,0.2,0.5,0.11,0.06,0.17,0.11,0.17,Juan,J. Mata
230,237560,M. Djenepo,23,74,80,Southampton,6500000,37000,1.0,3.0,3.0,High/ Medium,Lean (170-185),Midfielder,177cm,65kg,68,70,57,67,57,83,65,59,59,75,84,81,89,69,82,69,86,69,62,68,64,33,72,69,60,68,,37,31,12.0,9.0,9.0,14.0,10.0,CAM,32,2022,74.0,Southampton,M. Djenepo,M,Djenepo,Moussa Djenepo,Southampton,ml MLI,MF,12,5,457,5.1,0.0,0.0,0.0,0.0,0.0,3.0,0.0,0.0,0.0,0.0,0.0,0.0,1.5,1.5,0.2,1.7,0.3,0.05,0.34,0.3,0.34,Moussa,M. Djenepo
231,222994,M. Nakamba,27,75,77,Aston Villa,6000000,49000,1.0,2.0,3.0,Low/ High,Normal (170-185),Midfielder,178cm,71kg,46,36,55,74,41,70,45,37,71,69,75,66,76,70,78,74,78,82,74,54,83,74,55,63,38,67,,78,74,9.0,15.0,10.0,15.0,8.0,CDM,77,2022,75.0,Aston Villa,M. Nakamba,M,Nakamba,Marvelous Nakamba,Aston Villa,zw ZIM,MF,16,10,904,10.0,0.0,0.0,0.0,0.0,0.0,5.0,0.0,0.0,0.0,0.0,0.0,0.0,0.0,0.0,0.1,0.1,0.0,0.01,0.01,0.0,0.01,Marvelous,M. Nakamba
236,251530,Nuno Tavares,21,70,80,Arsenal,3400000,24000,1.0,4.0,3.0,High/ Medium,Normal (170-185),Midfielder,183cm,75kg,74,34,54,64,44,71,73,55,50,73,85,87,77,68,60,77,58,78,76,66,68,61,66,62,42,71,,65,62,8.0,13.0,6.0,12.0,13.0,LM,60,2022,73.0,Olympique de Marseille,N. Tavares,N,Tavares,Nuno Tavares,Arsenal,pt POR,DF,22,13,"1,176",13.1,1.0,1.0,1.0,0.0,0.0,2.0,0.0,0.08,0.08,0.15,0.08,0.15,1.5,1.5,1.0,2.5,0.11,0.08,0.19,0.11,0.19,Nuno,N. Tavares
237,226766,Daniel Podence,25,78,81,Wolverhampton Wanderers,18500000,79000,1.0,4.0,4.0,High/ Medium,Normal (170-),Midfielder,165cm,58kg,66,67,42,75,57,86,75,42,70,82,94,86,92,77,93,66,65,75,30,57,67,21,76,78,63,78,,30,29,14.0,14.0,8.0,7.0,15.0,CAM,42,2022,78.0,Wolverhampton Wanderers,D. Podence,D,Podence,Daniel Podence,Wolverhampton Wanderers,pt POR,"FW,MF",26,15,"1,484",16.5,2.0,3.0,2.0,0.0,0.0,2.0,0.0,0.12,0.18,0.3,0.12,0.3,1.9,1.9,3.8,5.8,0.12,0.23,0.35,0.12,0.35,Daniel,D. Podence
238,231949,S. Ghoddos,27,69,69,Brentford,1500000,21000,1.0,3.0,4.0,Medium/ Low,Normal (170-185),Midfielder,177cm,79kg,67,70,64,72,68,65,65,78,64,73,61,60,68,68,70,78,58,69,67,73,63,46,68,70,62,69,,50,44,10.0,11.0,6.0,13.0,9.0,CAM,51,2022,68.0,Brentford,S. Ghoddos,S,Ghoddos,Saman Ghoddos,Brentford,ir IRN,"DF,MF",17,4,536,6.0,1.0,1.0,1.0,0.0,0.0,2.0,0.0,0.17,0.17,0.34,0.17,0.34,0.6,0.6,1.2,1.9,0.11,0.21,0.32,0.11,0.32,Saman,S. Ghoddos
239,237161,S. Longstaff,23,72,79,Newcastle United,4700000,23000,1.0,3.0,2.0,Medium/ Medium,Lean (170-185),Midfielder,180cm,65kg,60,61,47,73,56,68,68,69,73,74,61,54,56,74,67,73,61,72,65,70,54,70,68,72,54,71,,66,58,6.0,8.0,13.0,14.0,12.0,CM,64,2022,74.0,Newcastle United,S. Longstaff,S,Longstaff,Sean Longstaff,Newcastle United,eng ENG,MF,24,15,"1,464",16.3,1.0,1.0,1.0,0.0,0.0,1.0,0.0,0.06,0.06,0.12,0.06,0.12,1.2,1.2,0.7,1.9,0.07,0.04,0.12,0.07,0.12,Sean,S. Longstaff
240,188988,M. Lanzini,28,77,77,West Ham United,10500000,64000,2.0,3.0,4.0,Medium/ Medium,Normal (170-),Midfielder,167cm,59kg,74,70,52,79,61,82,76,76,77,80,76,66,84,72,89,76,75,53,31,75,48,27,73,77,73,76,,36,25,14.0,9.0,6.0,7.0,15.0,CAM,27,2022,79.0,West Ham United,M. Lanzini,M,Lanzini,Manuel Lanzini,West Ham United,ar ARG,"MF,FW",30,19,"1,786",19.8,5.0,3.0,2.0,3.0,3.0,2.0,0.0,0.25,0.15,0.4,0.1,0.25,3.4,1.1,2.2,3.3,0.17,0.11,0.28,0.06,0.17,Manuel,M. Lanzini
241,216388,A. Saint-Maximin,24,79,84,Newcastle United,26500000,41000,2.0,4.0,5.0,High/ Low,Stocky (170-185),Midfielder,173cm,67kg,70,65,53,74,59,91,73,58,64,83,93,90,93,74,87,80,73,74,63,70,36,17,72,71,58,80,,18,23,10.0,9.0,12.0,7.0,7.0,CAM,28,2022,81.0,Newcastle United,A. Saint-Maximin,A,Saint-Maximin,Allan Saint-Maximin,Newcastle United,fr FRA,"FW,MF",35,31,"2,804",31.2,5.0,5.0,5.0,0.0,0.0,6.0,0.0,0.16,0.16,0.32,0.16,0.32,5.1,5.1,5.8,10.9,0.16,0.19,0.35,0.16,0.35,Allan,A. Saint-Maximin
249,230899,A. Lookman,23,77,83,Leicester City,16500000,54000,1.0,4.0,4.0,Medium/ Medium,Lean (170-185),Midfielder,174cm,71kg,73,74,48,72,60,83,69,51,53,80,87,83,90,69,85,77,64,75,55,70,62,32,74,72,62,76,,23,24,12.0,12.0,9.0,15.0,6.0,RM,27,2022,77.0,Atalanta,A. Lookman,A,Lookman,Ademola Lookman,Leicester City,ng NGA,"FW,MF",26,16,"1,453",16.1,6.0,0.0,6.0,0.0,0.0,2.0,0.0,0.37,0.0,0.37,0.37,0.37,5.1,5.1,1.9,6.9,0.31,0.12,0.43,0.31,0.43,Ademola,A. Lookman
250,245992,B. Gilmour,20,72,86,Norwich City,5500000,43000,1.0,3.0,3.0,Medium/ Medium,Lean (170-),Midfielder,170cm,66kg,60,53,50,77,59,72,58,54,74,74,71,64,76,75,77,49,58,65,44,58,68,70,58,74,53,69,,73,64,9.0,7.0,9.0,13.0,12.0,CM,68,2022,72.0,Chelsea,B. Gilmour,B,Gilmour,Billy Gilmour,Norwich City,sct SCO,MF,24,21,"1,855",20.6,0.0,1.0,0.0,0.0,0.0,2.0,0.0,0.0,0.05,0.05,0.0,0.05,1.0,1.0,2.0,3.0,0.05,0.1,0.14,0.05,0.14,Billy,B. Gilmour
252,152747,A. Lennon,34,73,73,Burnley,1400000,28000,2.0,3.0,3.0,High/ High,Normal (170-),Midfielder,165cm,63kg,74,58,26,72,68,79,66,53,64,72,80,77,81,73,93,64,60,62,53,57,55,50,72,72,62,73,,50,43,14.0,7.0,7.0,16.0,11.0,RM,54,2022,74.0,Burnley,A. Lennon,A,Lennon,Aaron Lennon,Burnley,eng ENG,MF,28,17,"1,551",17.2,2.0,0.0,2.0,0.0,0.0,2.0,0.0,0.12,0.0,0.12,0.12,0.12,1.1,1.1,0.5,1.6,0.06,0.03,0.09,0.06,0.09,Aaron,A. Lennon
254,238616,Pedro Neto,21,78,85,Wolverhampton Wanderers,28500000,62000,1.0,4.0,4.0,High/ Medium,Normal (170-185),Midfielder,172cm,62kg,70,76,49,75,65,83,66,51,56,80,86,87,86,75,86,76,52,72,56,74,53,41,76,73,62,64,,23,17,6.0,13.0,7.0,12.0,6.0,CAM,32,2022,78.0,Wolverhampton Wanderers,P. Neto,P,Neto,Pedro Neto,Wolverhampton Wanderers,pt POR,"FW,MF",13,5,466,5.2,1.0,1.0,1.0,0.0,0.0,3.0,0.0,0.19,0.19,0.39,0.19,0.39,1.5,1.5,1.1,2.6,0.29,0.22,0.51,0.29,0.51,Pedro,P. Neto
257,234824,Y. Wissa,24,75,78,Brentford,7500000,37000,1.0,3.0,3.0,High/ Medium,Lean (170-185),Midfielder,176cm,74kg,71,75,58,65,68,77,56,46,60,76,85,91,82,70,73,75,76,71,68,72,61,31,75,68,71,73,,23,18,14.0,7.0,6.0,8.0,15.0,RM,25,2022,75.0,Brentford,Y. Wissa,Y,Wissa,Yoane Wissa,Brentford,cd COD,"FW,MF",30,12,"1,284",14.3,7.0,1.0,7.0,0.0,0.0,0.0,0.0,0.49,0.07,0.56,0.49,0.56,3.7,3.7,0.7,4.4,0.26,0.05,0.31,0.26,0.31,Yoane,Y. Wissa
266,228815,T. Roberts,22,73,80,Leeds United,6000000,47000,1.0,3.0,3.0,Medium/ Medium,Normal (170-185),Midfielder,180cm,75kg,64,70,65,73,59,75,57,42,65,77,75,75,77,67,74,73,56,76,76,65,57,37,72,73,70,76,,39,27,12.0,8.0,13.0,9.0,13.0,CAM,31,2022,70.0,Queens Park Rangers,T. Roberts,T,Roberts,Tyler Roberts,Leeds United,wls WAL,"MF,FW",23,7,987,11.0,1.0,1.0,1.0,0.0,0.0,5.0,0.0,0.09,0.09,0.18,0.09,0.18,2.4,2.4,1.2,3.7,0.22,0.11,0.34,0.22,0.34,Tyler,T. Roberts
267,239452,I. Diallo,22,73,80,Southampton,6000000,31000,1.0,3.0,3.0,Medium/ High,Lean (170-185),Midfielder,179cm,68kg,52,41,59,71,36,69,52,39,72,70,68,61,71,68,77,55,62,79,67,54,78,74,57,68,64,67,,71,69,8.0,9.0,8.0,14.0,6.0,CDM,72,2022,74.0,Southampton,I. Diallo,I,Diallo,Ibrahima Diallo,Southampton,fr FRA,MF,23,10,"1,023",11.4,0.0,2.0,0.0,0.0,0.0,1.0,0.0,0.0,0.18,0.18,0.0,0.18,0.5,0.5,1.0,1.4,0.04,0.09,0.13,0.04,0.13,Ibrahima,I. Diallo
271,213655,A. Iwobi,25,77,79,Everton,13000000,68000,2.0,3.0,4.0,High/ Medium,Normal (185+),Midfielder,185cm,75kg,72,63,44,77,51,83,70,40,65,80,75,79,77,74,75,72,47,74,72,62,54,35,75,75,59,73,,41,31,14.0,7.0,12.0,14.0,11.0,RM,38,2022,75.0,Everton,A. Iwobi,A,Iwobi,Alex Iwobi,Everton,ng NGA,"MF,DF",28,22,"2,035",22.6,2.0,2.0,2.0,0.0,0.0,1.0,0.0,0.09,0.09,0.18,0.09,0.18,1.7,1.7,2.8,4.5,0.07,0.13,0.2,0.07,0.2,Alex,A. Iwobi
276,199576,Oriol Romeu,29,78,78,Southampton,12000000,53000,2.0,3.0,2.0,Low/ High,Normal (170-185),Midfielder,183cm,83kg,37,25,69,78,52,63,49,53,72,70,50,34,54,72,59,75,65,74,82,48,89,81,48,56,54,74,,82,78,12.0,14.0,10.0,11.0,16.0,CDM,80,2022,78.0,Southampton,O. Romeu,O,Romeu,Oriol Romeu,Southampton,es ESP,MF,36,34,"2,889",32.1,2.0,2.0,2.0,0.0,0.0,9.0,0.0,0.06,0.06,0.12,0.06,0.12,1.3,1.3,2.8,4.1,0.04,0.09,0.13,0.04,0.13,Oriol,O. Romeu
278,225748,T. Cantwell,23,75,82,Norwich City,11500000,28000,1.0,2.0,4.0,High/ Medium,Lean (170-185),Midfielder,177cm,70kg,66,71,43,76,62,77,73,66,68,80,74,71,77,74,74,66,46,68,45,67,48,30,73,77,58,75,,45,31,10.0,8.0,14.0,15.0,16.0,CAM,40,2022,74.0,Norwich City,T. Cantwell,T,Cantwell,Todd Cantwell,Norwich City,eng ENG,"FW,MF",8,5,441,4.9,0.0,0.0,0.0,0.0,0.0,2.0,0.0,0.0,0.0,0.0,0.0,0.0,0.2,0.2,0.2,0.4,0.03,0.04,0.07,0.03,0.07,Todd,T. Cantwell
285,236529,S. Alzate,22,70,79,Brighton & Hove Albion,3600000,24000,1.0,3.0,3.0,Medium/ Medium,Lean (170-185),Midfielder,180cm,75kg,65,62,45,73,50,76,61,22,67,73,71,69,78,70,79,60,57,73,68,59,64,64,65,69,35,72,,66,61,9.0,6.0,6.0,7.0,6.0,CAM,62,2022,71.0,Brighton & Hove Albion,S. Alzate,S,Alzate,Steven Alzate,Brighton & Hove Albion,co COL,MF,9,5,404,4.5,0.0,0.0,0.0,0.0,0.0,0.0,0.0,0.0,0.0,0.0,0.0,0.0,0.1,0.1,0.2,0.3,0.02,0.04,0.06,0.02,0.06,Steven,S. Alzate
286,245715,J. Shackleton,21,69,79,Leeds United,3100000,23000,1.0,3.0,3.0,High/ Medium,Normal (170-),Midfielder,168cm,65kg,66,47,44,74,31,71,48,38,70,71,81,79,83,70,85,46,60,85,60,44,67,67,63,63,33,72,,64,59,14.0,14.0,11.0,9.0,11.0,RM,65,2022,71.0,Millwall,J. Shackleton,J,Shackleton,Jamie Shackleton,Leeds United,eng ENG,"DF,MF",14,7,709,7.9,0.0,0.0,0.0,0.0,0.0,4.0,0.0,0.0,0.0,0.0,0.0,0.0,0.2,0.2,0.0,0.2,0.02,0.01,0.03,0.02,0.03,Jamie,J. Shackleton
288,220633,D. Gray,25,75,78,Everton,7500000,66000,2.0,4.0,4.0,High/ Medium,Lean (170-185),Midfielder,183cm,75kg,67,75,31,68,54,83,68,60,59,78,89,84,84,66,76,78,51,66,56,65,41,25,69,71,57,60,,45,31,6.0,11.0,11.0,13.0,10.0,CAM,42,2022,77.0,Everton,D. Gray,D,Gray,Demarai Gray,Everton,eng ENG,"MF,FW",34,28,"2,338",26.0,5.0,4.0,5.0,0.0,0.0,3.0,0.0,0.19,0.15,0.35,0.19,0.35,4.5,4.5,4.3,8.8,0.17,0.16,0.34,0.17,0.34,Demarai,D. Gray
291,237916,W. Smallbone,21,66,77,Southampton,1900000,10000,1.0,4.0,3.0,High/ Medium,Lean (170-185),Midfielder,173cm,61kg,52,59,50,68,59,72,62,66,65,71,70,65,74,66,83,65,59,55,41,64,46,59,64,66,63,67,,62,53,13.0,6.0,9.0,8.0,8.0,CAM,55,2022,67.0,Stoke City,W. Smallbone,W,Smallbone,William Smallbone,Southampton,ie IRL,"MF,FW",4,2,133,1.5,0.0,0.0,0.0,0.0,0.0,0.0,0.0,0.0,0.0,0.0,0.0,0.0,0.1,0.1,0.1,0.2,0.05,0.06,0.12,0.05,0.12,William,W. Smallbone
292,245903,H. White,19,62,79,Tottenham Hotspur,975000,6000,1.0,3.0,3.0,Medium/ Medium,Lean (170-185),Midfielder,178cm,70kg,66,51,52,65,50,61,70,71,61,64,70,68,72,60,71,65,55,67,48,63,62,58,55,65,53,62,,58,56,13.0,13.0,12.0,9.0,13.0,LM,58,2022,64.0,Tottenham Hotspur,H. White,H,White,Harvey White,Tottenham Hotspur,eng ENG,MF,0,0,,,,,,,,,,,,,,,,,,,,,,,,Harvey,H. White
294,241042,O. Skipp,20,75,85,Tottenham Hotspur,11500000,44000,1.0,3.0,2.0,Medium/ High,Normal (170-185),Midfielder,178cm,70kg,52,41,51,77,35,64,48,42,75,74,67,58,58,73,74,55,61,78,64,45,76,72,52,67,54,66,,73,72,8.0,12.0,9.0,7.0,5.0,CDM,74,2022,77.0,Tottenham Hotspur,O. Skipp,O,Skipp,Oliver Skipp,Tottenham Hotspur,eng ENG,MF,18,14,"1,350",15.0,0.0,0.0,0.0,0.0,0.0,6.0,0.0,0.0,0.0,0.0,0.0,0.0,0.2,0.2,0.9,1.1,0.01,0.06,0.07,0.01,0.07,Oliver,O. Skipp
301,243393,T. Richards,20,66,78,Brighton & Hove Albion,2100000,11000,1.0,3.0,3.0,High/ Medium,Normal (170-185),Midfielder,180cm,78kg,57,61,42,66,56,68,55,52,64,66,72,74,74,61,68,65,53,73,67,63,56,50,63,66,64,68,,54,49,13.0,10.0,13.0,9.0,12.0,CAM,53,2022,66.0,Queens Park Rangers,T. Richards,T,Richards,Taylor Richards,Brighton & Hove Albion,eng ENG,"MF,FW",2,0,25,0.3,0.0,0.0,0.0,0.0,0.0,0.0,0.0,0.0,0.0,0.0,0.0,0.0,0.0,0.0,0.0,0.0,0.14,0.0,0.14,0.14,0.14,Taylor,T. Richards
303,240697,S. Baptiste,23,66,75,Brentford,1900000,11000,1.0,4.0,3.0,Medium/ Medium,Normal (170-185),Midfielder,175cm,67kg,53,54,61,71,38,71,51,41,65,70,68,65,70,66,68,60,65,62,69,53,66,65,59,66,41,65,,65,61,5.0,13.0,10.0,15.0,14.0,CAM,65,2022,69.0,Brentford,S. Baptiste,S,Baptiste,Shandon Baptiste,Brentford,gd GRN,MF,22,9,910,10.1,1.0,1.0,1.0,0.0,0.0,2.0,1.0,0.1,0.1,0.2,0.1,0.2,0.7,0.7,0.5,1.2,0.07,0.05,0.12,0.07,0.12,Shandon,S. Baptiste
315,246402,M. Bidstrup,20,64,76,Brentford,1300000,7000,1.0,3.0,3.0,Medium/ Medium,Lean (170-185),Midfielder,178cm,74kg,63,52,58,69,52,62,54,42,64,67,66,60,69,60,88,55,49,65,63,50,64,58,52,63,42,64,,64,58,11.0,14.0,11.0,6.0,13.0,CDM,61,2022,67.0,FC Nordsjælland,M. Bidstrup,M,Bidstrup,Mads Bidstrup,Brentford,dk DEN,MF,4,0,41,0.5,0.0,0.0,0.0,0.0,0.0,0.0,0.0,0.0,0.0,0.0,0.0,0.0,0.0,0.0,0.0,0.0,0.0,0.0,0.0,0.0,0.0,Mads,M. Bidstrup
317,246923,J. Ramsey,20,68,82,Aston Villa,2900000,16000,1.0,3.0,3.0,High/ Medium,Lean (170-185),Midfielder,180cm,72kg,42,60,39,72,44,73,49,45,68,72,69,68,68,65,72,60,56,69,64,61,61,57,70,71,45,68,,56,49,14.0,9.0,8.0,6.0,12.0,CAM,48,2022,75.0,Aston Villa,J. Ramsey,J,Ramsey,Jacob Ramsey,Aston Villa,eng ENG,MF,34,29,"2,467",27.4,6.0,1.0,6.0,0.0,0.0,6.0,0.0,0.22,0.04,0.26,0.22,0.26,3.8,3.8,2.0,5.8,0.14,0.07,0.21,0.14,0.21,Jacob,J. Ramsey
329,261374,L. Bate,18,63,84,Leeds United,1500000,4000,1.0,3.0,3.0,High/ High,Lean (170-185),Midfielder,172cm,63kg,55,47,42,73,45,63,55,51,69,65,72,70,76,57,84,57,49,69,53,49,60,53,47,70,46,64,,57,56,10.0,9.0,7.0,6.0,10.0,CM,56,2022,65.0,Oxford United,L. Bate,L,Bate,Lewis Bate,Leeds United,eng ENG,MF,3,1,146,1.6,0.0,0.0,0.0,0.0,0.0,0.0,0.0,0.0,0.0,0.0,0.0,0.0,0.0,0.0,0.0,0.0,0.01,0.0,0.01,0.01,0.01,Lewis,L. Bate
330,246174,H. Elliott,18,73,87,Liverpool,7000000,29000,1.0,4.0,4.0,Medium/ Medium,Lean (170-),Midfielder,170cm,64kg,72,64,40,73,48,77,56,57,68,77,82,77,87,69,86,60,40,66,33,62,32,30,67,76,59,70,,29,21,10.0,10.0,6.0,14.0,7.0,CAM,32,2022,73.0,Liverpool,H. Elliott,H,Elliott,Harvey Elliott,Liverpool,eng ENG,MF,6,4,346,3.8,0.0,0.0,0.0,0.0,0.0,0.0,0.0,0.0,0.0,0.0,0.0,0.0,0.9,0.9,0.5,1.4,0.23,0.12,0.35,0.23,0.35,Harvey,H. Elliott
333,263582,M. Peart-Harris,18,64,79,Brentford,1400000,4000,1.0,3.0,2.0,Medium/ Low,Normal (185+),Midfielder,187cm,70kg,63,68,52,63,47,64,54,60,60,65,74,70,64,54,69,61,65,60,64,62,46,31,60,69,62,67,,41,39,6.0,7.0,12.0,13.0,13.0,CAM,43,2022,62.0,Brentford,M. Peart-Harris,M,Peart-Harris,Myles Peart-Harris,Brentford,eng ENG,MF,0,0,,,,,,,,,,,,,,,,,,,,,,,,Myles,M. Peart-Harris
337,257534,C. Palmer,19,64,84,Manchester City,1600000,14000,1.0,3.0,4.0,Medium/ Medium,Lean (185+),Midfielder,189cm,74kg,58,58,41,62,51,68,62,55,60,67,76,78,75,56,71,65,56,55,54,55,50,40,57,60,50,63,,47,46,7.0,6.0,10.0,14.0,14.0,CAM,48,2022,67.0,Manchester City,C. Palmer,C,Palmer,Cole Palmer,Manchester City,eng ENG,"FW,MF",4,1,123,1.4,0.0,0.0,0.0,0.0,0.0,0.0,0.0,0.0,0.0,0.0,0.0,0.0,0.3,0.3,0.2,0.5,0.23,0.17,0.39,0.23,0.39,Cole,C. Palmer
343,260144,C. Patino,17,62,85,Arsenal,1200000,2000,1.0,3.0,2.0,Medium/ Medium,Lean (170-185),Midfielder,182cm,75kg,43,36,61,70,43,64,54,42,66,63,71,58,66,59,62,56,63,62,56,41,63,63,47,62,52,60,,61,63,14.0,9.0,12.0,6.0,11.0,CDM,59,2022,64.0,Blackpool,C. Patino,C,Patino,Charlie Patino,Arsenal,eng ENG,FW,0,0,,,,,,,,,,,,,,,,,,,,,,,,Charlie,C. Patino
347,253407,S. Greenwood,19,65,82,Leeds United,1900000,11000,1.0,4.0,2.0,High/ Medium,Lean (170-185),Midfielder,180cm,75kg,52,69,56,62,57,65,69,73,46,69,70,69,65,61,58,63,62,65,59,63,38,28,62,60,65,62,,29,24,10.0,13.0,11.0,11.0,7.0,CAM,37,2022,67.0,Leeds United,S. Greenwood,S,Greenwood,Sam Greenwood,Leeds United,eng ENG,"MF,FW",7,1,237,2.6,0.0,2.0,0.0,0.0,0.0,0.0,0.0,0.0,0.76,0.76,0.0,0.76,0.4,0.4,0.7,1.1,0.14,0.28,0.42,0.14,0.42,Sam,S. Greenwood
351,258171,H. Mejbri,18,62,84,Manchester United,1300000,6000,1.0,3.0,3.0,High/ Medium,Lean (170-185),Midfielder,182cm,70kg,59,50,42,63,45,64,61,46,60,62,69,69,76,62,62,54,40,62,53,50,70,52,64,62,46,65,,56,52,9.0,5.0,10.0,11.0,7.0,CAM,50,2022,64.0,Manchester United,H. Mejbri,H,Mejbri,Hannibal Mejbri,Manchester United,tn TUN,FW,2,1,68,0.8,0.0,0.0,0.0,0.0,0.0,2.0,0.0,0.0,0.0,0.0,0.0,0.0,0.1,0.1,0.0,0.1,0.12,0.0,0.12,0.12,0.12,Hannibal,H. Mejbri
352,240175,Bruno Jordão,22,62,73,Wolverhampton Wanderers,900000,10000,1.0,3.0,3.0,Medium/ Medium,Normal (170-185),Midfielder,180cm,73kg,51,54,57,66,46,69,45,43,65,68,65,63,68,60,68,63,58,60,59,55,61,50,49,64,54,65,,52,45,9.0,11.0,6.0,6.0,7.0,CAM,45,2022,62.0,Wolverhampton Wanderers,B. Jordão,B,Jordão,Bruno Jordão,Wolverhampton Wanderers,pt POR,MF,0,0,,,,,,,,,,,,,,,,,,,,,,,,Bruno,B. Jordão
355,242964,A. Gordon,20,67,81,Everton,2500000,16000,1.0,3.0,3.0,High/ Medium,Lean (185+),Midfielder,185cm,70kg,62,62,45,62,44,73,63,59,51,69,78,79,68,59,66,61,55,63,51,62,54,28,62,63,65,62,,28,25,5.0,6.0,14.0,7.0,8.0,RM,32,2022,75.0,Everton,A. Gordon,A,Gordon,Anthony Gordon,Everton,eng ENG,"MF,FW",35,25,"2,285",25.4,4.0,2.0,4.0,0.0,0.0,4.0,0.0,0.16,0.08,0.24,0.16,0.24,3.4,3.4,3.3,6.7,0.13,0.13,0.26,0.13,0.26,Anthony,A. Gordon
358,257470,A. Elanga,19,65,80,Manchester United,1700000,12000,1.0,3.0,3.0,High/ Medium,Lean (170-185),Midfielder,180cm,70kg,61,60,58,60,55,68,65,61,47,66,81,81,81,61,72,64,43,58,51,60,42,27,65,59,50,62,,29,24,13.0,5.0,13.0,8.0,10.0,CAM,23,2022,74.0,Manchester United,A. Elanga,A,Elanga,Anthony Elanga,Manchester United,se SWE,FW,21,14,"1,214",13.5,2.0,2.0,2.0,0.0,0.0,0.0,0.0,0.15,0.15,0.3,0.15,0.3,3.0,3.0,1.8,4.8,0.22,0.14,0.35,0.22,0.35,Anthony,A. Elanga
360,251954,C. Summerville,19,68,80,Leeds United,2900000,15000,1.0,3.0,3.0,High/ Low,Lean (170-185),Midfielder,174cm,64kg,59,63,41,62,51,70,60,61,47,68,89,88,87,63,76,64,37,67,48,58,34,17,62,60,59,57,,24,26,9.0,9.0,15.0,11.0,10.0,RM,21,2022,69.0,Leeds United,C. Summerville,C,Summerville,Crysencio Summerville,Leeds United,nl NED,"MF,FW",6,0,130,1.4,0.0,0.0,0.0,0.0,0.0,0.0,0.0,0.0,0.0,0.0,0.0,0.0,0.3,0.3,0.1,0.3,0.18,0.03,0.21,0.18,0.21,Crysencio,C. Summerville
361,259356,C. Chukwuemeka,17,63,84,Aston Villa,1500000,1000,1.0,3.0,4.0,High/ Medium,Lean (170-185),Midfielder,183cm,70kg,53,58,46,68,52,68,55,46,67,68,61,63,57,56,75,56,50,48,61,34,58,33,60,64,58,65,,49,54,12.0,12.0,9.0,11.0,10.0,CAM,43,2022,64.0,Chelsea,C. Chukwuemeka,C,Chukwuemeka,Carney Chukwuemeka,Aston Villa,eng ENG,"MF,FW",12,2,301,3.3,0.0,1.0,0.0,0.0,0.0,0.0,0.0,0.0,0.3,0.3,0.0,0.3,0.6,0.6,1.0,1.5,0.17,0.29,0.46,0.17,0.46,Carney,C. Chukwuemeka
367,246154,L. McCarron,20,60,77,Leeds United,625000,7000,1.0,3.0,2.0,High/ Medium,Normal (170-185),Midfielder,176cm,61kg,60,52,43,59,47,60,41,40,48,57,82,80,76,56,73,54,45,63,47,51,36,57,51,49,54,40,,53,48,11.0,14.0,14.0,12.0,7.0,LM,46,2022,61.0,Stoke City,L. McCarron,L,McCarron,Liam McCarron,Leeds United,sct SCO,FW,1,0,10,0.1,0.0,0.0,0.0,0.0,0.0,0.0,0.0,0.0,0.0,0.0,0.0,0.0,0.0,0.0,0.0,0.0,0.0,0.0,0.0,0.0,0.0,Liam,L. McCarron
372,264180,A. Devine,16,57,82,Tottenham Hotspur,500000,1000,1.0,3.0,2.0,Medium/ Medium,Normal (170-185),Midfielder,180cm,70kg,42,37,57,67,42,60,47,41,62,58,60,68,56,57,68,66,60,57,48,42,61,46,63,50,52,50,,54,60,8.0,7.0,13.0,12.0,13.0,CAM,45,2022,60.0,Tottenham Hotspur,A. Devine,A,Devine,Alfie Devine,Tottenham Hotspur,eng ENG,MF,0,0,,,,,,,,,,,,,,,,,,,,,,,,Alfie,A. Devine
373,254243,E. Anderson,18,62,80,Newcastle United,1000000,2000,1.0,3.0,2.0,High/ Medium,Normal (170-185),Midfielder,175cm,63kg,54,63,40,64,55,66,61,49,58,63,70,62,74,45,73,67,54,53,46,55,51,26,62,59,60,58,,31,30,6.0,12.0,5.0,10.0,7.0,CAM,46,2022,67.0,Newcastle United,E. Anderson,E,Anderson,Elliot Anderson,Newcastle United,sct SCO,MF,0,0,,,,,,,,,,,,,,,,,,,,,,,,Elliot,E. Anderson
374,260910,S. Shoretire,17,62,84,Manchester United,1200000,2000,1.0,4.0,3.0,Medium/ Medium,Normal (170-185),Midfielder,175cm,70kg,52,59,52,59,51,64,56,43,52,62,70,73,83,59,85,56,35,54,55,51,62,35,60,61,45,59,,39,31,7.0,7.0,8.0,5.0,9.0,CAM,33,2022,64.0,Manchester United,S. Shoretire,S,Shoretire,Shola Shoretire,Manchester United,eng ENG,FW,1,0,16,0.2,0.0,0.0,0.0,0.0,0.0,0.0,0.0,0.0,0.0,0.0,0.0,0.0,0.0,0.0,0.0,0.0,0.0,0.0,0.0,0.0,0.0,Shola,S. Shoretire
377,254113,C. Campbell,18,58,78,Wolverhampton Wanderers,550000,4000,1.0,4.0,4.0,Medium/ Medium,Lean (170-185),Midfielder,180cm,72kg,56,52,42,57,52,63,60,48,54,62,72,69,76,51,72,59,53,52,51,50,45,31,52,54,54,56,,45,43,11.0,11.0,12.0,7.0,7.0,CAM,42,2022,60.0,Wolverhampton Wanderers,C. Campbell,C,Campbell,Chem Campbell,Wolverhampton Wanderers,wls WAL,MF,1,0,13,0.1,0.0,0.0,0.0,0.0,0.0,0.0,0.0,0.0,0.0,0.0,0.0,0.0,0.0,0.0,0.0,0.0,0.0,0.0,0.0,0.0,0.0,Chem,C. Campbell
381,247349,J. Jenkins,19,61,77,Leeds United,800000,6000,1.0,3.0,2.0,Medium/ High,Lean (170-185),Midfielder,176cm,70kg,48,30,45,69,34,58,37,35,61,63,71,67,61,58,72,52,64,65,58,35,63,55,49,46,42,58,,60,56,14.0,13.0,12.0,7.0,9.0,CDM,54,2022,62.0,Leeds United,J. Jenkins,J,Jenkins,Jack Jenkins,Leeds United,eng ENG,MF,0,0,,,,,,,,,,,,,,,,,,,,,,,,Jack,J. Jenkins
386,254807,K. Baah,18,60,80,Watford,675000,3000,1.0,2.0,3.0,High/ Medium,Lean (170-185),Midfielder,183cm,75kg,49,52,42,52,41,62,45,46,47,59,87,83,74,56,78,64,54,52,61,60,50,28,54,55,48,58,,32,24,10.0,6.0,14.0,7.0,14.0,RM,30,2022,60.0,Fortuna Düsseldorf,K. Baah,K,Baah,Kwadwo Baah,Watford,eng ENG,FW,0,0,,,,,,,,,,,,,,,,,,,,,,,,Kwadwo,K. Baah
391,255312,S. Banks,19,59,76,Crystal Palace,575000,4000,1.0,2.0,3.0,Medium/ Medium,Lean (170-185),Midfielder,183cm,72kg,57,55,49,58,48,63,63,62,54,61,76,71,60,44,67,60,49,44,51,61,34,26,53,55,61,52,,33,30,14.0,12.0,6.0,12.0,7.0,CAM,29,2022,59.0,Bradford City,S. Banks,S,Banks,Scott Banks,Crystal Palace,sct SCO,MF,0,0,,,,,,,,,,,,,,,,,,,,,,,,Scott,S. Banks
393,253461,L. Cundle,19,54,74,Wolverhampton Wanderers,300000,6000,1.0,3.0,2.0,High/ Medium,Lean (170-),Midfielder,170cm,62kg,49,49,38,57,46,55,51,52,57,56,74,51,76,50,81,55,50,51,32,52,49,45,51,55,47,53,,49,48,14.0,12.0,6.0,6.0,13.0,CAM,47,2022,60.0,Wolverhampton Wanderers,L. Cundle,L,Cundle,Luke Cundle,Wolverhampton Wanderers,eng ENG,MF,4,2,180,2.0,0.0,0.0,0.0,0.0,0.0,0.0,0.0,0.0,0.0,0.0,0.0,0.0,0.0,0.0,0.2,0.2,0.0,0.12,0.12,0.0,0.12,Luke,L. Cundle
397,256620,L. Gibbs,18,55,73,Norwich City,325000,2000,1.0,3.0,2.0,High/ Medium,Lean (170-185),Midfielder,178cm,65kg,49,48,49,57,40,53,41,37,56,55,69,66,66,55,73,52,63,53,41,50,55,51,53,56,38,50,,52,44,7.0,8.0,5.0,15.0,10.0,CAM,44,2022,61.0,Norwich City,L. Gibbs,L,Gibbs,Liam Gibbs,Norwich City,eng ENG,MF,0,0,,,,,,,,,,,,,,,,,,,,,,,,Liam,L. Gibbs
402,253729,A. Okoflex,19,59,78,West Ham United,575000,5000,1.0,3.0,3.0,High/ Medium,Normal (185+),Midfielder,186cm,72kg,52,56,51,52,42,65,51,49,40,64,76,78,78,48,79,63,48,55,58,57,33,16,54,53,59,58,,23,17,13.0,8.0,5.0,9.0,15.0,CAM,26,2022,60.0,West Ham United,A. Okoflex,A,Okoflex,Armstrong Okoflex,West Ham United,ie IRL,MF,0,0,,,,,,,,,,,,,,,,,,,,,,,,Armstrong,A. Okoflex
403,263953,S. Edozie,18,62,82,Manchester City,1100000,7000,1.0,2.0,3.0,Medium/ Medium,Lean (170-),Midfielder,167cm,71kg,61,55,37,56,47,67,52,42,50,65,84,67,63,51,68,59,48,48,50,50,38,23,56,55,60,57,,31,36,13.0,11.0,10.0,7.0,9.0,RM,22,2022,62.0,Manchester City,S. Edozie,S,Edozie,Samuel Edozie,Manchester City,eng ENG,FW,0,0,,,,,,,,,,,,,,,,,,,,,,,,Samuel,S. Edozie
406,263522,J. Sarmiento,19,59,71,Brighton & Hove Albion,525000,5000,1.0,3.0,2.0,Medium/ Medium,Lean (170-185),Midfielder,182cm,72kg,59,60,43,53,52,64,53,46,48,61,75,77,63,42,65,70,40,45,50,43,30,22,51,54,60,50,,32,30,12.0,9.0,13.0,14.0,12.0,RM,27,2022,66.0,Brighton & Hove Albion,J. Sarmiento,J,Sarmiento,Jeremy Sarmiento,Brighton & Hove Albion,ec ECU,"FW,MF",5,1,48,0.5,0.0,0.0,0.0,0.0,0.0,0.0,0.0,0.0,0.0,0.0,0.0,0.0,0.0,0.0,0.0,0.0,0.0,0.0,0.0,0.0,0.0,Jeremy,J. Sarmiento
409,256556,B. Chrisene,17,53,78,Aston Villa,275000,500,1.0,3.0,3.0,High/ Medium,Lean (170-185),Midfielder,181cm,68kg,56,39,36,55,36,58,42,37,53,59,70,68,69,48,70,48,58,61,50,40,45,42,55,52,48,50,,43,44,5.0,6.0,10.0,9.0,12.0,LM,48,2022,58.0,Aston Villa,B. Chrisene,B,Chrisene,Benjamin Chrisene,Aston Villa,eng ENG,DF,0,0,,,,,,,,,,,,,,,,,,,,,,,,Benjamin,B. Chrisene
410,260157,M. Haygarth,19,59,75,Brentford,575000,5000,1.0,4.0,3.0,Medium/ Medium,Lean (170-185),Midfielder,176cm,64kg,48,56,37,54,47,62,57,52,41,61,73,71,78,52,80,51,45,44,49,51,43,25,53,60,52,53,,27,23,12.0,6.0,8.0,10.0,12.0,CAM,31,2022,57.0,Brentford,M. Haygarth,M,Haygarth,Maxwell Haygarth,Brentford,eng ENG,MF,0,0,,,,,,,,,,,,,,,,,,,,,,,,Maxwell,M. Haygarth
420,246349,D. Markanday,19,58,76,Tottenham Hotspur,525000,6000,1.0,3.0,3.0,Medium/ Medium,Lean (170-185),Midfielder,175cm,70kg,61,46,32,54,51,64,54,44,50,60,75,71,62,42,75,64,43,52,47,44,38,22,47,54,36,55,,23,21,14.0,14.0,7.0,8.0,11.0,RM,26,2022,62.0,Blackburn Rovers,D. Markanday,D,Markanday,Dilan Markanday,Tottenham Hotspur,eng ENG,"FW,MF",0,0,,,,,,,,,,,,,,,,,,,,,,,,Dilan,D. Markanday
421,264580,D. Chesters,19,56,68,West Ham United,350000,5000,1.0,3.0,3.0,Medium/ Medium,Normal (170-185),Midfielder,175cm,70kg,56,42,33,56,40,58,53,47,50,60,68,68,72,44,78,46,51,53,46,45,44,27,48,54,46,57,,25,29,6.0,6.0,8.0,9.0,8.0,CAM,35,2022,57.0,West Ham United,D. Chesters,D,Chesters,Daniel Chesters,West Ham United,eng ENG,MF,1,0,1,0.0,0.0,0.0,0.0,0.0,0.0,0.0,0.0,0.0,0.0,0.0,0.0,0.0,0.0,0.0,0.0,0.0,0.0,0.0,0.0,0.0,0.0,Daniel,D. Chesters
