,,,,,,,Playing Time,,,,Performance,,,,,,,,Expected,,,,Progression,,,Per 90 Minutes,,,,,,,,,,,#NAME?
Rk,Player,Nation,Pos,Squad,Age,Born,MP,Starts,Min,90s,Gls,Ast,G+A,G-PK,PK,PKatt,CrdY,CrdR,xG,npxG,xAG,npxG+xAG,PrgC,PrgP,PrgR,Gls,Ast,G+A,G-PK,G+A-PK,xG,xAG,xG+xAG,npxG,npxG+xAG,Matches,-9999
1,Antonio Adán,es ESP,GK,Atlético Madrid,31,1987,1,1,90,1,0,0,0,0,0,0,1,0,0,0,0,0,0,0,0,0,0,0,0,0,0,0,0,0,0,Matches,65d62814
2,Aday,es ESP,DFMF,Girona,30,1987,10,8,645,7.2,0,2,2,0,0,0,2,0,0.3,0.3,1.5,1.8,35,11,40,0,0.28,0.28,0,0.28,0.04,0.21,0.25,0.04,0.25,Matches,5890cef1
3,Aritz Aduriz,es ESP,FW,Athletic Club,37,1981,20,10,943,10.5,2,0,2,0,2,2,5,0,3.3,1.8,0.7,2.5,8,15,57,0.19,0,0.19,0,0,0.32,0.07,0.38,0.17,0.23,Matches,2.93E+06
4,Luis Advíncula,pe PER,DF,Rayo Vallecano,28,1990,28,27,2389,26.5,1,3,4,1,0,0,6,2,1.1,1.1,2.4,3.5,51,90,136,0.04,0.11,0.15,0.04,0.15,0.04,0.09,0.13,0.04,0.13,Matches,cacadf4f
5,Martin Agirregabiria,es ESP,DF,Alavés,22,1996,27,23,2032,22.6,0,0,0,0,0,0,4,0,0,0,0.5,0.5,36,89,56,0,0,0,0,0,0,0.02,0.02,0,0.02,Matches,355c883a
6,Juan Aguilera,es ESP,MF,Huesca,32,1985,6,4,344,3.8,0,0,0,0,0,0,1,0,0.5,0.5,0,0.5,8,21,2,0,0,0,0,0,0.14,0,0.14,0.14,0.14,Matches,18dc8533
7,Carlos Akapo,gq EQG,DF,Huesca,25,1993,13,12,1023,11.4,0,0,0,0,0,0,2,0,0.2,0.2,0.2,0.4,33,34,28,0,0,0,0,0,0.02,0.02,0.04,0.02,0.04,Matches,f2a68b97
8,Sergio Akieme,es ESP,DF,Rayo Vallecano,20,1997,2,2,180,2,0,1,1,0,0,0,0,0,0,0,0.1,0.1,5,7,9,0,0.5,0.5,0,0.5,0,0.03,0.03,0,0.03,Matches,06efa9dc
9,Jordi Alba,es ESP,DF,Barcelona,29,1989,36,32,2991,33.2,2,8,10,2,0,0,6,0,1.8,1.8,6.7,8.5,63,207,372,0.06,0.24,0.3,0.06,0.3,0.05,0.2,0.25,0.05,0.25,Matches,4.60E+197
10,Pedro Alcalá,es ESP,DF,Girona,29,1989,25,20,1868,20.8,1,1,2,1,0,0,9,0,1,1,0.6,1.6,13,47,3,0.05,0.05,0.1,0.05,0.1,0.05,0.03,0.08,0.05,0.08,Matches,ba71d071
11,Rubén Alcaraz,es ESP,MF,Valladolid,27,1991,34,34,2976,33.1,3,2,5,3,0,1,13,0,3.5,2.7,0.9,3.6,45,181,21,0.09,0.06,0.15,0.09,0.15,0.1,0.03,0.13,0.08,0.11,Matches,036bba5f
12,Álex Alegría,es ESP,FWMF,Rayo Vallecano,25,1992,9,0,140,1.6,0,0,0,0,0,0,0,0,0.2,0.2,0.4,0.6,4,5,7,0,0,0,0,0,0.16,0.24,0.4,0.16,0.4,Matches,46166b49
13,Iván Alejo,es ESP,MF,Getafe,23,1995,4,2,146,1.6,0,0,0,0,0,0,2,1,0,0,0.6,0.6,7,3,10,0,0,0,0,0,0.02,0.35,0.36,0.02,0.36,Matches,3d7e48ce
14,Carles Aleñá,es ESP,MF,Barcelona,20,1998,17,6,637,7.1,2,0,2,2,0,0,2,0,1.3,1.3,0.7,2,18,65,38,0.28,0,0.28,0.28,0.28,0.18,0.1,0.28,0.18,0.28,Matches,6c811eb7
15,Alexander,ar ARG,FW,Leganés,29,1988,1,0,10,0.1,0,0,0,0,0,0,0,0,0,0,0,0,0,0,3,0,0,0,0,0,0,0,0,0,0,Matches,3e1858af
16,Júnior Alonso,py PAR,DFMF,Celta Vigo,25,1993,9,6,536,6,0,0,0,0,0,0,2,0,0.4,0.4,0.2,0.5,6,21,19,0,0,0,0,0,0.06,0.03,0.09,0.06,0.09,Matches,b18a3023
17,Sergio Álvarez,es ESP,DFMF,Eibar,26,1992,19,12,1069,11.9,0,0,0,0,0,0,1,0,0.2,0.2,0.1,0.3,7,29,3,0,0,0,0,0,0.02,0.01,0.03,0.02,0.03,Matches,88d91621
18,Sergio Álvarez,es ESP,GK,Celta Vigo,31,1986,13,13,1170,13,0,0,0,0,0,0,1,0,0,0,0,0,0,0,0,0,0,0,0,0,0,0,0,0,0,Matches,8875b8c9
19,Yeray Álvarez,es ESP,DF,Athletic Club,23,1995,30,30,2613,29,0,0,0,0,0,0,10,0,1.3,1,0.1,1.1,18,93,2,0,0,0,0,0,0.04,0,0.05,0.03,0.04,Matches,3ecc11d8
20,Ibrahim Amadou,fr FRA,MFDF,Sevilla,25,1993,17,7,762,8.5,0,0,0,0,0,0,2,0,0.4,0.4,0.1,0.5,3,25,13,0,0,0,0,0,0.05,0.01,0.06,0.05,0.06,Matches,9260926b
21,Jordi Amat,id IDN,DF,Rayo Vallecano,26,1992,31,31,2763,30.7,0,0,0,0,0,0,9,0,0.5,0.5,0.4,0.9,22,95,3,0,0,0,0,0,0.02,0.01,0.03,0.02,0.03,Matches,d70a2141
22,Amath,sn SEN,MF,Getafe,22,1996,15,13,1002,11.1,1,2,3,1,0,0,4,0,1.2,1.2,1.5,2.7,30,30,72,0.09,0.18,0.27,0.09,0.27,0.11,0.14,0.25,0.11,0.25,Matches,f3b1d9a2
23,José Ángel,es ESP,DF,Eibar,28,1989,35,34,3028,33.6,1,1,2,1,0,0,10,0,0.7,0.7,5.7,6.4,78,195,75,0.03,0.03,0.06,0.03,0.06,0.02,0.17,0.19,0.02,0.19,Matches,3024e383
24,Miguel Ángel Moyá,es ESP,GK,Real Sociedad,34,1984,11,11,990,11,0,0,0,0,0,0,1,0,0,0,0,0,0,0,0,0,0,0,0,0,0,0,0,0,0,Matches,011d8c56
25,Antoñito,es ESP,DFMF,Valladolid,30,1987,30,18,1863,20.7,2,1,3,2,0,0,5,0,1,1,1.9,2.9,56,71,136,0.1,0.05,0.14,0.1,0.14,0.05,0.09,0.14,0.05,0.14,Matches,dbe519cf
26,Vitorino Antunes,pt POR,DFMF,Getafe,31,1987,28,25,2181,24.2,1,3,4,1,0,0,5,0,1,1,3.1,4.1,45,99,54,0.04,0.12,0.17,0.04,0.17,0.04,0.13,0.17,0.04,0.17,Matches,3e4f735d
27,Anuar,ma MAR,MFFW,Valladolid,23,1995,19,12,1081,12,1,0,1,1,0,0,6,0,2.7,2.7,0.1,2.7,15,35,15,0.08,0,0.08,0.08,0.08,0.22,0.01,0.23,0.22,0.23,Matches,c93231dc
28,Emmanuel Apeh,ng NGA,FWMF,Celta Vigo,21,1996,2,0,14,0.2,0,0,0,0,0,0,0,0,0,0,0,0,0,0,3,0,0,0,0,0,0,0.26,0.26,0,0.26,Matches,a230ebcc
29,Mauro Arambarri,uy URU,MF,Getafe,22,1995,33,32,2676,29.7,1,2,3,1,0,0,8,0,1.3,1.3,1.5,2.8,16,96,24,0.03,0.07,0.1,0.03,0.1,0.05,0.05,0.1,0.05,0.1,Matches,58afe001
30,Guilherme Arana,br BRA,DF,Sevilla,21,1997,9,8,629,7,0,0,0,0,0,0,3,0,0.9,0.9,0,1,15,13,27,0,0,0,0,0,0.14,0,0.14,0.14,0.14,Matches,2b15a82a
31,Néstor Araujo,mx MEX,DF,Celta Vigo,26,1991,32,30,2682,29.8,3,0,3,3,0,0,3,1,1.3,1.3,0.3,1.6,4,61,5,0.1,0,0.1,0.1,0.1,0.04,0.01,0.05,0.04,0.05,Matches,27a013f7
32,Anaitz Arbilla,es ESP,DF,Eibar,31,1987,25,22,1950,21.7,1,2,3,1,0,0,6,1,0.9,0.9,1.1,1.9,26,109,7,0.05,0.09,0.14,0.05,0.14,0.04,0.05,0.09,0.04,0.09,Matches,850c0a0d
33,Santiago Arias,co COL,DF,Atlético Madrid,26,1992,25,20,1772,19.7,1,1,2,1,0,0,4,0,0.4,0.4,1.3,1.8,39,84,113,0.05,0.05,0.1,0.05,0.1,0.02,0.07,0.09,0.02,0.09,Matches,fdd60087
34,José Arnaiz,es ESP,MFFW,Leganés,23,1995,6,0,113,1.3,0,0,0,0,0,0,0,0,0.1,0.1,0.1,0.1,4,2,13,0,0,0,0,0,0.05,0.05,0.1,0.05,0.1,Matches,46e07328
35,Sergio Asenjo,es ESP,GK,Villarreal,29,1989,32,32,2880,32,0,0,0,0,0,0,0,0,0,0,0,0,0,1,0,0,0,0,0,0,0,0,0,0,0,Matches,9f0ea33f
36,Marco Asensio,es ESP,FW,Real Madrid,22,1996,30,19,1779,19.8,1,4,5,1,0,0,3,0,4.1,4.1,5,9.1,116,95,228,0.05,0.2,0.25,0.05,0.25,0.21,0.25,0.46,0.21,0.46,Matches,45af8a54
37,Iago Aspas,es ESP,FWMF,Celta Vigo,30,1987,27,26,2251,25,20,6,26,15,5,5,5,0,11.9,7.9,6.7,14.6,81,89,201,0.8,0.24,1.04,0.6,0.84,0.48,0.27,0.74,0.32,0.58,Matches,7dcf86f6
38,Ezequiel Ávila,ar ARG,FWMF,Huesca,24,1994,34,20,1997,22.2,10,2,12,9,1,1,12,1,6.8,6.1,3.6,9.7,55,78,131,0.45,0.09,0.54,0.41,0.5,0.31,0.16,0.47,0.27,0.44,Matches,253a06b9
39,Abdoulaye Ba,sn SEN,DF,Rayo Vallecano,27,1991,26,25,2110,23.4,1,0,1,1,0,0,4,2,1.3,1.3,0.1,1.4,5,44,3,0.04,0,0.04,0.04,0.04,0.05,0,0.06,0.05,0.06,Matches,1f54ed90
40,Carlos Bacca,co COL,FW,Villarreal,31,1986,33,12,1270,14.1,6,1,7,5,1,1,3,0,4.6,3.8,1.6,5.5,21,24,89,0.43,0.07,0.5,0.35,0.43,0.33,0.12,0.44,0.27,0.39,Matches,09a9e921
41,Gareth Bale,wls WAL,FW,Real Madrid,29,1989,29,21,1786,19.8,8,3,11,7,1,1,4,0,9.1,8.3,2.9,11.3,73,62,205,0.4,0.15,0.55,0.35,0.5,0.46,0.15,0.61,0.42,0.57,Matches,a58bb1e1
42,Mikel Balenziaga,es ESP,DF,Athletic Club,30,1988,11,6,523,5.8,0,0,0,0,0,0,0,0,0,0,0.7,0.7,7,11,9,0,0,0,0,0,0,0.12,0.13,0,0.13,Matches,1fe67e86
43,Éver Banega,ar ARG,MF,Sevilla,30,1988,32,32,2667,29.6,3,5,8,1,2,2,17,2,2.8,1.2,4,5.2,50,318,58,0.1,0.17,0.27,0.03,0.2,0.09,0.13,0.23,0.04,0.17,Matches,fa937f7a
44,Léo Baptistão,br BRA,FWMF,Espanyol,25,1992,20,14,1233,13.7,2,2,4,1,1,1,3,0,5,4.3,1.4,5.6,36,30,97,0.15,0.15,0.29,0.07,0.22,0.37,0.1,0.47,0.31,0.41,Matches,35f6db55
45,Enis Bardhi,mk MKD,MF,Levante,23,1995,36,31,2836,31.5,3,4,7,3,0,0,6,0,3.6,3.6,3.8,7.4,68,150,128,0.1,0.13,0.22,0.1,0.22,0.12,0.12,0.24,0.12,0.24,Matches,cac2537b
46,Antonio Barragán,es ESP,DFFW,Betis,31,1987,14,12,934,10.4,0,0,0,0,0,0,4,0,0.1,0.1,0.5,0.6,21,44,99,0,0,0,0,0,0.01,0.05,0.06,0.01,0.06,Matches,487d9b09
47,Ander Barrenetxea,es ESP,FWMF,Real Sociedad,16,2001,9,5,399,4.4,1,0,1,1,0,0,0,0,0.5,0.5,0.3,0.8,14,9,30,0.23,0,0.23,0.23,0.23,0.11,0.07,0.18,0.11,0.18,Matches,200e89e1
48,Marc Bartra,es ESP,DF,Betis,27,1991,33,33,2928,32.5,1,0,1,1,0,0,4,0,0.7,0.7,0.1,0.8,32,109,10,0.03,0,0.03,0.03,0.03,0.02,0,0.02,0.02,0.02,Matches,b742cc0d
49,Borja Bastón,es ESP,FW,Alavés,25,1992,27,18,1439,16,5,1,6,5,0,0,4,0,6.2,6.2,1.3,7.5,10,16,75,0.31,0.06,0.38,0.31,0.38,0.39,0.08,0.47,0.39,0.47,Matches,8c44e37b
50,Michy Batshuayi,be BEL,FW,Valencia,24,1993,15,4,527,5.9,1,0,1,1,0,0,3,0,1.4,1.4,0.8,2.2,9,8,36,0.17,0,0.17,0.17,0.17,0.23,0.14,0.37,0.23,0.37,Matches,2973d8ff
51,Jon Bautista,es ESP,FW,Real Sociedad,23,1995,18,4,597,6.6,1,0,1,1,0,0,1,0,2.7,2.7,0.9,3.6,4,6,27,0.15,0,0.15,0.15,0.15,0.41,0.13,0.55,0.41,0.55,Matches,debc6b55
52,Bebé,cv CPV,FWMF,Rayo Vallecano,28,1990,27,13,1302,14.5,1,1,2,1,0,0,6,0,2.2,2.2,3.4,5.6,78,34,105,0.07,0.07,0.14,0.07,0.14,0.15,0.24,0.38,0.15,0.38,Matches,d8712bf9
53,Bebé,cv CPV,MF,Eibar,28,1990,2,1,62,0.7,0,0,0,0,0,0,0,0,0.1,0.1,0.1,0.2,4,1,11,0,0,0,0,0,0.17,0.09,0.25,0.17,0.25,Matches,d8712bf9
54,Fran Beltrán,es ESP,MF,Celta Vigo,19,1999,30,16,1517,16.9,1,0,1,1,0,0,3,0,1.2,1.2,0.8,2,15,67,29,0.06,0,0.06,0.06,0.06,0.07,0.05,0.12,0.07,0.12,Matches,ed5c5fa3
55,Wissam Ben Yedder,fr FRA,FW,Sevilla,27,1990,35,31,2812,31.2,18,9,27,16,2,2,3,0,18,16.4,7.4,23.9,72,100,249,0.58,0.29,0.86,0.51,0.8,0.58,0.24,0.81,0.53,0.76,Matches,942b4f90
56,Karim Benzema,fr FRA,FW,Real Madrid,30,1987,36,35,2953,32.8,21,6,27,18,3,3,1,0,17.7,15.3,6,21.3,110,135,273,0.64,0.18,0.82,0.55,0.73,0.54,0.18,0.72,0.47,0.65,Matches,70d74ece
57,Yuri Berchiche,es ESP,DFFW,Athletic Club,28,1990,35,35,3120,34.7,2,2,4,2,0,0,8,0,1.2,1.2,2,3.2,90,137,138,0.06,0.06,0.12,0.06,0.12,0.03,0.06,0.09,0.03,0.09,Matches,b6e50615
58,Markel Bergara,es ESP,MF,Getafe,32,1986,3,0,53,0.6,0,0,0,0,0,0,0,0,0,0,0,0,1,2,2,0,0,0,0,0,0,0,0,0,0,Matches,04a65a8f
59,Pedro Bigas,es ESP,DF,Eibar,27,1990,10,7,585,6.5,0,1,1,0,0,0,1,0,0.2,0.2,0.3,0.5,6,34,0,0,0.15,0.15,0,0.15,0.03,0.05,0.08,0.03,0.08,Matches,697295b1
60,Alejandro Blanco,es ESP,FWMF,Alavés,19,1998,2,0,16,0.2,0,0,0,0,0,0,0,0,0,0,0,0,0,0,2,0,0,0,0,0,0,0,0,0,0,Matches,c4dce677
61,Rubén Blanco,es ESP,GK,Celta Vigo,23,1995,25,25,2250,25,0,0,0,0,0,0,2,0,0,0,0.1,0.1,0,0,0,0,0,0,0,0,0,0.01,0.01,0,0.01,Matches,967f34d3
62,Pablo de Blasis,ar ARG,DFMF,Eibar,30,1988,24,16,1520,16.9,2,0,2,2,0,0,2,1,0.9,0.9,2.4,3.3,36,79,86,0.12,0,0.12,0.12,0.12,0.05,0.14,0.2,0.05,0.2,Matches,9ab48bde
63,Emmanuel Boateng,gh GHA,FW,Levante,22,1996,16,7,699,7.8,1,0,1,1,0,0,2,0,1.2,1.2,0.1,1.2,9,3,38,0.13,0,0.13,0.13,0.13,0.15,0.01,0.16,0.15,0.16,Matches,2e23c66b
64,Kevin-Prince Boateng,gh GHA,FW,Barcelona,31,1987,3,3,239,2.7,0,0,0,0,0,0,1,0,0.2,0.2,0.1,0.2,0,2,17,0,0,0,0,0,0.06,0.02,0.08,0.06,0.08,Matches,f4ec4fd0
65,Daniele Bonera,it ITA,DF,Villarreal,37,1981,5,4,230,2.6,0,0,0,0,0,0,1,0,0,0,0,0,1,3,0,0,0,0,0,0,0,0,0,0,0,Matches,13b0c150
66,Ryad Boudebouz,dz ALG,MFFW,Celta Vigo,28,1990,11,8,717,8,1,2,3,1,0,0,2,1,1.5,1.5,2.5,4,18,40,56,0.13,0.25,0.38,0.13,0.38,0.19,0.31,0.51,0.19,0.51,Matches,1001ae82
67,Ryad Boudebouz,dz ALG,MFFW,Betis,28,1990,9,6,539,6,0,0,0,0,0,0,1,0,0.5,0.5,1,1.5,13,43,46,0,0,0,0,0,0.08,0.17,0.24,0.08,0.24,Matches,1001ae82
68,Sofiane Boufal,ma MAR,MFFW,Celta Vigo,24,1993,35,25,2085,23.2,3,3,6,3,0,0,6,0,3.4,3.4,3.6,6.9,154,95,126,0.13,0.13,0.26,0.13,0.26,0.14,0.15,0.3,0.14,0.3,Matches,b0c71810
69,Yassine Bounou,ma MAR,GK,Girona,27,1991,32,32,2861,31.8,0,0,0,0,0,0,2,0,0.1,0.1,0,0.1,0,0,0,0,0,0,0,0,0,0,0,0,0,Matches,f6798fc3
70,Martin Braithwaite,dk DEN,FW,Leganés,27,1991,19,16,1402,15.6,4,5,9,4,0,0,5,0,5.1,5.1,1.4,6.6,24,23,75,0.26,0.32,0.58,0.26,0.58,0.33,0.09,0.42,0.33,0.42,Matches,fd771f95
71,Darko Brašanac,rs SRB,MF,Alavés,26,1992,24,17,1580,17.6,0,1,1,0,0,0,5,0,0.6,0.6,0.4,1,24,67,28,0,0.06,0.06,0,0.06,0.03,0.03,0.06,0.03,0.06,Matches,4accb7e0
72,Rajko Brežančić,rs SRB,DF,Huesca,28,1989,1,0,67,0.7,0,0,0,0,0,0,0,0,0,0,0,0,0,4,3,0,0,0,0,0,0,0,0,0,0,Matches,1519a888
73,Bryan,es ESP,MFFW,Sevilla,17,2001,11,0,167,1.9,1,1,2,1,0,0,0,0,0.8,0.8,0.4,1.3,10,7,28,0.54,0.54,1.08,0.54,1.08,0.45,0.24,0.69,0.45,0.69,Matches,7b5ab7f2
74,Burgui,es ESP,MFFW,Alavés,24,1993,16,5,555,6.2,1,0,1,1,0,0,1,0,0.8,0.8,0.5,1.3,13,28,39,0.16,0,0.16,0.16,0.16,0.13,0.09,0.21,0.13,0.21,Matches,45e304c8
75,Sergio Busquets,es ESP,MF,Barcelona,30,1988,35,30,2715,30.2,0,1,1,0,0,0,10,0,0.4,0.4,1.5,1.9,12,198,13,0,0.03,0.03,0,0.03,0.01,0.05,0.06,0.01,0.06,Matches,5ab0ea87
76,Unai Bustinza,es ESP,DF,Leganés,26,1992,25,24,2023,22.5,0,1,1,0,0,0,11,1,0.3,0.3,0.7,1,26,89,15,0,0.04,0.04,0,0.04,0.01,0.03,0.04,0.01,0.04,Matches,f3112790
77,Erick Cabaco,uy URU,DF,Levante,23,1995,21,20,1632,18.1,2,0,2,2,0,0,11,2,1.5,1.5,0.1,1.6,20,65,2,0.11,0,0.11,0.11,0.11,0.08,0.01,0.09,0.08,0.09,Matches,e7ab4179
78,Gustavo Cabral,ar ARG,DF,Celta Vigo,32,1985,24,21,1897,21.1,0,0,0,0,0,0,6,2,1.6,1.6,0.3,2,4,44,3,0,0,0,0,0,0.08,0.02,0.09,0.08,0.09,Matches,92b4a127
79,Leandro Cabrera,uy URU,DF,Getafe,27,1991,32,31,2794,31,2,0,2,2,0,0,11,1,2.3,2.3,0.8,3.1,19,96,13,0.06,0,0.06,0.06,0.06,0.07,0.03,0.1,0.07,0.1,Matches,69cbc8b6
80,Jordi Calavera,es ESP,DF,Eibar,22,1995,1,0,1,0,0,0,0,0,0,0,0,0,0,0,0,0,0,0,0,0,0,0,0,0,0,0,0,0,0,Matches,bdef8cdb
81,Fernando Calero,es ESP,DF,Valladolid,22,1995,36,35,3130,34.8,1,0,1,1,0,0,7,0,0.8,0.8,0.3,1.1,19,102,7,0.03,0,0.03,0.03,0.03,0.02,0.01,0.03,0.02,0.03,Matches,41b3069f
82,Jonathan Calleri,ar ARG,FW,Alavés,24,1993,34,33,2869,31.9,9,2,11,7,2,2,6,0,8.5,6.9,3.6,10.5,63,76,189,0.28,0.06,0.35,0.22,0.28,0.27,0.11,0.38,0.22,0.33,Matches,6922f806
83,Juanjo Camacho,es ESP,MFDF,Huesca,37,1980,3,0,37,0.4,0,0,0,0,0,0,0,0,0.1,0.1,0.2,0.3,0,2,3,0,0,0,0,0,0.31,0.38,0.68,0.31,0.68,Matches,1a1609ab
84,Sergio Camello,es ESP,FW,Atlético Madrid,17,2001,1,0,45,0.5,1,0,1,1,0,0,0,0,0.8,0.8,0,0.8,1,0,4,2,0,2,2,2,1.57,0.1,1.67,1.57,1.67,Matches,873619c6
85,José Campaña,es ESP,MF,Levante,25,1993,36,36,3210,35.7,4,9,13,4,0,0,11,0,1.8,1.8,5.1,7,87,215,84,0.11,0.25,0.36,0.11,0.36,0.05,0.14,0.2,0.05,0.2,Matches,61220da2
86,Sergio Canales,es ESP,MF,Betis,27,1991,32,30,2655,29.5,7,2,9,5,2,2,5,0,7,5.4,4.8,10.2,113,181,182,0.24,0.07,0.31,0.17,0.24,0.24,0.16,0.4,0.18,0.34,Matches,a6de370d
87,Ander Capa,es ESP,DFFW,Athletic Club,26,1992,25,17,1642,18.2,0,0,0,0,0,0,9,0,0.5,0.5,1,1.5,70,70,107,0,0,0,0,0,0.03,0.06,0.08,0.03,0.08,Matches,37f1cf47
88,Marc Cardona,es ESP,FWMF,Eibar,23,1995,17,6,604,6.7,3,1,4,3,0,0,1,0,3.4,3.4,0.7,4.1,13,9,66,0.45,0.15,0.6,0.45,0.6,0.5,0.11,0.61,0.5,0.61,Matches,b92b456a
89,Daniel Carriço,pt POR,DF,Sevilla,29,1988,24,24,2130,23.7,1,1,2,1,0,0,10,0,0.5,0.5,0.3,0.8,14,65,2,0.04,0.04,0.08,0.04,0.08,0.02,0.01,0.04,0.02,0.04,Matches,e1deea75
90,Guido Carrillo,ar ARG,FW,Leganés,27,1991,32,23,1992,22.1,6,1,7,5,1,3,5,0,9.1,6.7,1.4,8.1,6,55,76,0.27,0.05,0.32,0.23,0.27,0.41,0.06,0.47,0.3,0.37,Matches,8f898ba8
91,Dani Carvajal,es ESP,DF,Real Madrid,26,1992,24,23,2107,23.4,1,2,3,1,0,0,10,0,0.4,0.4,3.6,3.9,72,121,152,0.04,0.09,0.13,0.04,0.13,0.02,0.15,0.17,0.02,0.17,Matches,4958bfb2
92,William Carvalho,pt POR,MF,Betis,26,1992,30,26,2385,26.5,0,5,5,0,0,0,7,0,0.5,0.5,1.8,2.4,47,199,31,0,0.19,0.19,0,0.19,0.02,0.07,0.09,0.02,0.09,Matches,dee86451
93,Casemiro,br BRA,MF,Real Madrid,26,1992,29,27,2312,25.7,3,0,3,3,0,0,7,1,2.6,2.6,0.9,3.5,15,111,23,0.12,0,0.12,0.12,0.12,0.1,0.03,0.14,0.1,0.14,Matches,4d224fe8
94,Santiago Cáseres,ar ARG,MF,Villarreal,21,1997,23,17,1588,17.6,0,1,1,0,0,0,10,0,0.5,0.5,1.1,1.6,11,101,11,0,0.06,0.06,0,0.06,0.03,0.06,0.09,0.03,0.09,Matches,958bba56
95,Catena,es ESP,DF,Rayo Vallecano,23,1994,2,2,176,2,0,0,0,0,0,0,1,0,0.2,0.2,0,0.2,2,9,2,0,0,0,0,0,0.12,0,0.12,0.12,0.12,Matches,274ab13c
96,Santi Cazorla,es ESP,MFFW,Villarreal,33,1984,35,30,2647,29.4,4,10,14,2,2,3,2,0,4.4,2.1,6.8,8.8,69,255,117,0.14,0.34,0.48,0.07,0.41,0.15,0.23,0.38,0.07,0.3,Matches,e2e9c250
97,Dani Ceballos,es ESP,MFFW,Real Madrid,21,1996,23,13,1248,13.9,3,0,3,3,0,0,3,0,2.3,2.3,1.2,3.5,38,140,70,0.22,0,0.22,0.22,0.22,0.16,0.09,0.25,0.16,0.25,Matches,c0617e2b
98,Charles,br BRA,FW,Eibar,34,1984,34,17,1739,19.3,14,1,15,8,6,7,4,0,12.2,6.7,1.4,8.1,10,55,122,0.72,0.05,0.78,0.41,0.47,0.63,0.07,0.7,0.35,0.42,Matches,c4b8bcf4
99,Chechu,es ESP,DF,Rayo Vallecano,36,1982,1,1,90,1,0,0,0,0,0,0,0,0,0,0,0,0,1,7,0,0,0,0,0,0,0,0,0,0,0,Matches,e98f3a6a
100,Chema,es ESP,DF,Levante,26,1992,19,13,1254,13.9,2,0,2,2,0,0,7,0,0.6,0.6,0.7,1.3,3,31,0,0.14,0,0.14,0.14,0.14,0.05,0.05,0.1,0.05,0.1,Matches,7f203b54
101,Denis Cheryshev,ru RUS,MF,Valencia,27,1990,27,19,1706,19,2,2,4,2,0,0,2,0,3.7,3.7,7.6,11.4,55,64,178,0.11,0.11,0.21,0.11,0.21,0.2,0.4,0.6,0.2,0.6,Matches,0ac94a23
102,Leandro Chichizola,ar ARG,GK,Getafe,28,1990,1,1,90,1,0,0,0,0,0,0,0,0,0,0,0,0,0,0,0,0,0,0,0,0,0,0,0,0,0,Matches,8d957256
103,Samuel Chukwueze,ng NGA,MFFW,Villarreal,19,1999,26,19,1706,19,5,2,7,5,0,0,2,0,5.2,5.2,1.5,6.7,102,55,170,0.26,0.11,0.37,0.26,0.37,0.27,0.08,0.35,0.27,0.35,Matches,b8a642fc
104,Jasper Cillessen,nl NED,GK,Barcelona,29,1989,3,3,270,3,0,0,0,0,0,0,0,0,0,0,0,0,0,0,0,0,0,0,0,0,0,0,0,0,0,Matches,04ac8285
105,Coke,es ESP,DF,Levante,31,1987,27,19,1817,20.2,4,0,4,4,0,0,5,1,1.9,1.9,1.3,3.1,28,65,86,0.2,0,0.2,0.2,0.2,0.09,0.06,0.16,0.09,0.16,Matches,6d8f8441
106,Álex Collado,es ESP,FW,Barcelona,19,1999,1,0,85,0.9,0,0,0,0,0,0,0,0,0.1,0.1,0,0.1,3,1,2,0,0,0,0,0,0.11,0,0.11,0.11,0.11,Matches,85dace26
107,Santi Comesaña,es ESP,MF,Rayo Vallecano,21,1996,25,23,2032,22.6,1,1,2,1,0,0,6,0,0.7,0.7,0.4,1,13,99,13,0.04,0.04,0.09,0.04,0.09,0.03,0.02,0.05,0.03,0.05,Matches,5ae499d0
108,Duje Čop,hr CRO,FW,Valladolid,28,1990,18,6,687,7.6,0,0,0,0,0,0,2,0,2.2,2.2,1.4,3.6,16,9,57,0,0,0,0,0,0.29,0.18,0.47,0.29,0.47,Matches,8b0b02c9
109,Francis Coquelin,fr FRA,MF,Valencia,27,1991,26,20,1761,19.6,0,1,1,0,0,0,5,0,0.4,0.4,1.3,1.6,18,106,19,0,0.05,0.05,0,0.05,0.02,0.06,0.08,0.02,0.08,Matches,a6951bf8
110,Iñigo Córdoba,es ESP,FWMF,Athletic Club,21,1997,23,15,1321,14.7,0,4,4,0,0,0,3,0,1.3,1.3,2.2,3.4,41,40,116,0,0.27,0.27,0,0.27,0.09,0.15,0.23,0.09,0.23,Matches,49ea92be
111,Ángel Correa,ar ARG,MFFW,Atlético Madrid,23,1995,36,20,1919,21.3,3,2,5,3,0,0,7,1,2.2,2.2,4.6,6.8,71,77,151,0.14,0.09,0.23,0.14,0.23,0.1,0.22,0.32,0.1,0.32,Matches,01eb744d
112,Diego Costa,es ESP,FW,Atlético Madrid,29,1988,16,14,1112,12.4,2,2,4,2,0,0,4,1,1.7,1.7,0.9,2.6,18,12,93,0.16,0.16,0.32,0.16,0.32,0.14,0.07,0.21,0.14,0.21,Matches,a190d597
113,Jaume Costa,es ESP,DF,Villarreal,30,1988,21,18,1495,16.6,1,0,1,1,0,0,6,0,0.5,0.5,0.8,1.3,38,95,94,0.06,0,0.06,0.06,0.06,0.03,0.05,0.08,0.03,0.08,Matches,808d48f3
114,David Costas,es ESP,DF,Celta Vigo,23,1995,15,13,1173,13,0,0,0,0,0,0,4,0,0.2,0.2,0,0.2,5,34,2,0,0,0,0,0,0.01,0,0.01,0.01,0.01,Matches,545e2f01
115,Thibaut Courtois,be BEL,GK,Real Madrid,26,1992,27,27,2430,27,0,0,0,0,0,0,2,0,0.1,0.1,0,0.1,0,0,0,0,0,0,0,0,0,0,0,0,0,Matches,1840e36d
116,Philippe Coutinho,br BRA,FWMF,Barcelona,26,1992,34,22,2018,22.4,5,2,7,5,0,0,2,0,7.4,7.4,3.7,11.1,101,158,229,0.22,0.09,0.31,0.22,0.31,0.33,0.17,0.5,0.33,0.5,Matches,0ef89a37
117,Sebastián Cristóforo,uy URU,MF,Getafe,24,1993,15,4,450,5,0,2,2,0,0,0,3,0,0,0,0.5,0.5,4,25,11,0,0.4,0.4,0,0.4,0.01,0.09,0.1,0.01,0.1,Matches,3c05c659
118,Cucho,co COL,FW,Huesca,19,1999,34,25,2150,23.9,4,3,7,2,2,2,6,0,10.8,9.2,4.4,13.6,63,47,166,0.17,0.13,0.29,0.08,0.21,0.45,0.19,0.64,0.38,0.57,Matches,71b47ab9
119,Marc Cucurella,es ESP,MFFW,Eibar,20,1998,31,26,2354,26.2,1,2,3,1,0,0,6,0,2,2,3.2,5.2,40,78,200,0.04,0.08,0.11,0.04,0.11,0.08,0.12,0.2,0.08,0.2,Matches,1daec722
120,Iván Cuéllar,es ESP,GK,Leganés,34,1984,34,34,3055,33.9,0,0,0,0,0,0,5,0,0,0,0,0,0,0,0,0,0,0,0,0,0,0,0,0,0,Matches,75751c99
121,Sergi Darder,es ESP,MF,Espanyol,24,1993,34,32,2709,30.1,4,2,6,4,0,0,8,1,2.9,2.9,3.8,6.8,53,169,96,0.13,0.07,0.2,0.13,0.2,0.1,0.13,0.23,0.1,0.23,Matches,070a3904
122,Moisés Delgado,es ESP,DF,Valladolid,24,1994,3,3,270,3,0,0,0,0,0,0,1,0,0,0,0.1,0.2,5,7,10,0,0,0,0,0,0.02,0.04,0.05,0.02,0.05,Matches,248c409d
123,Ousmane Dembélé,fr FRA,FWMF,Barcelona,21,1997,29,20,1661,18.5,8,5,13,8,0,0,1,0,3.8,3.8,4.9,8.7,113,80,232,0.43,0.27,0.7,0.43,0.7,0.2,0.27,0.47,0.2,0.47,Matches,b19db005
124,Franco Di Santo,ar ARG,FW,Rayo Vallecano,29,1989,6,1,172,1.9,0,0,0,0,0,0,1,1,0,0,0,0,1,0,9,0,0,0,0,0,0,0,0,0,0,Matches,549c6ba7
125,Mouctar Diakhaby,gn GUI,DF,Valencia,21,1996,22,16,1580,17.6,2,0,2,2,0,0,9,0,1.3,1.3,0,1.3,7,48,0,0.11,0,0.11,0.11,0.11,0.07,0,0.07,0.07,0.07,Matches,d2110326
126,Brahim Díaz,es ESP,FW,Real Madrid,18,1999,9,5,376,4.2,1,1,2,1,0,0,0,0,1.2,1.2,1.5,2.7,17,12,49,0.24,0.24,0.48,0.24,0.48,0.29,0.36,0.64,0.29,0.64,Matches,407feb71
127,Javier Díaz,es ESP,GK,Sevilla,21,1997,1,1,90,1,0,0,0,0,0,0,0,0,0,0,0,0,0,0,0,0,0,0,0,0,0,0,0,0,0,Matches,17a1299d
128,Adrián Diéguez,es ESP,DF,Huesca,22,1996,9,8,749,8.3,0,0,0,0,0,0,3,0,0.1,0.1,0,0.2,2,8,0,0,0,0,0,0,0.02,0,0.02,0.02,0.02,Matches,70438d35
129,Stole Dimitrievski,mk MKD,GK,Rayo Vallecano,24,1993,21,21,1890,21,0,0,0,0,0,0,3,0,0,0,0,0,0,0,0,0,0,0,0,0,0,0,0,0,0,Matches,fc70e345
130,Papakouli Diop,sn SEN,MF,Eibar,32,1986,28,27,2352,26.1,1,1,2,1,0,0,11,0,2.5,2.5,0.7,3.1,13,157,22,0.04,0.04,0.08,0.04,0.08,0.09,0.03,0.12,0.09,0.12,Matches,7329018e
131,Djené,tg TOG,DF,Getafe,26,1991,34,34,2976,33.1,0,0,0,0,0,0,13,2,0.7,0.7,0.2,0.9,17,81,11,0,0,0,0,0,0.02,0.01,0.03,0.02,0.03,Matches,a4971d84
132,Marko Dmitrović,rs SRB,GK,Eibar,26,1992,24,24,2160,24,0,0,0,0,0,0,3,0,0,0,0,0,0,0,0,0,0,0,0,0,0,0,0,0,0,Matches,ac295d9e
133,Jaume Doménech,es ESP,GK,Valencia,27,1990,4,4,360,4,0,0,0,0,0,0,0,0,0,0,0,0,0,0,0,0,0,0,0,0,0,0,0,0,0,Matches,c9cb972b
134,Cheick Doukouré,ci CIV,MF,Levante,25,1992,9,3,318,3.5,0,0,0,0,0,0,1,0,0.1,0.1,0,0.1,0,14,5,0,0,0,0,0,0.02,0,0.02,0.02,0.02,Matches,e208bcc8
135,Seydou Doumbia,ci CIV,FW,Girona,30,1987,17,5,541,6,2,0,2,2,0,0,2,0,2.7,2.7,0,2.7,9,5,27,0.33,0,0.33,0.33,0.33,0.45,0,0.45,0.45,0.45,Matches,c49afee6
136,Óscar Duarte,cr CRC,DFMF,Espanyol,29,1989,11,7,660,7.3,0,0,0,0,0,0,0,0,0.1,0.1,0.1,0.2,2,16,2,0,0,0,0,0,0.01,0.02,0.03,0.01,0.03,Matches,aa0ac32d
137,Rubén Duarte,es ESP,DF,Alavés,22,1995,33,33,2772,30.8,0,0,0,0,0,0,10,1,0.7,0.7,1.7,2.3,34,105,81,0,0,0,0,0,0.02,0.05,0.08,0.02,0.08,Matches,1fe0492d
138,Hugo Duro,es ESP,MFFW,Getafe,18,1999,11,5,417,4.6,0,0,0,0,0,0,0,0,0.4,0.4,0.6,1,3,5,18,0,0,0,0,0,0.09,0.13,0.22,0.09,0.22,Matches,37e103f8
139,Raphael Dwamena,gh GHA,FW,Levante,22,1995,12,1,222,2.5,0,1,1,0,0,0,0,0,0.7,0.7,0.5,1.2,7,3,17,0,0.41,0.41,0,0.41,0.28,0.19,0.47,0.28,0.47,Matches,525f9bf4
140,Dennis Eckert,de GER,FW,Celta Vigo,21,1997,9,1,216,2.4,0,0,0,0,0,0,0,0,0.7,0.7,0.1,0.8,2,4,17,0,0,0,0,0,0.3,0.04,0.34,0.3,0.34,Matches,7f8fb807
141,Aritz Elustondo,es ESP,DF,Real Sociedad,24,1994,27,24,2254,25,1,0,1,1,0,0,5,0,1.5,1.5,0.6,2.1,25,71,24,0.04,0,0.04,0.04,0.04,0.06,0.02,0.08,0.06,0.08,Matches,f7dc2ae5
142,Gorka Elustondo,es ESP,MFDF,Rayo Vallecano,31,1987,5,3,285,3.2,0,0,0,0,0,0,1,0,0,0,0.4,0.4,4,15,1,0,0,0,0,0,0.01,0.12,0.13,0.01,0.13,Matches,7b309e55
143,Rodrigo Ely,br BRA,DF,Alavés,24,1993,5,5,430,4.8,0,0,0,0,0,0,1,0,0.1,0.1,0.1,0.2,0,6,2,0,0,0,0,0,0.02,0.03,0.04,0.02,0.04,Matches,fd47b4f2
144,Adri Embarba,es ESP,MFFW,Rayo Vallecano,26,1992,36,27,2282,25.4,5,6,11,2,3,3,5,1,6.7,4.3,7.4,11.7,93,53,164,0.2,0.24,0.43,0.08,0.32,0.26,0.29,0.56,0.17,0.46,Matches,db8f0eba
145,Emerson,br BRA,FWDF,Betis,19,1999,6,4,317,3.5,0,0,0,0,0,0,1,0,0.2,0.2,0.3,0.4,7,13,26,0,0,0,0,0,0.05,0.07,0.12,0.05,0.12,Matches,df8b52a5
146,Youssef En-Nesyri,ma MAR,FW,Leganés,21,1997,31,22,2106,23.4,9,2,11,9,0,0,7,0,7.1,7.1,2.3,9.4,38,28,143,0.38,0.09,0.47,0.38,0.47,0.3,0.1,0.4,0.3,0.4,Matches,04e17fd5
147,Sergi Enrich,es ESP,FW,Eibar,28,1990,35,30,2582,28.7,7,4,11,7,0,0,4,0,10.9,10.9,2.7,13.6,14,58,210,0.24,0.14,0.38,0.24,0.38,0.38,0.09,0.48,0.38,0.48,Matches,bb4b1242
148,Javier Eraso,es ESP,MFFW,Leganés,28,1990,13,9,631,7,0,0,0,0,0,0,2,0,0.1,0.1,1,1.1,8,16,43,0,0,0,0,0,0.02,0.14,0.16,0.02,0.16,Matches,aec0fb6f
149,Gonzalo Escalante,ar ARG,MF,Eibar,25,1993,32,18,1789,19.9,4,1,5,4,0,0,6,0,2.9,2.9,1,3.9,14,79,35,0.2,0.05,0.25,0.2,0.25,0.15,0.05,0.2,0.15,0.2,Matches,3f79a1c8
150,Sergio Escudero,es ESP,DFFW,Sevilla,28,1989,21,18,1545,17.2,0,1,1,0,0,0,8,1,1.4,1.4,1.2,2.7,40,107,90,0,0.06,0.06,0,0.06,0.08,0.07,0.15,0.08,0.15,Matches,b0616e3d
151,Bernardo Espinosa,co COL,DF,Girona,29,1989,31,31,2727,30.3,1,1,2,1,0,0,6,2,2.1,2.1,1.2,3.3,0,49,6,0.03,0.03,0.07,0.03,0.07,0.07,0.04,0.11,0.07,0.11,Matches,4242011c
152,Beñat Etxebarria,es ESP,MF,Athletic Club,31,1987,27,25,2031,22.6,1,2,3,1,0,0,8,0,0.5,0.5,2.6,3.1,14,138,22,0.04,0.09,0.13,0.04,0.13,0.02,0.12,0.14,0.02,0.14,Matches,b037bd4f
153,Xabier Etxeita,es ESP,DF,Huesca,30,1987,31,30,2677,29.7,4,0,4,4,0,0,10,0,2.7,2.7,0.3,3,18,62,9,0.13,0,0.13,0.13,0.13,0.09,0.01,0.1,0.09,0.1,Matches,4a895384
154,Zouhair Feddal,ma MAR,DF,Betis,29,1989,21,19,1702,18.9,1,1,2,1,0,0,7,0,1.6,1.6,1,2.7,11,87,5,0.05,0.05,0.11,0.05,0.11,0.09,0.06,0.14,0.09,0.14,Matches,89151b16
155,Aitor Fernández,es ESP,GK,Levante,27,1991,16,16,1440,16,0,0,0,0,0,0,0,0,0,0,0.3,0.3,0,0,0,0,0,0,0,0,0,0.02,0.02,0,0.02,Matches,a01c3d54
156,Andrés Fernández,es ESP,GK,Villarreal,31,1986,6,6,540,6,0,0,0,0,0,0,2,0,0,0,0,0,0,1,0,0,0,0,0,0,0,0,0,0,0,Matches,307fcd26
157,Borja Fernández,es ESP,MFDF,Valladolid,37,1981,19,10,841,9.3,0,0,0,0,0,0,4,0,0.2,0.2,0,0.2,1,31,4,0,0,0,0,0,0.02,0,0.02,0.02,0.02,Matches,9127f9ce
158,Joaquín Fernández,es ESP,DFMF,Valladolid,22,1996,13,9,839,9.3,1,0,1,1,0,0,2,0,0.7,0.7,0,0.7,1,17,1,0.11,0,0.11,0.11,0.11,0.07,0,0.07,0.07,0.07,Matches,b86a64b2
159,David Ferreiro,es ESP,MFFW,Huesca,30,1988,35,23,2280,25.3,1,3,4,1,0,0,5,0,2.8,2.8,5.4,8.2,114,72,225,0.04,0.12,0.16,0.04,0.16,0.11,0.21,0.32,0.11,0.32,Matches,8970907e
160,Facundo Ferreyra,ar ARG,FW,Espanyol,27,1991,9,1,211,2.3,1,0,1,1,0,0,2,0,0.5,0.5,0,0.5,1,2,15,0.43,0,0.43,0.43,0.43,0.21,0,0.21,0.21,0.21,Matches,b39a793e
161,Junior Firpo,es ESP,DFFW,Betis,21,1996,24,22,1937,21.5,3,4,7,3,0,0,7,0,2.2,2.2,2.2,4.3,73,83,171,0.14,0.19,0.33,0.14,0.33,0.1,0.1,0.2,0.1,0.2,Matches,24f59bb2
162,Mathieu Flamini,fr FRA,MF,Getafe,34,1984,10,4,453,5,0,0,0,0,0,0,5,0,0,0,0,0,0,19,1,0,0,0,0,0,0,0.01,0.01,0,0.01,Matches,148d4105
163,Pablo Fornals,es ESP,MFFW,Villarreal,22,1996,35,28,2479,27.5,2,3,5,2,0,0,4,0,3.7,3.7,5.9,9.6,55,174,172,0.07,0.11,0.18,0.07,0.18,0.13,0.21,0.35,0.13,0.35,Matches,82927de4
164,Dimitri Foulquier,fr FRA,MFDF,Getafe,25,1993,25,23,1799,20,3,2,5,3,0,0,7,0,1.1,1.1,1.7,2.8,30,39,55,0.15,0.1,0.25,0.15,0.25,0.05,0.09,0.14,0.05,0.14,Matches,45e17712
165,Javi Fuego,es ESP,MF,Villarreal,34,1984,5,3,233,2.6,0,0,0,0,0,0,1,0,0,0,0,0,1,9,1,0,0,0,0,0,0,0,0,0,0,Matches,2e8fc160
166,Ramiro Funes Mori,ar ARG,DFMF,Villarreal,27,1991,31,29,2627,29.2,2,1,3,2,0,0,15,0,2.4,2.4,0.5,2.9,13,65,7,0.07,0.03,0.1,0.07,0.1,0.08,0.02,0.1,0.08,0.1,Matches,89cbc961
167,Javi Galán,es ESP,DFFW,Huesca,23,1994,16,16,1440,16,0,2,2,0,0,0,7,0,0.1,0.1,2.4,2.4,52,31,62,0,0.12,0.12,0,0.12,0,0.15,0.15,0,0.15,Matches,a4b00319
168,Álex Gallar,es ESP,MFFW,Huesca,26,1992,25,10,1009,11.2,4,1,5,3,1,1,2,0,3.6,2.8,2.8,5.6,30,47,87,0.36,0.09,0.45,0.27,0.36,0.32,0.25,0.57,0.25,0.5,Matches,36d5469c
169,Enric Gallego,es ESP,FW,Huesca,31,1986,19,17,1539,17.1,5,1,6,5,0,0,4,0,4.7,4.7,2.1,6.9,15,26,74,0.29,0.06,0.35,0.29,0.35,0.28,0.12,0.4,0.28,0.4,Matches,82e9b89d
170,Álex Gálvez,es ESP,DF,Rayo Vallecano,29,1989,17,17,1412,15.7,1,0,1,1,0,0,6,0,2.1,2.1,0.5,2.6,5,37,1,0.06,0,0.06,0.06,0.06,0.14,0.03,0.17,0.14,0.17,Matches,960fb42d
171,Kévin Gameiro,fr FRA,FW,Valencia,31,1987,33,16,1612,17.9,6,1,7,6,0,0,1,0,8.8,8.8,3.7,12.5,53,36,141,0.33,0.06,0.39,0.33,0.39,0.49,0.21,0.7,0.49,0.7,Matches,42276181
172,Cristian Ganea,ro ROU,DF,Athletic Club,26,1992,1,1,49,0.5,0,0,0,0,0,0,0,0,0,0,0,0,1,3,1,0,0,0,0,0,0,0,0,0,0,Matches,baf5665c
173,Ezequiel Garay,ar ARG,DF,Valencia,31,1986,24,24,2136,23.7,2,0,2,2,0,0,4,0,1.6,1.6,0.5,2.1,16,82,2,0.08,0,0.08,0.08,0.08,0.07,0.02,0.09,0.07,0.09,Matches,ac3fb1be
174,Borja Garcés,es ESP,FW,Atlético Madrid,18,1999,1,0,20,0.2,1,0,1,1,0,0,0,0,0.5,0.5,0,0.5,1,0,3,4.5,0,4.5,4.5,4.5,2.03,0,2.03,2.03,2.03,Matches,bc39454c
175,Alberto García,es ESP,GK,Rayo Vallecano,33,1985,17,17,1530,17,0,0,0,0,0,0,1,0,0,0,0,0,0,0,0,0,0,0,0,0,0,0,0,0,0,Matches,17d9e354
176,Aleix García,es ESP,MF,Girona,21,1997,31,20,1663,18.5,2,1,3,2,0,0,1,0,1.5,1.5,2.1,3.6,28,132,65,0.11,0.05,0.16,0.11,0.16,0.08,0.12,0.2,0.08,0.2,Matches,a10361d2
177,Álvaro García,es ESP,FWMF,Rayo Vallecano,25,1992,35,17,1766,19.6,4,2,6,4,0,0,3,0,4.2,4.2,2.9,7.1,67,37,160,0.2,0.1,0.31,0.2,0.31,0.22,0.15,0.36,0.22,0.36,Matches,90bbd822
178,Borja García,es ESP,MFFW,Girona,27,1990,33,30,2629,29.2,1,3,4,1,0,0,0,1,2,2,4.8,6.8,59,148,169,0.03,0.1,0.14,0.03,0.14,0.07,0.16,0.23,0.07,0.23,Matches,e7f4603c
179,Dani García,es ESP,MF,Athletic Club,28,1990,29,29,2476,27.5,0,1,1,0,0,0,13,0,0,0,0.1,0.2,11,105,10,0,0.04,0.04,0,0.04,0,0,0.01,0,0.01,Matches,240d3a0b
180,Javi García,es ESP,DFMF,Betis,31,1987,13,6,524,5.8,0,0,0,0,0,0,0,1,0,0,0,0,1,28,2,0,0,0,0,0,0,0,0,0,0,Matches,167c1bb0
181,Manu García,es ESP,MF,Alavés,32,1986,34,25,2330,25.9,1,1,2,1,0,0,6,0,2.9,2.9,0.7,3.6,19,97,35,0.04,0.04,0.08,0.04,0.08,0.11,0.03,0.14,0.11,0.14,Matches,05a4465d
182,Raúl García,es ESP,MFFW,Athletic Club,32,1986,33,27,2369,26.3,9,3,12,7,2,4,12,0,8.7,5.4,3,8.4,27,116,135,0.34,0.11,0.46,0.27,0.38,0.33,0.11,0.44,0.2,0.32,Matches,b418dbd4
183,Raúl García,es ESP,DF,Leganés,29,1989,5,4,381,4.2,0,0,0,0,0,0,1,0,0,0,0,0,2,9,1,0,0,0,0,0,0.01,0,0.01,0.01,0.01,Matches,1a317a1b
184,Raúl García,es ESP,DF,Girona,29,1989,10,10,850,9.4,0,1,1,0,0,0,1,0,0.4,0.4,0.3,0.8,27,28,41,0,0.11,0.11,0,0.11,0.04,0.04,0.08,0.04,0.08,Matches,1a317a1b
185,Sergio García,es ESP,FWMF,Espanyol,35,1983,29,17,1486,16.5,2,1,3,2,0,0,3,0,3.3,3.3,2.3,5.6,47,65,152,0.12,0.06,0.18,0.12,0.18,0.2,0.14,0.34,0.2,0.34,Matches,2bee98fd
186,Mario Gaspar,es ESP,DF,Villarreal,27,1990,31,30,2599,28.9,1,2,3,1,0,0,17,1,1.9,1.9,2.6,4.5,56,106,128,0.03,0.07,0.1,0.03,0.1,0.07,0.09,0.15,0.07,0.15,Matches,fb5d47b3
187,Joris Gnagnon,fr FRA,DFMF,Sevilla,21,1997,7,4,446,5,0,0,0,0,0,0,2,0,0.1,0.1,0.1,0.3,10,25,7,0,0,0,0,0,0.03,0.02,0.05,0.03,0.05,Matches,1232e1dc
188,Diego Godín,uy URU,DF,Atlético Madrid,32,1986,30,28,2509,27.9,3,1,4,3,0,0,6,0,2.6,2.6,0.3,2.9,12,60,3,0.11,0.04,0.14,0.11,0.14,0.09,0.01,0.1,0.09,0.1,Matches,fc4f85b1
189,Ibai Gómez,es ESP,FW,Athletic Club,28,1989,14,6,580,6.4,0,2,2,0,0,0,0,0,0.4,0.4,1.4,1.8,7,23,60,0,0.31,0.31,0,0.31,0.07,0.21,0.28,0.07,0.28,Matches,9d2a3d5f
190,Ibai Gómez,es ESP,MFFW,Alavés,28,1989,18,17,1449,16.1,3,2,5,3,0,1,0,0,3.3,2.5,2.1,4.6,19,41,73,0.19,0.12,0.31,0.19,0.31,0.21,0.13,0.34,0.16,0.29,Matches,9d2a3d5f
191,Maxi Gómez,uy URU,FW,Celta Vigo,21,1996,35,33,2960,32.9,13,5,18,12,1,1,6,1,12.5,11.7,3,14.6,33,64,150,0.4,0.15,0.55,0.36,0.52,0.38,0.09,0.47,0.35,0.45,Matches,4c2e9442
192,Moi Gómez,es ESP,MF,Huesca,24,1994,36,35,3055,33.9,2,7,9,2,0,0,3,0,2.1,2.1,4.8,6.9,52,180,61,0.06,0.21,0.27,0.06,0.27,0.06,0.14,0.2,0.06,0.2,Matches,5a626448
193,Sergi Gómez,es ESP,DF,Sevilla,26,1992,32,31,2765,30.7,0,0,0,0,0,0,1,0,0.8,0.8,0.4,1.2,12,94,3,0,0,0,0,0,0.03,0.01,0.04,0.03,0.04,Matches,bc6f5f06
194,Maxime Gonalons,fr FRA,MF,Sevilla,29,1989,10,5,540,6,0,0,0,0,0,0,0,0,0.2,0.2,0.1,0.3,6,39,2,0,0,0,0,0,0.04,0.02,0.06,0.04,0.06,Matches,b8c1de25
195,Álvaro González,es ESP,DF,Villarreal,28,1990,33,33,2964,32.9,1,2,3,1,0,0,17,2,1.2,1.2,1.2,2.4,30,144,6,0.03,0.06,0.09,0.03,0.09,0.04,0.04,0.07,0.04,0.07,Matches,42dcf26d
196,Bruno González,es ESP,DF,Getafe,28,1990,23,18,1701,18.9,0,1,1,0,0,0,7,1,0.7,0.7,0.3,1,4,29,1,0,0.05,0.05,0,0.05,0.04,0.01,0.05,0.04,0.05,Matches,f11fe861
197,Cristo González,es ESP,FW,Real Madrid,20,1997,1,0,45,0.5,0,0,0,0,0,0,0,0,0,0,0,0.1,1,1,0,0,0,0,0,0,0.06,0.07,0.14,0.06,0.14,Matches,896b5df2
198,Andoni Gorosabel,es ESP,DF,Real Sociedad,21,1996,7,6,455,5.1,0,0,0,0,0,0,0,0,0.1,0.1,0.5,0.6,6,18,25,0,0,0,0,0,0.02,0.1,0.12,0.02,0.12,Matches,6f5f82c0
199,Álex Granell,es ESP,MFDF,Girona,29,1988,32,26,2391,26.6,0,4,4,0,0,0,5,0,1.2,1.2,6,7.2,46,182,80,0,0.15,0.15,0,0.15,0.05,0.22,0.27,0.05,0.27,Matches,a25250f8
200,Esteban Granero,es ESP,MF,Espanyol,31,1987,28,24,2013,22.4,3,1,4,3,0,0,11,0,1.8,1.8,1.5,3.3,39,113,36,0.13,0.04,0.18,0.13,0.18,0.08,0.07,0.15,0.08,0.15,Matches,1b17ed86
201,Antoine Griezmann,fr FRA,FWMF,Atlético Madrid,27,1991,37,37,3198,35.5,15,8,23,12,3,3,5,0,13.9,11.6,7.7,19.3,87,136,241,0.42,0.23,0.65,0.34,0.56,0.39,0.22,0.61,0.33,0.54,Matches,df69b544
202,Andrés Guardado,mx MEX,MFDF,Betis,31,1986,31,27,2335,25.9,0,4,4,0,0,0,8,0,1.4,1.4,3.6,5.1,57,151,85,0,0.15,0.15,0,0.15,0.06,0.14,0.2,0.06,0.2,Matches,ef322658
203,Sergi Guardiola,es ESP,FW,Valladolid,27,1991,17,17,1514,16.8,3,1,4,3,0,1,0,0,5.4,4.6,2.2,6.8,36,28,108,0.18,0.06,0.24,0.18,0.24,0.32,0.13,0.45,0.27,0.4,Matches,32974271
204,Sergi Guardiola,es ESP,MFFW,Getafe,27,1991,3,0,30,0.3,0,0,0,0,0,0,0,0,0.1,0.1,0,0.1,7,0,4,0,0,0,0,0,0.22,0,0.22,0.22,0.22,Matches,32974271
205,Gonçalo Guedes,pt POR,MFFW,Valencia,21,1996,25,18,1465,16.3,5,3,8,5,0,0,2,0,2.1,2.1,2.7,4.8,91,97,147,0.31,0.18,0.49,0.31,0.49,0.13,0.17,0.29,0.13,0.29,Matches,e6bc67d7
206,Javi Guerra,es ESP,FWMF,Rayo Vallecano,36,1982,8,1,236,2.6,0,1,1,0,0,0,0,0,0.8,0.8,0.6,1.4,2,5,12,0,0.38,0.38,0,0.38,0.3,0.21,0.52,0.3,0.52,Matches,aa386464
207,Francis Guerrero,es ESP,DFFW,Betis,22,1996,22,22,1778,19.8,0,1,1,0,0,0,2,0,0.4,0.4,1.4,1.8,59,44,153,0,0.05,0.05,0,0.05,0.02,0.07,0.09,0.02,0.09,Matches,59d53e8a
208,Ander Guevara,es ESP,MF,Real Sociedad,21,1997,1,1,90,1,0,0,0,0,0,0,0,0,0.1,0.1,0,0.1,1,1,0,0,0,0,0,0,0.07,0.02,0.09,0.07,0.09,Matches,8e48dc61
209,John Guidetti,se SWE,FW,Alavés,26,1992,22,6,631,7,2,1,3,2,0,0,2,0,1.4,1.4,1,2.3,8,12,57,0.29,0.14,0.43,0.29,0.43,0.2,0.14,0.34,0.2,0.34,Matches,99bebd12
210,Gerard Gumbau,es ESP,MF,Leganés,23,1994,16,13,1199,13.3,1,1,2,0,1,1,6,1,2,1.2,0.4,1.6,11,41,23,0.08,0.08,0.15,0,0.08,0.15,0.03,0.18,0.09,0.12,Matches,ac454a4f
211,Serdar Gürler,tr TUR,MFFW,Huesca,26,1991,13,5,482,5.4,0,1,1,0,0,0,2,0,0.7,0.7,0.2,1,23,14,59,0,0.19,0.19,0,0.19,0.14,0.04,0.18,0.14,0.18,Matches,8d2ad5c0
212,Gorka Guruzeta,es ESP,MFFW,Athletic Club,21,1996,6,0,50,0.6,0,0,0,0,0,0,0,0,0.1,0.1,0.1,0.1,0,1,3,0,0,0,0,0,0.15,0.12,0.27,0.15,0.27,Matches,6b5ea2f4
213,Hacen,mr MTN,MF,Valladolid,20,1997,1,0,3,0,0,0,0,0,0,0,0,0,0,0,0,0,0,0,0,0,0,0,0,0,0,0,0,0,0,Matches,7c689c48
214,Munir El Haddadi,ma MAR,FWMF,Sevilla,22,1995,16,12,1042,11.6,5,1,6,5,0,0,2,0,5.1,5.1,0.9,6,20,25,103,0.43,0.09,0.52,0.43,0.52,0.44,0.08,0.52,0.44,0.52,Matches,8696bc90
215,Munir El Haddadi,ma MAR,FW,Barcelona,22,1995,7,1,152,1.7,1,1,2,1,0,0,0,0,0.9,0.9,0.6,1.5,1,1,15,0.59,0.59,1.18,0.59,1.18,0.51,0.35,0.87,0.51,0.87,Matches,8696bc90
216,Uche Henry Agbo,ng NGA,MF,Rayo Vallecano,22,1995,6,5,372,4.1,0,0,0,0,0,0,2,0,0,0,0,0,4,18,1,0,0,0,0,0,0,0,0.01,0,0.01,Matches,98554bfd
217,Mario Hermoso,es ESP,DF,Espanyol,23,1995,32,31,2806,31.2,3,0,3,3,0,0,7,0,2.6,2.6,0.4,3,21,84,11,0.1,0,0.1,0.1,0.1,0.08,0.01,0.1,0.08,0.1,Matches,555f3a0b
218,Lucas Hernández,fr FRA,DF,Atlético Madrid,22,1996,14,13,1117,12.4,1,0,1,1,0,0,5,0,0.8,0.8,0.8,1.6,19,36,38,0.08,0,0.08,0.08,0.08,0.06,0.07,0.13,0.06,0.13,Matches,c3ee18ef
219,Theo Hernández,fr FRA,DF,Real Sociedad,20,1997,24,22,1976,22,1,2,3,1,0,0,5,1,1.4,1.4,1.8,3.1,87,72,117,0.05,0.09,0.14,0.05,0.14,0.06,0.08,0.14,0.06,0.14,Matches,d4c9725f
220,Yangel Herrera,ve VEN,MFDF,Huesca,20,1998,16,14,1154,12.8,0,0,0,0,0,0,5,0,0.5,0.5,0.2,0.7,5,46,25,0,0,0,0,0,0.04,0.01,0.05,0.04,0.05,Matches,e778654a
221,Iago Herrerín,es ESP,GK,Athletic Club,30,1988,31,31,2790,31,0,1,1,0,0,0,1,0,0,0,0.5,0.5,0,0,0,0,0.03,0.03,0,0.03,0,0.02,0.02,0,0.02,Matches,9109185e
222,Pablo Hervías,es ESP,MF,Valladolid,25,1993,3,2,160,1.8,0,0,0,0,0,0,1,0,0.1,0.1,0.3,0.5,2,3,12,0,0,0,0,0,0.06,0.19,0.26,0.06,0.26,Matches,ba5a9545
223,Pablo Hervías,es ESP,MF,Eibar,25,1993,3,2,180,2,0,1,1,0,0,0,0,0,0.1,0.1,0.3,0.4,6,1,9,0,0.5,0.5,0,0.5,0.04,0.16,0.2,0.04,0.2,Matches,ba5a9545
224,Andrew Hjulsager,dk DEN,MFFW,Celta Vigo,23,1995,15,2,359,4,0,3,3,0,0,0,1,0,0.1,0.1,1.7,1.8,9,13,29,0,0.75,0.75,0,0.75,0.02,0.43,0.45,0.02,0.45,Matches,2ef16f06
225,Wesley Hoedt,nl NED,DF,Celta Vigo,24,1994,10,9,893,9.9,0,0,0,0,0,0,3,1,0.3,0.3,0.4,0.7,4,32,2,0,0,0,0,0,0.03,0.04,0.07,0.03,0.07,Matches,875898c7
226,Robert Ibáñez,es ESP,MF,Getafe,25,1993,7,0,76,0.8,0,0,0,0,0,0,1,0,0.2,0.2,0,0.2,3,0,9,0,0,0,0,0,0.2,0,0.2,0.2,0.2,Matches,c7429db3
227,Vicente Iborra,es ESP,MF,Villarreal,30,1988,19,19,1665,18.5,3,1,4,3,0,0,7,0,2.3,2.3,0.9,3.3,7,69,48,0.16,0.05,0.22,0.16,0.22,0.13,0.05,0.18,0.13,0.18,Matches,ad1ffcfd
228,Borja Iglesias,es ESP,FW,Espanyol,25,1993,37,35,3075,34.2,17,3,20,14,3,3,5,0,16,13.6,4.1,17.7,52,31,251,0.5,0.09,0.59,0.41,0.5,0.47,0.12,0.59,0.4,0.52,Matches,75645f0e
229,Asier Illarramendi,es ESP,MF,Real Sociedad,28,1990,23,20,1821,20.2,1,1,2,1,0,0,8,0,0.5,0.5,1.4,1.9,24,144,6,0.05,0.05,0.1,0.05,0.1,0.02,0.07,0.1,0.02,0.1,Matches,5ce0b5ba
230,Giannelli Imbula,cd COD,MF,Rayo Vallecano,25,1992,22,21,1732,19.2,1,1,2,1,0,0,7,0,0.9,0.9,0.9,1.8,51,114,19,0.05,0.05,0.1,0.05,0.1,0.04,0.05,0.09,0.04,0.09,Matches,b86fe156
231,Pablo Insua,es ESP,DF,Huesca,24,1993,10,10,776,8.6,0,0,0,0,0,0,4,0,0.1,0.1,0.1,0.2,3,15,0,0,0,0,0,0,0.01,0.01,0.03,0.01,0.03,Matches,4b5e7e90
232,Takashi Inui,jp JPN,MFFW,Alavés,30,1988,12,10,828,9.2,2,0,2,2,0,0,0,0,2.2,2.2,0.6,2.8,21,20,53,0.22,0,0.22,0.22,0.22,0.24,0.07,0.31,0.24,0.31,Matches,61bd33d0
233,Takashi Inui,jp JPN,MF,Betis,30,1988,8,5,377,4.2,0,0,0,0,0,0,0,0,1,1,0.1,1.1,11,10,26,0,0,0,0,0,0.23,0.03,0.26,0.23,0.26,Matches,61bd33d0
234,Gorka Iraizoz,es ESP,GK,Girona,37,1981,7,6,559,6.2,0,0,0,0,0,0,0,0,0,0,0,0,0,0,0,0,0,0,0,0,0,0,0,0,0,Matches,26f2473f
235,Carlos Isaac,es ESP,DF,Atlético Madrid,20,1998,1,1,90,1,0,0,0,0,0,0,0,0,0.1,0.1,0,0.1,2,1,6,0,0,0,0,0,0.07,0.04,0.11,0.07,0.11,Matches,3e5a168c
236,Isco,es ESP,MFFW,Real Madrid,26,1992,27,11,1192,13.2,3,2,5,3,0,0,3,0,5.1,5.1,2.8,7.9,46,119,91,0.23,0.15,0.38,0.23,0.38,0.38,0.21,0.59,0.38,0.59,Matches,a0b4bb3e
237,Manuel Iturra,cl CHI,MF,Villarreal,34,1984,3,1,74,0.8,0,0,0,0,0,0,1,0,0,0,0,0,0,8,1,0,0,0,0,0,0,0,0,0,0,Matches,000b3da6
238,Ander Iturraspe,es ESP,MF,Athletic Club,29,1989,3,1,98,1.1,0,0,0,0,0,0,1,0,0,0,0,0,0,5,2,0,0,0,0,0,0,0,0,0,0,Matches,6dce77a5
239,Ivi,es ESP,MFFW,Valladolid,24,1994,3,0,20,0.2,0,0,0,0,0,0,0,0,0.1,0.1,0,0.1,2,0,2,0,0,0,0,0,0.26,0,0.26,0.26,0.26,Matches,d2fa73e7
240,Adnan Januzaj,be BEL,FWMF,Real Sociedad,23,1995,20,13,1254,13.9,1,3,4,1,0,0,1,0,2.4,2.4,3,5.4,72,54,173,0.07,0.22,0.29,0.07,0.29,0.17,0.21,0.39,0.17,0.39,Matches,4737cebe
241,Jason,es ESP,DFFW,Levante,24,1994,30,26,2330,25.9,2,5,7,2,0,0,10,0,3.2,3.2,4.8,8,71,75,124,0.08,0.19,0.27,0.08,0.27,0.12,0.19,0.31,0.12,0.31,Matches,9038c2a1
242,Mathias Jensen,dk DEN,MFFW,Celta Vigo,22,1996,6,3,235,2.6,0,0,0,0,0,0,0,0,0.1,0.1,0.1,0.2,1,7,10,0,0,0,0,0,0.06,0.03,0.08,0.06,0.08,Matches,0f134faf
243,Jesé,es ESP,FWMF,Betis,25,1993,14,9,779,8.7,2,0,2,2,0,0,2,0,3.3,3.3,0.7,4,22,15,55,0.23,0,0.23,0.23,0.23,0.38,0.08,0.46,0.38,0.46,Matches,4a537185
244,Joaquín,es ESP,FWMF,Betis,37,1981,30,17,1696,18.8,6,0,6,6,0,0,5,0,3.2,3.2,3.5,6.8,85,85,170,0.32,0,0.32,0.32,0.32,0.17,0.19,0.36,0.17,0.36,Matches,4c5b14d2
245,Jony,es ESP,MFFW,Alavés,27,1991,36,34,2971,33,5,11,16,5,0,0,3,0,4.6,4.6,9.6,14.2,119,76,220,0.15,0.33,0.48,0.15,0.48,0.14,0.29,0.43,0.14,0.43,Matches,244f57b9
246,Joan Jordán,es ESP,MF,Eibar,24,1994,36,32,2875,31.9,4,4,8,4,0,0,10,0,2.6,2.6,5,7.6,44,184,92,0.13,0.13,0.25,0.13,0.25,0.08,0.16,0.24,0.08,0.24,Matches,2a0c8ba4
247,Willian José,br BRA,FW,Real Sociedad,26,1991,31,28,2367,26.3,11,5,16,6,5,7,5,1,11.7,6.5,3.7,10.2,18,60,190,0.42,0.19,0.61,0.23,0.42,0.44,0.14,0.58,0.25,0.39,Matches,d87e2cae
248,Aleksandar Jovanović,rs SRB,GK,Huesca,25,1992,12,12,1080,12,0,0,0,0,0,0,1,0,0,0,0,0,0,0,0,0,0,0,0,0,0,0,0,0,0,Matches,129dd8e7
249,Jozabed,es ESP,MF,Celta Vigo,27,1991,20,14,1155,12.8,0,0,0,0,0,0,1,0,0.4,0.4,0.8,1.2,7,71,17,0,0,0,0,0,0.04,0.06,0.1,0.04,0.1,Matches,9b337c7c
250,Miguel Juan Llambrich,es ESP,DFFW,Villarreal,22,1996,8,5,544,6,0,0,0,0,0,0,1,0,0.1,0.1,0.2,0.3,15,15,28,0,0,0,0,0,0.01,0.03,0.05,0.01,0.05,Matches,d83f09ff
251,Juanfran,es ESP,DFFW,Leganés,29,1988,23,17,1459,16.2,1,1,2,1,0,0,0,0,0.4,0.4,1.9,2.4,39,56,103,0.06,0.06,0.12,0.06,0.12,0.03,0.12,0.15,0.03,0.15,Matches,9ba48d64
252,Juanfran,es ESP,DF,Atlético Madrid,33,1985,22,18,1609,17.9,0,2,2,0,0,0,7,0,0,0,3.5,3.5,53,57,86,0,0.11,0.11,0,0.11,0,0.19,0.19,0,0.19,Matches,cfd8d664
253,Juanmi,es ESP,FWMF,Real Sociedad,25,1993,30,16,1523,16.9,5,2,7,5,0,0,5,1,6.6,6.6,1.5,8.1,27,21,86,0.3,0.12,0.41,0.3,0.41,0.39,0.09,0.48,0.39,0.48,Matches,84399660
254,Juanpe,es ESP,DF,Girona,27,1991,33,31,2767,30.7,0,0,0,0,0,0,8,0,1.7,1.7,0.2,1.9,18,91,3,0,0,0,0,0,0.05,0.01,0.06,0.05,0.06,Matches,1633fc8a
255,Juanpi,ve VEN,MFFW,Huesca,24,1994,14,8,670,7.4,2,2,4,1,1,1,2,0,2,1.2,0.5,1.7,21,20,23,0.27,0.27,0.54,0.13,0.4,0.27,0.06,0.33,0.16,0.22,Matches,d79afcfc
256,David Juncà,es ESP,DF,Celta Vigo,24,1993,21,21,1754,19.5,0,3,3,0,0,0,6,0,0.5,0.5,0.9,1.4,47,64,79,0,0.15,0.15,0,0.15,0.02,0.05,0.07,0.02,0.07,Matches,de7d40d6
257,Vinicius Júnior,br BRA,FWMF,Real Madrid,18,2000,18,9,869,9.7,2,0,2,2,0,0,0,0,3.6,3.6,1.5,5.1,76,17,141,0.21,0,0.21,0.21,0.21,0.37,0.16,0.53,0.37,0.53,Matches,7111d552
258,Gaël Kakuta,cd COD,MFFW,Rayo Vallecano,27,1991,12,9,717,8,1,0,1,0,1,1,1,0,1.1,0.3,0.2,0.6,27,28,64,0.13,0,0.13,0,0,0.14,0.03,0.17,0.04,0.07,Matches,5b1bf5e3
259,Nikola Kalinić,hr CRO,FW,Atlético Madrid,30,1988,17,7,642,7.1,2,0,2,2,0,0,3,0,1.8,1.8,0.2,2,5,4,43,0.28,0,0.28,0.28,0.28,0.25,0.02,0.27,0.25,0.27,Matches,d4931a5a
260,Lee Kangin,kr KOR,MFFW,Valencia,17,2001,3,0,24,0.3,0,0,0,0,0,0,1,0,0,0,0,0.1,2,2,2,0,0,0,0,0,0.09,0.17,0.26,0.09,0.26,Matches,8455ad90
261,Wilfrid Kaptoum,cm CMR,MF,Betis,22,1996,10,9,773,8.6,0,0,0,0,0,0,2,0,0.1,0.1,0.1,0.2,16,22,17,0,0,0,0,0,0.02,0.01,0.02,0.02,0.02,Matches,d717630e
262,Keko,es ESP,MFFW,Valladolid,26,1991,26,20,1533,17,2,1,3,2,0,0,2,0,3.4,3.4,1.6,5.1,64,33,125,0.12,0.06,0.18,0.12,0.18,0.2,0.09,0.3,0.2,0.3,Matches,1512328c
263,Kike,es ESP,FW,Eibar,28,1989,30,15,1298,14.4,3,0,3,3,0,0,0,0,5.6,5.6,1.8,7.4,13,27,128,0.21,0,0.21,0.21,0.21,0.39,0.13,0.51,0.39,0.51,Matches,e897d8ba
264,Simon Kjær,dk DEN,DF,Sevilla,29,1989,26,25,2008,22.3,0,0,0,0,0,0,5,0,0.9,0.9,0.5,1.4,2,51,2,0,0,0,0,0,0.04,0.02,0.06,0.04,0.06,Matches,8b8a56ce
265,Kenan Kodro,ba BIH,FWMF,Athletic Club,24,1993,11,0,161,1.8,1,0,1,1,0,0,0,0,0.2,0.2,0.1,0.3,1,0,16,0.56,0,0.56,0.56,0.56,0.11,0.05,0.16,0.11,0.16,Matches,e82d2807
266,Koke,es ESP,MF,Atlético Madrid,26,1992,30,29,2586,28.7,3,5,8,3,0,0,10,1,1.5,1.5,4.8,6.2,24,174,72,0.1,0.17,0.28,0.1,0.28,0.05,0.17,0.22,0.05,0.22,Matches,55126f3b
267,Geoffrey Kondogbia,cf CTA,MF,Valencia,25,1993,19,14,1245,13.8,1,1,2,1,0,0,1,0,2.2,2.2,0.9,3.1,14,87,10,0.07,0.07,0.14,0.07,0.14,0.16,0.07,0.22,0.16,0.22,Matches,cce181df
268,Vasyl Kravets,ua UKR,DFFW,Leganés,20,1997,6,6,481,5.3,0,0,0,0,0,0,2,0,0.1,0.1,0.9,1.1,8,17,41,0,0,0,0,0,0.02,0.18,0.2,0.02,0.2,Matches,29e48848
269,Toni Kroos,de GER,MF,Real Madrid,28,1990,28,26,2221,24.7,0,4,4,0,0,0,2,0,1.4,1.4,5.3,6.7,56,269,39,0,0.16,0.16,0,0.16,0.06,0.21,0.27,0.06,0.27,Matches,6ce1f46f
270,Víctor Laguardia,es ESP,DF,Alavés,28,1989,36,36,3240,36,1,2,3,1,0,0,13,0,1.7,1.7,1,2.7,11,92,11,0.03,0.06,0.08,0.03,0.08,0.05,0.03,0.08,0.05,0.08,Matches,b7c99b9b
271,Diego Lainez,mx MEX,FWMF,Betis,18,2000,12,3,353,3.9,0,1,1,0,0,0,2,0,0.3,0.3,0.4,0.7,17,8,43,0,0.25,0.25,0,0.25,0.09,0.09,0.18,0.09,0.18,Matches,bf12926c
272,Toni Lato,es ESP,DF,Valencia,20,1997,4,3,270,3,0,0,0,0,0,0,1,0,0.1,0.1,0,0.2,2,14,10,0,0,0,0,0,0.04,0.02,0.06,0.04,0.06,Matches,8e088e04
273,Miguel Layún,mx MEX,MFDF,Villarreal,30,1988,8,5,506,5.6,0,1,1,0,0,0,1,0,0.5,0.4,0.9,1.3,10,18,45,0,0.18,0.18,0,0.18,0.08,0.16,0.25,0.07,0.23,Matches,ad6295d4
274,Robin Le Normand,fr FRA,DF,Real Sociedad,21,1996,4,3,284,3.2,0,1,1,0,0,0,1,0,0.2,0.2,0.9,1.1,0,12,0,0,0.32,0.32,0,0.32,0.06,0.28,0.34,0.06,0.34,Matches,9a64e67e
275,Wu Lei,cn CHN,FWMF,Espanyol,26,1991,16,12,1061,11.8,3,1,4,3,0,0,1,0,5.1,5.1,1.5,6.5,29,23,81,0.25,0.08,0.34,0.25,0.34,0.43,0.12,0.56,0.43,0.56,Matches,e3fabb0a
276,Iñigo Lekue,es ESP,DF,Athletic Club,25,1993,4,2,211,2.3,0,0,0,0,0,0,1,0,0,0,0.1,0.1,7,5,9,0,0,0,0,0,0,0.05,0.05,0,0.05,Matches,59b7d823
277,Thomas Lemar,fr FRA,MF,Atlético Madrid,22,1995,31,22,1817,20.2,3,3,6,3,0,0,4,0,3,3,3.3,6.3,64,84,125,0.15,0.15,0.3,0.15,0.3,0.15,0.17,0.31,0.15,0.31,Matches,4dbd0916
278,Clément Lenglet,fr FRA,DF,Barcelona,23,1995,23,22,1933,21.5,1,0,1,1,0,0,8,1,0.9,0.9,0,0.9,6,49,2,0.05,0,0.05,0.05,0.05,0.04,0,0.04,0.04,0.04,Matches,4f28a6ff
279,Pedro León,es ESP,MFFW,Eibar,31,1986,9,5,425,4.7,1,0,1,1,0,0,0,0,1,1,0.3,1.2,12,11,45,0.21,0,0.21,0.21,0.21,0.21,0.05,0.26,0.21,0.26,Matches,d66b9872
280,Sergio León,es ESP,FWMF,Betis,29,1989,16,6,638,7.1,0,1,1,0,0,0,1,0,0.6,0.6,0.6,1.2,6,3,39,0,0.14,0.14,0,0.14,0.08,0.09,0.17,0.08,0.17,Matches,0a0cc13c
281,Diego Llorente,es ESP,DF,Real Sociedad,24,1993,21,20,1752,19.5,0,0,0,0,0,0,5,0,0.5,0.5,0.1,0.6,21,58,7,0,0,0,0,0,0.03,0,0.03,0.03,0.03,Matches,bba30585
282,Marcos Llorente,es ESP,MF,Real Madrid,23,1995,7,6,540,6,0,0,0,0,0,0,1,0,0.1,0.1,0.2,0.3,10,18,6,0,0,0,0,0,0.01,0.03,0.04,0.01,0.04,Matches,02c15616
283,Giovani Lo Celso,ar ARG,MFFW,Betis,22,1996,32,27,2397,26.6,9,4,13,7,2,4,5,0,8.2,5,4,9,127,175,125,0.34,0.15,0.49,0.26,0.41,0.31,0.15,0.46,0.19,0.34,Matches,d7553721
284,Stanislav Lobotka,sk SVK,MF,Celta Vigo,23,1994,31,27,2489,27.7,0,1,1,0,0,0,1,0,0.9,0.9,0.9,1.8,46,118,34,0,0.04,0.04,0,0.04,0.03,0.03,0.06,0.03,0.06,Matches,e1cbb531
285,Samuele Longo,it ITA,FW,Huesca,26,1992,15,6,556,6.2,1,2,3,1,0,0,4,0,1.8,1.8,1.7,3.5,4,7,25,0.16,0.32,0.49,0.16,0.49,0.29,0.27,0.56,0.29,0.56,Matches,1163de29
286,Alejandro López,es ESP,MF,Espanyol,21,1997,4,1,112,1.2,0,0,0,0,0,0,1,0,0,0,0,0,2,9,3,0,0,0,0,0,0.02,0,0.02,0.02,0.02,Matches,f1887f53
287,David López,es ESP,DF,Espanyol,28,1989,21,21,1819,20.2,0,0,0,0,0,0,4,0,1,1,0.3,1.3,23,81,9,0,0,0,0,0,0.05,0.02,0.06,0.05,0.06,Matches,f03f284b
288,Diego López,es ESP,GK,Espanyol,36,1981,38,38,3420,38,0,0,0,0,0,0,2,0,0,0,0,0,0,1,0,0,0,0,0,0,0,0,0,0,0,Matches,73683fa9
289,Javi López,es ESP,DF,Espanyol,32,1986,23,21,1948,21.6,0,1,1,0,0,0,5,1,0.7,0.7,0.9,1.7,43,86,79,0,0.05,0.05,0,0.05,0.03,0.04,0.08,0.03,0.08,Matches,ffad706e
290,Lluis López,es ESP,DF,Espanyol,21,1997,6,5,521,5.8,0,0,0,0,0,0,0,0,0.2,0.2,0,0.2,3,18,0,0,0,0,0,0,0.04,0,0.04,0.04,0.04,Matches,a685f013
291,Pedro López Muñoz,es ESP,DF,Levante,34,1983,8,4,465,5.2,0,1,1,0,0,0,1,0,0.1,0.1,0.5,0.6,15,22,19,0,0.19,0.19,0,0.19,0.02,0.1,0.11,0.02,0.11,Matches,a60823a4
292,Pau López,es ESP,GK,Betis,23,1994,33,33,2970,33,0,0,0,0,0,0,3,0,0,0,0,0,0,1,0,0,0,0,0,0,0,0,0,0,0,Matches,20b9f052
293,Roberto López,es ESP,MF,Real Sociedad,18,2000,1,0,29,0.3,0,0,0,0,0,0,0,0,0,0,0,0,0,0,0,0,0,0,0,0,0,0,0,0,0,Matches,2a8c9f98
294,Unai López,es ESP,MF,Athletic Club,22,1995,7,3,328,3.6,0,0,0,0,0,0,1,0,0.2,0.2,0.4,0.6,13,31,14,0,0,0,0,0,0.06,0.11,0.17,0.06,0.17,Matches,88050721
295,Anthony Lozano,hn HON,FWMF,Girona,25,1993,20,7,730,8.1,0,0,0,0,0,0,4,1,2.3,2.3,0.4,2.7,21,11,50,0,0,0,0,0,0.29,0.05,0.33,0.29,0.33,Matches,38699c72
296,Filipe Luís,br BRA,DF,Atlético Madrid,32,1985,27,24,2030,22.6,2,2,4,2,0,0,4,0,0.8,0.8,1.1,1.9,71,110,67,0.09,0.09,0.18,0.09,0.18,0.04,0.05,0.09,0.04,0.09,Matches,e4ed2628
297,José Luis Gayà,es ESP,DF,Valencia,23,1995,35,35,3137,34.9,1,1,2,1,0,0,10,0,1,1,2.3,3.3,96,158,159,0.03,0.03,0.06,0.03,0.06,0.03,0.07,0.09,0.03,0.09,Matches,b05e2dbd
298,José Luis Morales,es ESP,FWMF,Levante,31,1987,37,35,3195,35.5,12,5,17,9,3,5,7,0,13.6,9.7,6,15.7,120,87,265,0.34,0.14,0.48,0.25,0.39,0.38,0.17,0.55,0.27,0.44,Matches,4a478107
299,Luisinho,pt POR,DF,Huesca,33,1985,7,6,507,5.6,0,0,0,0,0,0,4,0,0.1,0.1,0.7,0.7,15,16,8,0,0,0,0,0,0.01,0.12,0.13,0.01,0.13,Matches,a7f00c8c
300,Douglas Luiz,br BRA,MF,Girona,20,1998,23,16,1490,16.6,0,0,0,0,0,0,7,0,1.6,1.6,0.5,2.1,29,90,16,0,0,0,0,0,0.1,0.03,0.13,0.1,0.13,Matches,6f7d826d
301,Antonio Luna,es ESP,DFFW,Levante,27,1991,16,14,1258,14,0,2,2,0,0,0,4,0,0.2,0.2,1.8,1.9,29,48,70,0,0.14,0.14,0,0.14,0.01,0.13,0.14,0.01,0.14,Matches,ed239245
302,Andriy Lunin,ua UKR,GK,Leganés,19,1999,5,4,365,4.1,0,0,0,0,0,0,0,0,0,0,0,0,0,0,0,0,0,0,0,0,0,0,0,0,0,Matches,3061e1ec
303,Nemanja Maksimović,rs SRB,MF,Getafe,23,1995,36,36,3209,35.7,1,0,1,1,0,0,4,0,2.6,2.6,0.5,3.1,22,83,28,0.03,0,0.03,0.03,0.03,0.07,0.01,0.09,0.07,0.09,Matches,00b28772
304,Malcom,br BRA,FWMF,Barcelona,21,1997,15,6,614,6.8,1,2,3,1,0,0,0,0,1.4,1.4,1.7,3.1,26,18,98,0.15,0.29,0.44,0.15,0.44,0.2,0.25,0.45,0.2,0.45,Matches,6853490f
305,Hugo Mallo,es ESP,DF,Celta Vigo,27,1991,35,35,3092,34.4,1,4,5,1,0,0,11,0,1.8,1.8,4.7,6.5,79,136,201,0.03,0.12,0.15,0.03,0.15,0.05,0.14,0.19,0.05,0.19,Matches,cb574619
306,Aïssa Mandi,dz ALG,DF,Betis,26,1991,35,34,3059,34,1,1,2,1,0,0,10,0,0.6,0.6,1.5,2.2,23,172,17,0.03,0.03,0.06,0.03,0.06,0.02,0.04,0.06,0.02,0.06,Matches,fbd6378b
307,Martín Mantovani,ar ARG,DF,Huesca,34,1984,9,6,701,7.8,2,0,2,2,0,0,2,0,0.5,0.5,0,0.5,0,10,0,0.26,0,0.26,0.26,0.26,0.06,0,0.06,0.06,0.06,Matches,4ffb647d
308,Fran Manzanara,es ESP,DFMF,Levante,21,1996,4,1,157,1.7,0,0,0,0,0,0,0,0,0.6,0.6,0,0.6,0,3,0,0,0,0,0,0,0.36,0,0.36,0.36,0.36,Matches,bbfaeda4
309,Marcelo,br BRA,DF,Real Madrid,30,1988,23,21,1853,20.6,2,2,4,2,0,0,6,0,1.9,1.9,3.1,5,60,183,151,0.1,0.1,0.19,0.1,0.19,0.1,0.15,0.24,0.1,0.24,Matches,603116a7
310,Óscar de Marcos,es ESP,DFFW,Athletic Club,29,1989,30,28,2421,26.9,1,2,3,1,0,0,7,2,1.3,1.3,3.3,4.6,58,107,200,0.04,0.07,0.11,0.04,0.11,0.05,0.12,0.17,0.05,0.17,Matches,9f323c71
311,Miguel Marí,es ESP,MF,Eibar,21,1997,2,0,69,0.8,0,0,0,0,0,0,0,0,0,0,0,0,0,3,1,0,0,0,0,0,0.03,0,0.03,0.03,0.03,Matches,d70a3661
312,José María Giménez,uy URU,DF,Atlético Madrid,23,1995,21,19,1772,19.7,0,0,0,0,0,0,5,0,1.2,1.2,0.5,1.7,4,29,1,0,0,0,0,0,0.06,0.03,0.09,0.06,0.09,Matches,f0da930c
313,Mariano,do DOM,FW,Real Madrid,24,1993,13,3,447,5,3,0,3,3,0,0,2,0,2.6,2.6,1,3.6,4,9,36,0.6,0,0.6,0.6,0.6,0.53,0.2,0.73,0.53,0.73,Matches,5c4dc0ff
314,Adrián Marín,es ESP,DFMF,Alavés,21,1997,6,2,290,3.2,0,0,0,0,0,0,2,0,0.3,0.3,0,0.3,4,8,7,0,0,0,0,0,0.08,0,0.08,0.08,0.08,Matches,b7f2edff
315,Guillermo Maripán,cl CHI,DF,Alavés,24,1994,23,22,2008,22.3,2,2,4,2,0,0,5,0,2.5,2.5,1,3.5,10,48,1,0.09,0.09,0.18,0.09,0.18,0.11,0.04,0.16,0.11,0.16,Matches,d9764034
316,Roger Martí,es ESP,FW,Levante,27,1991,31,23,1887,21,13,0,13,11,2,2,5,0,12.8,11.3,1,12.2,27,30,104,0.62,0,0.62,0.52,0.52,0.61,0.05,0.66,0.54,0.58,Matches,0ae4e09a
317,Iñigo Martínez,es ESP,DF,Athletic Club,27,1991,33,33,2902,32.2,0,0,0,0,0,0,12,0,2.1,2.1,0.6,2.7,37,116,18,0,0,0,0,0,0.07,0.02,0.09,0.07,0.09,Matches,3fc45c73
318,Gelson Martins,pt POR,FWMF,Atlético Madrid,23,1995,8,1,229,2.5,0,0,0,0,0,0,0,0,0.3,0.3,0.1,0.3,14,4,28,0,0,0,0,0,0.11,0.02,0.13,0.11,0.13,Matches,3ef0fa48
319,Jordi Masip,es ESP,GK,Valladolid,29,1989,35,35,3150,35,0,0,0,0,0,0,1,0,0,0,0,0,0,0,0,0,0,0,0,0,0,0,0,0,0,Matches,8fae77ea
320,Jaime Mata,es ESP,FWMF,Getafe,29,1988,34,27,2432,27,14,6,20,10,4,4,10,0,12.4,9.3,2.5,11.8,36,47,214,0.52,0.22,0.74,0.37,0.59,0.46,0.09,0.55,0.34,0.44,Matches,02319ad7
321,Borja Mayoral,es ESP,FW,Levante,21,1997,29,16,1621,18,3,2,5,3,0,0,1,0,4.7,4.7,3.1,7.8,31,38,95,0.17,0.11,0.28,0.17,0.28,0.26,0.17,0.43,0.26,0.43,Matches,64e8ed6d
322,Róbert Mazáň,sk SVK,DF,Celta Vigo,24,1994,1,1,90,1,0,0,0,0,0,0,0,0,0,0,0.1,0.1,0,2,3,0,0,0,0,0,0.02,0.09,0.12,0.02,0.12,Matches,30672832
323,Álvaro Medrán,es ESP,MF,Rayo Vallecano,24,1994,21,12,1149,12.8,3,0,3,3,0,0,8,1,2.3,2.3,1.6,3.9,18,81,18,0.23,0,0.23,0.23,0.23,0.18,0.13,0.31,0.18,0.31,Matches,31223bcf
324,Óscar Melendo,es ESP,MFFW,Espanyol,20,1997,32,22,1997,22.2,0,5,5,0,0,0,3,0,0.4,0.4,4,4.4,46,126,104,0,0.23,0.23,0,0.23,0.02,0.18,0.2,0.02,0.2,Matches,379652be
325,Gonzalo Melero,es ESP,MF,Huesca,24,1994,22,14,1345,14.9,2,1,3,1,1,2,3,0,5.1,3.5,1.9,5.4,24,95,29,0.13,0.07,0.2,0.07,0.13,0.34,0.13,0.47,0.23,0.36,Matches,3902e91b
326,Arthur Melo,br BRA,MF,Barcelona,21,1996,27,19,1430,15.9,0,1,1,0,0,0,2,0,0.3,0.3,1.1,1.4,16,120,21,0,0.06,0.06,0,0.06,0.02,0.07,0.09,0.02,0.09,Matches,48b3dd60
327,Brais Méndez,es ESP,MFFW,Celta Vigo,21,1997,31,27,2349,26.1,6,7,13,5,1,1,5,0,5.5,4.7,4.1,8.7,60,112,158,0.23,0.27,0.5,0.19,0.46,0.21,0.16,0.36,0.18,0.33,Matches,c9e39d91
328,Gabriel Mercado,ar ARG,DF,Sevilla,31,1987,23,19,1738,19.3,2,1,3,2,0,0,10,0,1.8,1.8,0.4,2.2,5,52,5,0.1,0.05,0.16,0.1,0.16,0.09,0.02,0.11,0.09,0.11,Matches,bf97c188
329,Mikel Merino,es ESP,MF,Real Sociedad,22,1996,29,24,2055,22.8,3,3,6,3,0,0,10,1,2.9,2.9,2.4,5.3,31,142,62,0.13,0.13,0.26,0.13,0.26,0.13,0.11,0.23,0.13,0.23,Matches,d080ed5e
330,Sabin Merino,es ESP,FWMF,Leganés,26,1992,12,2,295,3.3,0,0,0,0,0,0,0,0,1.5,1.5,0.1,1.5,3,6,32,0,0,0,0,0,0.45,0.02,0.47,0.45,0.47,Matches,1d5f96d9
331,Martín Merquelanz,es ESP,MF,Real Sociedad,23,1995,1,0,6,0.1,0,0,0,0,0,0,0,0,0,0,0,0,0,0,0,0,0,0,0,0,0,0,0,0,0,Matches,ddd5348b
332,Roque Mesa,es ESP,MF,Sevilla,29,1989,31,20,1746,19.4,2,2,4,2,0,0,11,1,1.2,1.2,1.7,2.9,45,98,56,0.1,0.1,0.21,0.1,0.21,0.06,0.09,0.15,0.06,0.15,Matches,7c4243d4
333,Lionel Messi,ar ARG,FW,Barcelona,31,1987,34,29,2713,30.1,36,13,49,32,4,5,3,0,23.8,19.9,14.4,34.2,153,328,206,1.19,0.43,1.63,1.06,1.49,0.79,0.48,1.27,0.66,1.14,Matches,d70ce98e
334,Míchel,es ESP,MF,Valladolid,30,1988,35,27,2553,28.4,1,2,3,1,0,1,9,0,1.5,0.7,4.2,4.9,34,214,39,0.04,0.07,0.11,0.04,0.11,0.05,0.15,0.2,0.02,0.17,Matches,418f8f61
335,Miguel,es ESP,FW,Valladolid,18,1999,2,0,12,0.1,0,0,0,0,0,0,0,0,0.1,0.1,0,0.1,0,0,2,0,0,0,0,0,0.91,0,0.91,0.91,0.91,Matches,6763373d
336,Pere Milla,es ESP,MFFW,Eibar,25,1992,5,5,341,3.8,0,0,0,0,0,0,0,0,0.2,0.2,0.2,0.4,4,7,29,0,0,0,0,0,0.05,0.05,0.1,0.05,0.1,Matches,335039a2
337,Santi Mina,es ESP,FW,Valencia,22,1995,30,23,1852,20.6,7,5,12,7,0,0,4,0,8.1,7.9,3.9,11.8,23,34,133,0.34,0.24,0.58,0.34,0.58,0.39,0.19,0.58,0.38,0.58,Matches,0b90bb97
338,Ignasi Miquel,es ESP,DF,Getafe,25,1992,7,4,316,3.5,0,0,0,0,0,0,1,0,0,0,0,0,1,6,0,0,0,0,0,0,0,0,0,0,0,Matches,174f09a6
339,Jorge Miramón,es ESP,DF,Huesca,29,1989,30,30,2492,27.7,1,0,1,1,0,0,5,0,0.8,0.8,1.9,2.7,66,118,86,0.04,0,0.04,0.04,0.04,0.03,0.07,0.1,0.03,0.1,Matches,7f4c7c9f
340,Luka Modrić,hr CRO,MF,Real Madrid,32,1985,34,31,2608,29,3,6,9,3,0,0,6,0,2.7,2.7,3.8,6.4,68,295,108,0.1,0.21,0.31,0.1,0.31,0.09,0.13,0.22,0.09,0.22,Matches,6025fab1
341,Johan Mojica,co COL,FWMF,Girona,25,1992,1,0,20,0.2,0,0,0,0,0,0,0,0,0,0,0,0,1,1,2,0,0,0,0,0,0,0,0,0,0,Matches,608f2092
342,Jorge Molina,es ESP,FW,Getafe,36,1982,38,28,2648,29.4,14,5,19,12,2,2,2,0,11.5,9.9,6.6,16.5,35,84,193,0.48,0.17,0.65,0.41,0.58,0.39,0.23,0.61,0.34,0.56,Matches,43f71e77
343,Victor Mollejo,es ESP,FWDF,Atlético Madrid,17,2001,4,0,65,0.7,0,0,0,0,0,0,0,0,0.1,0.1,0,0.1,1,0,5,0,0,0,0,0,0.11,0.03,0.14,0.11,0.14,Matches,23fffc06
344,Francisco Montero,es ESP,DF,Atlético Madrid,19,1999,9,4,404,4.5,0,0,0,0,0,0,2,0,0,0,0,0,0,6,0,0,0,0,0,0,0,0,0,0,0,Matches,3e96f3e7
345,Emre Mor,tr TUR,FWMF,Celta Vigo,21,1997,10,4,369,4.1,0,0,0,0,0,0,1,0,0.7,0.7,0.1,0.8,11,13,10,0,0,0,0,0,0.16,0.03,0.19,0.16,0.19,Matches,0c3f7197
346,Álvaro Morata,es ESP,FW,Atlético Madrid,25,1992,15,13,1083,12,6,1,7,6,0,0,5,0,6.3,6.3,0.7,7,31,12,79,0.5,0.08,0.58,0.5,0.58,0.52,0.05,0.58,0.52,0.58,Matches,129af0db
347,Álex Moreno,es ESP,DF,Rayo Vallecano,25,1993,36,36,3136,34.8,1,1,2,1,0,0,5,0,1.1,1.1,2.6,3.7,176,117,236,0.03,0.03,0.06,0.03,0.06,0.03,0.08,0.11,0.03,0.11,Matches,16e9d0ea
348,Gerard Moreno,es ESP,FW,Villarreal,26,1992,35,25,2315,25.7,8,1,9,8,0,1,3,0,12,11.2,3.9,15.1,44,88,201,0.31,0.04,0.35,0.31,0.35,0.47,0.15,0.62,0.44,0.59,Matches,81f0781e
349,Héctor Moreno,mx MEX,DF,Real Sociedad,30,1988,25,21,1933,21.5,1,0,1,1,0,0,2,0,0.6,0.6,0.5,1.1,27,94,6,0.05,0,0.05,0.05,0.05,0.03,0.03,0.05,0.03,0.05,Matches,5d311e8d
350,Sergio Moreno,es ESP,FW,Rayo Vallecano,19,1999,1,0,14,0.2,0,0,0,0,0,0,0,0,0.3,0.3,0,0.3,0,0,0,0,0,0,0,0,2.21,0,2.21,2.21,2.21,Matches,014b57f5
351,Manu Morlanes,es ESP,MF,Villarreal,19,1999,10,7,610,6.8,0,3,3,0,0,0,2,0,0.1,0.1,1.7,1.8,8,52,7,0,0.44,0.44,0,0.44,0.01,0.25,0.26,0.01,0.26,Matches,a0255c67
352,Loren Morón,es ESP,FW,Betis,24,1993,33,22,1957,21.7,6,0,6,6,0,0,4,0,8.9,8.6,1.2,9.8,15,26,115,0.28,0,0.28,0.28,0.28,0.41,0.05,0.46,0.4,0.45,Matches,3aa4a3be
353,Toni Moya,es ESP,DF,Atlético Madrid,20,1998,1,1,90,1,0,0,0,0,0,0,0,0,0,0,0,0,0,3,0,0,0,0,0,0,0,0,0,0,0,Matches,9e098912
354,Javi Moyano,es ESP,DF,Valladolid,32,1986,27,25,2098,23.3,0,0,0,0,0,0,3,0,0.3,0.3,0.3,0.6,19,69,59,0,0,0,0,0,0.01,0.01,0.03,0.01,0.03,Matches,933e8c8a
355,Iker Muniain,es ESP,MFFW,Athletic Club,25,1992,34,27,2383,26.5,7,3,10,6,1,1,7,0,7.1,6.3,3.3,9.6,64,179,108,0.26,0.11,0.38,0.23,0.34,0.27,0.13,0.39,0.24,0.36,Matches,c05dfb74
356,Marc Muniesa,es ESP,DFMF,Girona,26,1992,19,15,1406,15.6,0,0,0,0,0,0,6,0,0.5,0.5,0.5,0.9,11,62,25,0,0,0,0,0,0.03,0.03,0.06,0.03,0.06,Matches,4db76f57
357,Aihen Muñoz,es ESP,DF,Real Sociedad,20,1997,11,11,951,10.6,0,0,0,0,0,0,0,0,0.1,0.1,0.3,0.4,28,24,43,0,0,0,0,0,0.01,0.03,0.03,0.01,0.03,Matches,228b0d9d
358,Ezequiel Muñoz,ar ARG,DF,Leganés,27,1990,3,2,211,2.3,0,0,0,0,0,0,0,0,0.2,0.2,0,0.2,1,4,0,0,0,0,0,0,0.09,0,0.09,0.09,0.09,Matches,e4b8c5b6
359,Joaquín Muñoz,es ESP,FW,Atlético Madrid,19,1999,1,0,1,0,0,0,0,0,0,0,0,0,0,0,0,0,0,0,0,0,0,0,0,0,0,0,0,0,0,Matches,e9fbcc21
360,Luis Muriel,co COL,MFFW,Sevilla,27,1991,6,1,123,1.4,1,1,2,1,0,0,0,0,0.2,0.2,0.1,0.4,4,4,11,0.73,0.73,1.46,0.73,1.46,0.18,0.08,0.26,0.18,0.26,Matches,eb2fe5b6
361,Jeison Murillo,co COL,DF,Valencia,26,1992,1,1,90,1,0,0,0,0,0,0,0,0,0,0,0,0,1,1,0,0,0,0,0,0,0,0,0,0,0,Matches,b233e8e4
362,Jeison Murillo,co COL,DF,Barcelona,26,1992,2,1,113,1.3,0,0,0,0,0,0,0,0,0,0,0,0,2,13,0,0,0,0,0,0,0.04,0,0.04,0.04,0.04,Matches,b233e8e4
363,Damián Musto,ar ARG,MFDF,Huesca,31,1987,24,20,1686,18.7,0,0,0,0,0,0,11,0,1.2,1.2,0.3,1.5,5,73,10,0,0,0,0,0,0.06,0.02,0.08,0.06,0.08,Matches,74e0a984
364,Nacho,es ESP,DF,Valladolid,29,1989,35,35,3150,35,1,3,4,1,0,0,10,0,0.6,0.6,3.7,4.2,81,151,179,0.03,0.09,0.11,0.03,0.11,0.02,0.1,0.12,0.02,0.12,Matches,e29d1111
365,Nacho,es ESP,DF,Real Madrid,28,1990,20,19,1698,18.9,0,1,1,0,0,0,8,1,0.3,0.3,0.8,1.2,15,53,52,0,0.05,0.05,0,0.05,0.02,0.04,0.06,0.02,0.06,Matches,2946f9a1
366,Naldo,br BRA,DF,Espanyol,29,1988,16,16,1362,15.1,1,1,2,1,0,0,3,0,1.1,1.1,0.3,1.3,3,21,1,0.07,0.07,0.13,0.07,0.13,0.07,0.02,0.09,0.07,0.09,Matches,a2609621
367,Ximo Navarro,es ESP,DF,Alavés,28,1990,31,28,2533,28.1,2,2,4,2,0,0,7,0,0.7,0.7,1.5,2.2,35,68,38,0.07,0.07,0.14,0.07,0.14,0.02,0.05,0.08,0.02,0.08,Matches,8db394aa
368,Jesús Navas,es ESP,DFFW,Sevilla,32,1985,32,31,2712,30.1,1,5,6,1,0,0,8,0,1.5,1.5,6.2,7.7,170,184,288,0.03,0.17,0.2,0.03,0.2,0.05,0.21,0.26,0.05,0.26,Matches,3f10bd22
369,Keylor Navas,cr CRC,GK,Real Madrid,31,1986,10,10,900,10,0,0,0,0,0,0,1,0,0,0,0,0,0,0,0,0,0,0,0,0,0,0,0,0,0,Matches,ecada4fc
370,Raúl Navas,es ESP,DF,Real Sociedad,30,1988,16,15,1310,14.6,0,0,0,0,0,0,4,0,0.3,0.3,0.3,0.6,13,45,1,0,0,0,0,0,0.02,0.02,0.04,0.02,0.04,Matches,ad178594
371,Neto,br BRA,GK,Valencia,29,1989,34,34,3060,34,0,0,0,0,0,0,2,0,0,0,0.1,0.1,0,1,0,0,0,0,0,0,0,0,0,0,0,Matches,a9dc785c
372,Saúl Ñíguez,es ESP,MFDF,Atlético Madrid,23,1994,33,32,2925,32.5,4,1,5,4,0,1,10,0,5,4.1,1.3,5.4,56,120,109,0.12,0.03,0.15,0.12,0.15,0.15,0.04,0.19,0.13,0.17,Matches,c14bc029
373,Peru Nolaskoain,es ESP,DF,Athletic Club,19,1998,8,4,464,5.2,2,0,2,2,0,0,2,1,0.4,0.4,0.1,0.5,2,24,1,0.39,0,0.39,0.39,0.39,0.08,0.01,0.1,0.08,0.1,Matches,857cb4f3
374,Nolito,es ESP,FWDF,Sevilla,31,1986,4,1,76,0.8,0,0,0,0,0,0,0,0,0.5,0.5,0,0.5,4,2,12,0,0,0,0,0,0.61,0,0.61,0.61,0.61,Matches,b2d0ec1b
375,Unai Núñez,es ESP,DF,Athletic Club,21,1997,12,11,1064,11.8,0,0,0,0,0,0,4,0,1.1,1.1,0.5,1.5,0,39,2,0,0,0,0,0,0.09,0.04,0.13,0.09,0.13,Matches,be170419
376,Allan Nyom,cm CMR,DFFW,Leganés,30,1988,23,20,1708,19,1,1,2,1,0,0,7,1,0.3,0.3,2.2,2.5,22,46,79,0.05,0.05,0.11,0.05,0.11,0.01,0.12,0.13,0.01,0.13,Matches,97572117
377,Jan Oblak,si SVN,GK,Atlético Madrid,25,1993,37,37,3330,37,0,0,0,0,0,0,1,0,0,0,0,0,0,0,0,0,0,0,0,0,0,0,0,0,0,Matches,ee8508c0
378,Álvaro Odriozola,es ESP,DF,Real Madrid,22,1995,14,14,1178,13.1,0,2,2,0,0,0,2,0,0.5,0.5,3.2,3.6,52,38,136,0,0.15,0.15,0,0.15,0.03,0.24,0.28,0.03,0.28,Matches,1d1691ad
379,Dani Ojeda,es ESP,MFDF,Leganés,23,1994,5,2,193,2.1,0,0,0,0,0,0,1,0,0.4,0.4,0.1,0.5,1,3,12,0,0,0,0,0,0.17,0.05,0.23,0.17,0.23,Matches,375a669e
380,Lucas Olaza,uy URU,DF,Celta Vigo,24,1994,10,10,897,10,0,2,2,0,0,0,2,0,0,0,0.6,0.6,16,18,30,0,0.2,0.2,0,0.2,0,0.06,0.06,0,0.06,Matches,4cee5954
381,Oier Olazábal,es ESP,GK,Levante,28,1989,21,21,1890,21,0,0,0,0,0,0,1,0,0,0,0.1,0.1,0,0,0,0,0,0,0,0,0,0,0,0,0,Matches,b5bdf144
382,Kiko Olivas,es ESP,DF,Valladolid,29,1988,35,35,3100,34.4,0,0,0,0,0,0,6,0,1.3,1.3,0.2,1.5,28,75,3,0,0,0,0,0,0.04,0.01,0.04,0.04,0.04,Matches,72b07a9c
383,Paulo Oliveira,pt POR,DF,Eibar,26,1992,28,24,2245,24.9,0,0,0,0,0,0,4,0,0.7,0.7,0.1,0.7,9,83,0,0,0,0,0,0,0.03,0,0.03,0.03,0.03,Matches,a8fbae1d
384,Mathías Olivera,uy URU,DFMF,Getafe,20,1997,14,12,1007,11.2,0,1,1,0,0,0,6,1,0.4,0.4,0.9,1.3,27,36,41,0,0.09,0.09,0,0.09,0.04,0.08,0.12,0.04,0.12,Matches,41c12f75
385,Kenneth Omeruo,ng NGA,DF,Leganés,24,1993,28,27,2433,27,0,0,0,0,0,0,7,0,0.2,0.2,0.1,0.2,4,56,0,0,0,0,0,0,0.01,0,0.01,0.01,0.01,Matches,0f0aa5b4
386,Fabián Orellana,cl CHI,MFFW,Eibar,32,1986,33,31,2733,30.4,3,5,8,2,1,1,4,0,7.2,6.4,5.4,11.8,92,134,304,0.1,0.16,0.26,0.07,0.23,0.24,0.18,0.42,0.21,0.39,Matches,c90977db
387,Mikel Oyarzabal,es ESP,FWMF,Real Sociedad,21,1997,37,36,3153,35,13,2,15,10,3,3,2,0,11.1,8.8,5,13.8,97,109,213,0.37,0.06,0.43,0.29,0.34,0.32,0.14,0.46,0.25,0.39,Matches,8c3c640c
388,Fernando Pacheco,es ESP,GK,Alavés,26,1992,35,35,3150,35,0,0,0,0,0,0,3,0,0,0,0.1,0.1,0,0,0,0,0,0,0,0,0,0,0,0,0,Matches,97852360
389,Rubén Pardo,es ESP,MFFW,Real Sociedad,25,1992,24,16,1368,15.2,1,2,3,1,0,0,3,0,1,1,3.2,4.2,23,96,41,0.07,0.13,0.2,0.07,0.2,0.06,0.21,0.28,0.06,0.28,Matches,2306bfde
390,Daniel Parejo,es ESP,MF,Valencia,29,1989,36,35,3061,34,9,7,16,4,5,6,5,1,8.1,3.4,7.8,11.2,49,292,48,0.26,0.21,0.47,0.12,0.32,0.24,0.23,0.47,0.1,0.33,Matches,7460ca0d
391,Thomas Partey,gh GHA,MF,Atlético Madrid,25,1993,32,22,2070,23,3,4,7,3,0,0,9,1,1.5,1.5,1.3,2.8,36,147,27,0.13,0.17,0.3,0.13,0.3,0.06,0.06,0.12,0.06,0.12,Matches,529f49ab
392,Gabriel Paulista,br BRA,DF,Valencia,27,1990,30,30,2623,29.1,0,1,1,0,0,0,6,0,1.1,1,0.2,1.2,6,56,0,0,0.03,0.03,0,0.03,0.04,0.01,0.04,0.03,0.04,Matches,b7ca5c51
393,Alfonso Pedraza,es ESP,DFFW,Villarreal,22,1996,34,22,2095,23.3,3,3,6,3,0,0,3,0,3.7,3.7,3.9,7.5,88,74,216,0.13,0.13,0.26,0.13,0.26,0.16,0.17,0.32,0.16,0.32,Matches,63f04c6c
394,Pedrosa,es ESP,DF,Espanyol,20,1998,12,8,763,8.5,1,0,1,1,0,0,1,0,0.5,0.5,1,1.5,21,19,37,0.12,0,0.12,0.12,0.12,0.06,0.12,0.17,0.06,0.17,Matches,112521d1
395,Rubén Peña,es ESP,DF,Eibar,27,1991,31,30,2674,29.7,1,2,3,1,0,0,4,0,0.8,0.8,4.4,5.2,114,211,150,0.03,0.07,0.1,0.03,0.1,0.03,0.15,0.17,0.03,0.17,Matches,1f079188
396,Carles Pérez,es ESP,FW,Barcelona,20,1998,1,0,18,0.2,0,0,0,0,0,0,0,0,0.1,0.1,0,0.1,1,1,1,0,0,0,0,0,0.36,0,0.36,0.36,0.36,Matches,a8f21b9f
397,Hernán Pérez,py PAR,FWMF,Espanyol,29,1989,19,10,795,8.8,1,2,3,1,0,0,1,0,1.2,1.2,2,3.2,39,28,86,0.11,0.23,0.34,0.11,0.34,0.14,0.23,0.37,0.14,0.37,Matches,e1cea3f7
398,Rubén Pérez,es ESP,MF,Leganés,29,1989,31,27,2474,27.5,0,0,0,0,0,0,7,1,0.3,0.3,1.2,1.6,10,140,10,0,0,0,0,0,0.01,0.05,0.06,0.01,0.06,Matches,3c7bc9bd
399,Pablo Piatti,ar ARG,FWMF,Espanyol,29,1989,20,6,743,8.3,1,0,1,1,0,0,0,0,1.4,1.4,1.4,2.8,25,28,64,0.12,0,0.12,0.12,0.12,0.17,0.17,0.34,0.17,0.34,Matches,48e89655
400,Cristiano Piccini,it ITA,DF,Valencia,25,1992,23,21,1868,20.8,1,0,1,1,0,0,3,0,0.5,0.5,0.2,0.7,66,75,71,0.05,0,0.05,0.05,0.05,0.02,0.01,0.03,0.02,0.03,Matches,32c0491f
401,Tomás Pina Isla,es ESP,MF,Alavés,30,1987,28,27,2340,26,2,0,2,2,0,0,13,0,1.4,1.4,1.2,2.7,12,132,14,0.08,0,0.08,0.08,0.08,0.05,0.05,0.1,0.05,0.1,Matches,e54bd0a2
402,Gerard Piqué,es ESP,DF,Barcelona,31,1987,35,35,3150,35,4,2,6,4,0,0,6,0,3.3,3.3,1.4,4.6,32,127,13,0.11,0.06,0.17,0.11,0.17,0.09,0.04,0.13,0.09,0.13,Matches,adfc9123
403,Carles Planas,es ESP,DF,Girona,27,1991,7,4,419,4.7,0,1,1,0,0,0,3,0,0.1,0.1,0.3,0.4,7,13,31,0,0.21,0.21,0,0.21,0.02,0.07,0.09,0.02,0.09,Matches,72b92c4e
404,Óscar Plano,es ESP,MFFW,Valladolid,27,1991,33,30,2693,29.9,3,4,7,3,0,0,8,0,4.2,4.2,3.8,7.9,70,96,131,0.1,0.13,0.23,0.1,0.23,0.14,0.13,0.27,0.14,0.27,Matches,7c388b20
405,Stiven Plaza,ec ECU,FWMF,Valladolid,19,1999,2,0,38,0.4,0,0,0,0,0,0,0,0,0,0,0,0,1,0,0,0,0,0,0,0,0,0,0,0,0,Matches,f4b7f2ec
406,Pere Pons,es ESP,MF,Girona,25,1993,34,32,2792,31,1,2,3,1,0,0,4,0,1.6,1.6,2,3.6,46,117,57,0.03,0.06,0.1,0.03,0.1,0.05,0.06,0.12,0.05,0.12,Matches,29b61deb
407,Pedro Porro,es ESP,DF,Girona,18,1999,32,25,2211,24.6,0,4,4,0,0,0,4,0,1.6,1.6,2.9,4.5,82,109,145,0,0.16,0.16,0,0.16,0.07,0.12,0.18,0.07,0.18,Matches,27d0a506
408,Francisco Portillo,es ESP,MF,Getafe,28,1990,32,19,1994,22.2,1,4,5,1,0,0,3,1,1.9,1.9,2.5,4.4,34,134,97,0.05,0.18,0.23,0.05,0.23,0.08,0.11,0.2,0.08,0.2,Matches,8e010ff4
409,Portu,es ESP,FWMF,Girona,26,1992,34,33,2821,31.3,9,2,11,8,1,1,3,0,7.9,7.1,4.2,11.4,98,85,269,0.29,0.06,0.35,0.26,0.32,0.25,0.14,0.39,0.23,0.36,Matches,1bda5842
410,Sergio Postigo,es ESP,DF,Levante,29,1988,21,17,1449,16.1,1,1,2,1,0,0,4,1,0.9,0.9,0.7,1.6,9,44,3,0.06,0.06,0.12,0.06,0.12,0.06,0.04,0.1,0.06,0.1,Matches,474ecac8
411,José Pozo,es ESP,MF,Rayo Vallecano,22,1996,29,16,1617,18,3,0,3,3,0,0,4,0,2.6,2.6,1.9,4.5,68,119,95,0.17,0,0.17,0.17,0.17,0.15,0.11,0.25,0.15,0.25,Matches,fc8b614b
412,Sanjin Prcić,ba BIH,MF,Levante,24,1993,10,6,532,5.9,0,0,0,0,0,0,3,0,0.2,0.2,0,0.2,5,37,3,0,0,0,0,0,0.04,0,0.04,0.04,0.04,Matches,51c30111
413,Quincy Promes,nl NED,FWDF,Sevilla,26,1992,33,15,1583,17.6,2,3,5,2,0,1,2,0,2.9,2,4.5,6.5,82,80,143,0.11,0.17,0.28,0.11,0.28,0.16,0.25,0.42,0.11,0.37,Matches,b182a240
414,Javi Puado,es ESP,FWMF,Espanyol,20,1998,15,2,359,4,0,0,0,0,0,0,0,0,0.9,0.9,0.5,1.4,15,5,35,0,0,0,0,0,0.21,0.13,0.34,0.21,0.34,Matches,2683eda7
415,Riqui Puig,es ESP,MF,Barcelona,18,1999,2,2,156,1.7,0,0,0,0,0,0,0,0,0,0,0.7,0.7,5,16,8,0,0,0,0,0,0,0.41,0.41,0,0.41,Matches,f090a37a
416,Jorge Pulido,es ESP,DF,Huesca,27,1991,32,32,2785,30.9,3,3,6,3,0,0,9,2,2.5,2.5,0.7,3.1,19,74,47,0.1,0.1,0.19,0.1,0.19,0.08,0.02,0.1,0.08,0.1,Matches,978cd030
417,Xavi Quintillà,es ESP,DF,Villarreal,21,1996,7,7,627,7,0,0,0,0,0,0,1,0,0.1,0.1,0.3,0.5,12,24,18,0,0,0,0,0,0.02,0.05,0.07,0.02,0.07,Matches,84fb6aff
418,Dani Raba,es ESP,MFFW,Villarreal,22,1995,8,2,191,2.1,0,1,1,0,0,0,0,0,0.1,0.1,0.8,0.9,4,7,15,0,0.47,0.47,0,0.47,0.04,0.39,0.43,0.04,0.43,Matches,ea6a7ab4
419,Rafinha,br BRA,FWMF,Barcelona,25,1993,5,3,223,2.5,0,0,0,0,0,0,1,0,0.4,0.4,0.1,0.4,5,5,13,0,0,0,0,0,0.16,0.02,0.18,0.16,0.18,Matches,0c2ac3cb
420,Ivan Rakitić,hr CRO,MF,Barcelona,30,1988,34,29,2643,29.4,3,5,8,3,0,0,7,1,2.6,2.6,2,4.6,56,263,71,0.1,0.17,0.27,0.1,0.27,0.09,0.07,0.16,0.09,0.16,Matches,89f951b5
421,Jonás Ramalho,es ESP,DF,Girona,25,1993,22,18,1619,18,1,0,1,1,0,0,4,0,0.8,0.8,0.1,0.9,30,50,36,0.06,0,0.06,0.06,0.06,0.04,0.01,0.05,0.04,0.05,Matches,be3a0121
422,Sandro Ramírez,es ESP,FWMF,Real Sociedad,23,1995,24,10,1055,11.7,0,0,0,0,0,0,4,0,2.5,2.5,1.2,3.8,30,40,89,0,0,0,0,0,0.22,0.11,0.32,0.22,0.32,Matches,833fb62e
423,Iván Ramis,es ESP,DF,Eibar,33,1984,21,20,1677,18.6,0,0,0,0,0,0,4,0,1.3,1.3,0.1,1.4,10,75,1,0,0,0,0,0,0.07,0,0.07,0.07,0.07,Matches,d2be40f2
424,Chris Ramos,es ESP,FW,Valladolid,21,1997,1,1,63,0.7,0,0,0,0,0,0,0,0,0,0,0,0,0,1,1,0,0,0,0,0,0,0,0,0,0,Matches,44e07fac
425,Sergio Ramos,es ESP,DF,Real Madrid,32,1986,28,28,2474,27.5,6,1,7,1,5,5,7,1,7.1,3.2,0.6,3.8,27,135,7,0.22,0.04,0.25,0.04,0.07,0.26,0.02,0.28,0.12,0.14,Matches,08511d65
426,Recio,es ESP,MF,Leganés,27,1991,18,15,1285,14.3,0,0,0,0,0,0,9,0,0.3,0.3,0.3,0.6,21,65,19,0,0,0,0,0,0.02,0.02,0.04,0.02,0.04,Matches,54073b28
427,Sergio Reguilón,es ESP,DF,Real Madrid,21,1996,14,13,1119,12.4,0,2,2,0,0,0,3,0,0.2,0.2,1.8,2,48,77,86,0,0.16,0.16,0,0.16,0.02,0.14,0.16,0.02,0.16,Matches,3353737a
428,Diego Reyes,mx MEX,DF,Leganés,25,1992,6,4,320,3.6,0,0,0,0,0,0,1,0,0,0,0.1,0.1,3,17,0,0,0,0,0,0,0,0.03,0.03,0,0.03,Matches,d4f46475
429,Mikel Rico,es ESP,MF,Athletic Club,33,1984,4,3,242,2.7,0,0,0,0,0,0,0,0,0.3,0.3,0,0.3,0,9,12,0,0,0,0,0,0.1,0.02,0.12,0.1,0.12,Matches,def69cd0
430,Asier Riesgo,es ESP,GK,Eibar,34,1983,14,14,1260,14,0,0,0,0,0,0,1,0,0,0,0,0,0,0,0,0,0,0,0,0,0,0,0,0,0,Matches,581c5276
431,Cristian Rivera,es ESP,MF,Huesca,21,1997,22,19,1692,18.8,2,0,2,2,0,0,2,0,1.7,1.7,0.6,2.3,25,72,36,0.11,0,0.11,0.11,0.11,0.09,0.03,0.12,0.09,0.12,Matches,8ef81d2d
432,Rober,es ESP,DF,Levante,23,1995,33,32,2854,31.7,1,0,1,1,0,0,6,0,0.9,0.9,0.7,1.6,19,86,5,0.03,0,0.03,0.03,0.03,0.03,0.02,0.05,0.03,0.05,Matches,c00097d2
433,Sergi Roberto,es ESP,DFMF,Barcelona,26,1992,29,23,2088,23.2,0,7,7,0,0,0,3,0,0.5,0.5,3.6,4.1,66,104,222,0,0.3,0.3,0,0.3,0.02,0.15,0.18,0.02,0.18,Matches,335fa267
434,Patrick Roberts,eng ENG,MFFW,Girona,21,1997,19,6,601,6.7,0,0,0,0,0,0,0,0,0.8,0.8,0.3,1.2,30,26,52,0,0,0,0,0,0.12,0.05,0.17,0.12,0.17,Matches,59d93937
435,Joel Robles,es ESP,GK,Betis,28,1990,5,5,450,5,0,0,0,0,0,0,0,0,0,0,0,0,0,0,0,0,0,0,0,0,0,0,0,0,0,Matches,cda0b317
436,Marc Roca,es ESP,MF,Espanyol,21,1996,35,35,3112,34.6,1,2,3,1,0,0,9,0,1.7,1.7,3.6,5.2,29,259,23,0.03,0.06,0.09,0.03,0.09,0.05,0.1,0.15,0.05,0.15,Matches,da27e268
437,Rubén Rochina,es ESP,MF,Levante,27,1991,27,23,1800,20,4,5,9,4,0,0,13,2,2.4,2.4,5.2,7.6,53,128,68,0.2,0.25,0.45,0.2,0.45,0.12,0.25,0.37,0.12,0.37,Matches,ecd8c01e
438,Rodri,es ESP,MF,Atlético Madrid,22,1996,34,32,2735,30.4,3,1,4,3,0,0,5,0,2.7,2.7,1.4,4.1,26,152,13,0.1,0.03,0.13,0.1,0.13,0.09,0.04,0.13,0.09,0.13,Matches,6434f10d
439,Rodrigo,es ESP,FW,Valencia,27,1991,33,29,2528,28.1,8,6,14,8,0,1,5,1,13.8,13,4.3,17.3,91,111,218,0.28,0.21,0.5,0.28,0.5,0.49,0.15,0.64,0.46,0.62,Matches,1fb1c435
440,Kévin Rodrigues,pt POR,DF,Real Sociedad,24,1994,7,5,484,5.4,0,0,0,0,0,0,1,0,0.1,0.1,0.3,0.3,10,18,30,0,0,0,0,0,0.01,0.05,0.06,0.01,0.06,Matches,f1bed920
441,Ángel Rodríguez,es ESP,FW,Getafe,31,1987,37,20,1819,20.2,8,3,11,8,0,0,4,0,8.1,8.1,3.8,12,42,37,140,0.4,0.15,0.54,0.4,0.54,0.4,0.19,0.59,0.4,0.59,Matches,8cfc2f69
442,Óscar Rodríguez Arnaiz,es ESP,MF,Leganés,20,1998,31,29,2504,27.8,4,3,7,4,0,0,6,0,4,4,4.7,8.6,58,114,131,0.14,0.11,0.25,0.14,0.25,0.14,0.17,0.31,0.14,0.31,Matches,19709006
443,Marko Rog,hr CRO,MF,Sevilla,23,1995,10,4,357,4,0,0,0,0,0,0,5,0,0.1,0.1,0.1,0.2,10,21,4,0,0,0,0,0,0.02,0.03,0.04,0.02,0.04,Matches,b6b2b820
444,Diego Rolán,uy URU,MFFW,Leganés,25,1993,6,2,215,2.4,0,0,0,0,0,0,0,0,0.1,0.1,0.3,0.3,9,4,22,0,0,0,0,0,0.03,0.11,0.13,0.03,0.13,Matches,d1491e00
445,Diego Rolán,uy URU,MFFW,Alavés,25,1993,9,3,298,3.3,0,0,0,0,0,0,1,0,0.9,0.9,0.2,1.2,16,9,18,0,0,0,0,0,0.28,0.07,0.35,0.28,0.35,Matches,d1491e00
446,Facundo Roncaglia,ar ARG,DF,Valencia,31,1987,7,7,601,6.7,0,0,0,0,0,0,5,1,0.4,0.4,0,0.4,3,11,0,0,0,0,0,0,0.06,0,0.06,0.06,0.06,Matches,51e3954c
447,Facundo Roncaglia,ar ARG,DF,Celta Vigo,31,1987,12,12,1070,11.9,0,0,0,0,0,0,3,0,0,0,0.1,0.1,5,26,13,0,0,0,0,0,0,0.01,0.01,0,0.01,Matches,51e3954c
448,Roberto Rosales,ve VEN,DF,Espanyol,29,1988,21,20,1749,19.4,3,1,4,3,0,0,2,0,1.1,1.1,1.2,2.2,23,100,97,0.15,0.05,0.21,0.15,0.21,0.05,0.06,0.12,0.05,0.12,Matches,81069528
449,Waldo Rubio,es ESP,MF,Valladolid,22,1995,8,5,492,5.5,1,0,1,1,0,0,1,0,1,1,0.3,1.2,20,15,39,0.18,0,0.18,0.18,0.18,0.18,0.05,0.23,0.18,0.23,Matches,ccaa5728
450,Abel Ruiz,es ESP,FW,Barcelona,18,2000,1,0,22,0.2,0,0,0,0,0,0,0,0,0.4,0.4,0.1,0.4,4,2,3,0,0,0,0,0,1.47,0.32,1.8,1.47,1.8,Matches,6cbf8d0d
451,Víctor Ruiz,es ESP,DF,Villarreal,29,1989,22,22,1975,21.9,0,0,0,0,0,0,10,0,0.5,0.5,0.4,0.9,21,101,8,0,0,0,0,0,0.02,0.02,0.04,0.02,0.04,Matches,b3dc6eca
452,Gerónimo Rulli,ar ARG,GK,Real Sociedad,26,1992,27,27,2430,27,0,0,0,0,0,0,3,0,0,0,0,0,0,1,0,0,0,0,0,0,0,0,0,0,0,Matches,625c144a
453,Samuel Sáiz,es ESP,MF,Getafe,27,1991,10,2,305,3.4,1,0,1,1,0,0,2,0,0.3,0.3,0.1,0.4,13,13,25,0.3,0,0.3,0.3,0.3,0.09,0.04,0.13,0.09,0.13,Matches,13e0eb29
454,Mikel San José,es ESP,MF,Athletic Club,29,1989,33,16,1733,19.3,0,0,0,0,0,0,7,0,1,1,1.7,2.7,11,98,33,0,0,0,0,0,0.05,0.09,0.14,0.05,0.14,Matches,003a5c72
455,Antonio Sanabria,py PAR,FW,Betis,22,1996,15,8,811,9,2,0,2,1,1,1,2,0,3.3,2.5,0,2.5,12,9,27,0.22,0,0.22,0.11,0.11,0.37,0,0.37,0.28,0.28,Matches,0a447501
456,Javi Sánchez,es ESP,DF,Real Madrid,21,1997,1,0,46,0.5,0,0,0,0,0,0,1,0,0,0,0,0,0,0,0,0,0,0,0,0,0,0,0,0,0,Matches,60359288
457,Víctor Sánchez,es ESP,MF,Espanyol,30,1987,24,13,1265,14.1,0,2,2,0,0,0,9,0,0.5,0.5,0.8,1.3,11,59,34,0,0.14,0.14,0,0.14,0.03,0.06,0.09,0.03,0.09,Matches,ad4d0985
458,Luca Sangalli,es ESP,MFFW,Real Sociedad,23,1995,18,12,999,11.1,1,3,4,1,0,0,0,0,1.5,1.5,1.3,2.8,20,36,34,0.09,0.27,0.36,0.09,0.36,0.14,0.11,0.25,0.14,0.25,Matches,7958dc65
459,Nicola Sansone,it ITA,FWMF,Villarreal,26,1991,3,0,37,0.4,1,1,2,1,0,0,1,0,0,0,0,0.1,1,3,8,2.43,2.43,4.86,2.43,4.86,0.06,0.11,0.17,0.06,0.17,Matches,7eb97a8e
460,Roberto Santamaría,es ESP,GK,Huesca,33,1985,20,20,1800,20,0,0,0,0,0,0,1,0,0,0,0,0,0,0,0,0,0,0,0,0,0,0,0,0,0,Matches,bca21ef3
461,Michael Santos,uy URU,FWMF,Leganés,25,1993,16,5,557,6.2,1,3,4,1,0,0,4,0,2.1,2.1,0.6,2.7,13,10,46,0.16,0.48,0.65,0.16,0.65,0.34,0.1,0.44,0.34,0.44,Matches,3cb6f224
462,Pablo Sarabia,es ESP,MFFW,Sevilla,26,1992,33,30,2724,30.3,12,13,25,11,1,1,9,0,12,11.3,11.1,22.4,100,191,327,0.4,0.43,0.83,0.36,0.79,0.4,0.37,0.77,0.37,0.74,Matches,9744ff80
463,Lluís Sastre,es ESP,MF,Huesca,32,1986,4,1,120,1.3,0,0,0,0,0,0,0,0,0,0,0,0,0,12,1,0,0,0,0,0,0,0.02,0.02,0,0.02,Matches,5f186f5c
464,Stefan Savić,me MNE,DF,Atlético Madrid,27,1991,18,17,1398,15.5,0,2,2,0,0,0,5,1,0.7,0.7,0.7,1.4,3,40,3,0,0.13,0.13,0,0.13,0.04,0.04,0.09,0.04,0.09,Matches,f6ac68c1
465,Alfa Semedo,gw GNB,MF,Espanyol,20,1997,3,0,45,0.5,0,0,0,0,0,0,1,0,0,0,0,0.1,3,3,1,0,0,0,0,0,0.09,0.04,0.14,0.09,0.14,Matches,7750704
466,Nélson Semedo,pt POR,DF,Barcelona,24,1993,26,20,1600,17.8,1,0,1,1,0,0,4,0,0.3,0.3,0.3,0.6,54,44,119,0.06,0,0.06,0.06,0.06,0.02,0.02,0.03,0.02,0.03,Matches,d04b94db
467,Rúben Semedo,pt POR,DF,Huesca,24,1994,11,9,850,9.4,0,0,0,0,0,0,4,0,0.6,0.6,0.2,0.8,1,25,1,0,0,0,0,0,0.06,0.02,0.08,0.06,0.08,Matches,c904f3d5
468,Paik Seung-ho,kr KOR,FWMF,Girona,21,1997,3,0,60,0.7,0,0,0,0,0,0,0,0,0.1,0.1,0,0.1,0,2,2,0,0,0,0,0,0.08,0,0.08,0.08,0.08,Matches,1e1bea09
469,Gaku Shibasaki,jp JPN,MFFW,Getafe,26,1992,7,5,389,4.3,0,0,0,0,0,0,0,0,0.2,0.2,0.2,0.4,7,14,24,0,0,0,0,0,0.04,0.04,0.08,0.04,0.08,Matches,d2ac648c
470,Sidnei,br BRA,DF,Betis,28,1989,24,20,1742,19.4,1,0,1,1,0,0,4,0,1.1,1.1,0.1,1.2,34,67,16,0.05,0,0.05,0.05,0.05,0.06,0,0.06,0.06,0.06,Matches,b14d0c5d
471,André Silva,pt POR,FW,Sevilla,22,1995,27,25,2159,24,9,0,9,9,0,0,4,0,10.3,10.3,4.3,14.6,50,74,191,0.38,0,0.38,0.38,0.38,0.43,0.18,0.61,0.43,0.61,Matches,3effaa34
472,Jonathan Silva,ar ARG,DFFW,Leganés,24,1994,30,30,2700,30,3,6,9,3,0,0,9,0,1.6,1.6,5.3,7,48,98,122,0.1,0.2,0.3,0.1,0.3,0.05,0.18,0.23,0.05,0.23,Matches,f2308b33
473,Moses Simon,ng NGA,DFMF,Levante,23,1995,19,8,785,8.7,1,1,2,1,0,0,1,0,1.3,1.3,0.7,2,39,20,67,0.11,0.11,0.23,0.11,0.23,0.15,0.08,0.23,0.15,0.23,Matches,5f3eaaf5
474,Unai Simón,es ESP,GK,Athletic Club,21,1997,7,7,630,7,0,0,0,0,0,0,2,0,0,0,0,0,0,0,0,0,0,0,0,0,0,0,0,0,0,Matches,5dcf3e90
475,Dimitris Siovas,gr GRE,DF,Leganés,29,1988,34,34,2962,32.9,1,0,1,1,0,0,5,0,1.9,1.9,1.1,3,22,112,10,0.03,0,0.03,0.03,0.03,0.06,0.03,0.09,0.06,0.09,Matches,92d38e6c
476,Pione Sisto,dk DEN,FWMF,Celta Vigo,23,1995,25,8,844,9.4,2,1,3,2,0,0,0,0,0.9,0.9,1.1,2,30,40,56,0.21,0.11,0.32,0.21,0.32,0.1,0.11,0.21,0.1,0.21,Matches,fd9c4805
477,Antonio Sivera,es ESP,GK,Alavés,21,1996,3,3,270,3,0,0,0,0,0,0,0,0,0,0,0.1,0.1,0,0,0,0,0,0,0,0,0,0.03,0.03,0,0.03,Matches,9970da54
478,Rubén Sobrino,es ESP,FWMF,Alavés,26,1992,20,10,965,10.7,3,1,4,3,0,0,2,0,1.9,1.9,1.2,3.1,28,19,44,0.28,0.09,0.37,0.28,0.37,0.17,0.11,0.29,0.17,0.29,Matches,19b776e9
479,Rubén Sobrino,es ESP,FWMF,Valencia,26,1992,4,2,193,2.1,0,0,0,0,0,0,1,0,0.5,0.5,0,0.6,2,5,13,0,0,0,0,0,0.25,0.02,0.27,0.25,0.27,Matches,19b776e9
480,Alex Sola,es ESP,DF,Real Sociedad,19,1999,1,1,90,1,0,0,0,0,0,0,0,0,0.1,0.1,0.1,0.1,2,3,4,0,0,0,0,0,0.09,0.06,0.15,0.09,0.15,Matches,5fa714d5
481,Andrés Solano,co COL,DF,Atlético Madrid,20,1998,1,1,45,0.5,0,0,0,0,0,0,0,0,0,0,0,0,0,1,3,0,0,0,0,0,0,0,0,0,0,Matches,c8764028
482,Carlos Soler,es ESP,MF,Valencia,21,1997,31,27,2460,27.3,2,6,8,2,0,0,9,0,4.1,4.1,4.1,8.2,48,123,147,0.07,0.22,0.29,0.07,0.29,0.15,0.15,0.3,0.15,0.3,Matches,fed17f5a
483,Kévin Soni,cm CMR,FWDF,Girona,20,1998,5,1,82,0.9,0,0,0,0,0,0,1,0,0.2,0.2,0.1,0.4,3,0,7,0,0,0,0,0,0.24,0.16,0.4,0.24,0.4,Matches,6435143e
484,David Soria,es ESP,GK,Getafe,25,1993,37,37,3330,37,0,0,0,0,0,0,0,0,0,0,0.1,0.1,0,0,0,0,0,0,0,0,0,0,0,0,0,Matches,8f8c6934
485,Juan Soriano,es ESP,GK,Sevilla,20,1997,4,4,359,4,0,0,0,0,0,0,2,1,0,0,0,0,0,0,0,0,0,0,0,0,0,0,0,0,0,Matches,5512b1a9
486,Cristhian Stuani,uy URU,FW,Girona,31,1986,32,30,2729,30.3,19,0,19,14,5,5,9,0,14.1,10.4,1,11.4,12,30,129,0.63,0,0.63,0.46,0.46,0.47,0.03,0.5,0.34,0.38,Matches,220c11f1
487,Damián Suárez,uy URU,DF,Getafe,30,1988,36,36,3240,36,0,3,3,0,0,0,13,0,0.5,0.5,4.9,5.4,45,153,74,0,0.08,0.08,0,0.08,0.01,0.14,0.15,0.01,0.15,Matches,ba5004e1
488,Denis Suárez,es ESP,MFDF,Barcelona,24,1994,2,0,19,0.2,0,0,0,0,0,0,0,0,0.4,0.4,0.1,0.4,2,1,3,0,0,0,0,0,1.8,0.31,2.11,1.8,2.11,Matches,12c50af5
489,Leonardo Suárez,ar ARG,FWMF,Valladolid,22,1996,12,7,517,5.7,2,0,2,2,0,0,0,0,1.3,1.3,0.3,1.6,8,23,21,0.35,0,0.35,0.35,0.35,0.23,0.05,0.28,0.23,0.28,Matches,25c72b36
490,Luis Suárez,uy URU,FW,Barcelona,31,1987,33,31,2827,31.4,21,6,27,17,4,4,5,0,23.1,20,6.9,26.9,73,97,294,0.67,0.19,0.86,0.54,0.73,0.74,0.22,0.96,0.64,0.86,Matches,a6154613
491,Mario Suárez,es ESP,MF,Rayo Vallecano,31,1987,14,11,1026,11.4,2,0,2,2,0,0,5,0,1.1,1.1,0.7,1.8,10,56,7,0.18,0,0.18,0.18,0.18,0.09,0.06,0.15,0.09,0.15,Matches,7106f0a0
492,Markel Susaeta,es ESP,FWMF,Athletic Club,30,1987,22,15,1379,15.3,1,2,3,1,0,0,4,1,0.7,0.7,3.2,3.9,41,48,108,0.07,0.13,0.2,0.07,0.2,0.05,0.21,0.26,0.05,0.26,Matches,6fd1ba62
493,Rodrigo Tarín,es ESP,DF,Leganés,22,1996,18,15,1429,15.9,0,0,0,0,0,0,3,0,0.3,0.3,0.1,0.4,5,27,10,0,0,0,0,0,0.02,0,0.02,0.02,0.02,Matches,a03c82b2
494,Cristian Tello,es ESP,DFFW,Betis,26,1991,29,13,1573,17.5,4,6,10,4,0,0,3,0,2.9,2.9,4,7,85,56,162,0.23,0.34,0.57,0.23,0.57,0.17,0.23,0.4,0.17,0.4,Matches,72a99e38
495,Marc-André ter Stegen,de GER,GK,Barcelona,26,1992,35,35,3150,35,0,0,0,0,0,0,0,0,0,0,0,0,0,0,0,0,0,0,0,0,0,0,0,0,0,Matches,6f51e382
496,David Timor,es ESP,MF,Girona,28,1989,2,2,163,1.8,0,0,0,0,0,0,0,0,0,0,0,0,0,10,2,0,0,0,0,0,0.02,0,0.02,0.02,0.02,Matches,174651c8
497,Tito,es ESP,DF,Rayo Vallecano,33,1985,15,12,1098,12.2,0,0,0,0,0,0,2,0,0,0,0.2,0.2,23,54,37,0,0,0,0,0,0,0.01,0.02,0,0.02,Matches,7cefa219
498,Jean-Clair Todibo,fr FRA,DF,Barcelona,18,1999,2,2,157,1.7,0,0,0,0,0,0,2,0,0,0,0,0,0,5,0,0,0,0,0,0,0,0,0,0,0,Matches,88f130ed
499,Karl Toko Ekambi,cm CMR,FWMF,Villarreal,25,1992,34,24,2144,23.8,10,1,11,10,0,1,5,0,10.6,10,2.1,12.1,92,28,222,0.42,0.04,0.46,0.42,0.46,0.44,0.09,0.53,0.42,0.51,Matches,5ceba7fc
500,Raúl de Tomás,es ESP,FW,Rayo Vallecano,23,1994,33,32,2813,31.3,14,1,15,14,0,0,5,0,15.6,15.6,1.5,17.2,51,40,135,0.45,0.03,0.48,0.45,0.48,0.5,0.05,0.55,0.5,0.55,Matches,02ef8778
501,Toño,es ESP,DFFW,Levante,28,1989,21,21,1763,19.6,1,2,3,1,0,0,4,0,1.3,1.3,1.2,2.5,57,67,97,0.05,0.1,0.15,0.05,0.15,0.07,0.06,0.13,0.07,0.13,Matches,d4ef9ac5
502,Daniel Torres,co COL,MF,Alavés,28,1989,2,1,71,0.8,0,0,0,0,0,0,1,0,0,0,0,0,0,0,0,0,0,0,0,0,0,0,0,0,0,Matches,87882adc
503,Ferrán Torres,es ESP,MF,Valencia,18,2000,24,8,850,9.4,2,1,3,2,0,0,5,0,1.5,1.5,1.7,3.2,35,27,70,0.21,0.11,0.32,0.21,0.32,0.16,0.18,0.34,0.16,0.34,Matches,9e1035f8
504,Óscar Trejo,ar ARG,MFFW,Rayo Vallecano,30,1988,26,22,1764,19.6,1,4,5,0,1,1,7,1,3.3,2.5,3.9,6.4,45,120,77,0.05,0.2,0.26,0,0.2,0.17,0.2,0.37,0.13,0.33,Matches,fc647b34
505,Manu Trigueros,es ESP,MF,Villarreal,26,1991,24,18,1547,17.2,0,0,0,0,0,0,3,0,1,1,2.1,3.1,16,128,31,0,0,0,0,0,0.06,0.12,0.18,0.06,0.18,Matches,963829d0
506,Patrick Twumasi,gh GHA,MFFW,Alavés,24,1994,11,0,170,1.9,0,0,0,0,0,0,2,0,0.1,0.1,0.1,0.3,6,7,15,0,0,0,0,0,0.08,0.08,0.16,0.08,0.16,Matches,e3993b65
507,Samuel Umtiti,fr FRA,DF,Barcelona,24,1993,14,13,1189,13.2,0,1,1,0,0,0,4,0,0.2,0.2,0.7,0.8,11,69,2,0,0.08,0.08,0,0.08,0.01,0.05,0.06,0.01,0.06,Matches,3eed9821
508,Enes Ünal,tr TUR,FW,Valladolid,21,1997,33,24,2148,23.9,6,3,9,3,3,3,7,0,7.9,5.6,1.5,7.1,35,46,121,0.25,0.13,0.38,0.13,0.25,0.33,0.06,0.4,0.23,0.3,Matches,f8eca1b6
509,Tomáš Vaclík,cz CZE,GK,Sevilla,29,1989,33,33,2970,33,0,0,0,0,0,0,1,0,0,0,0,0,0,2,0,0,0,0,0,0,0,0,0,0,0,Matches,7b456af7
510,Valery,es ESP,DFFW,Girona,18,1999,17,10,888,9.9,0,1,1,0,0,0,2,0,0.1,0.1,0.7,0.8,29,17,46,0,0.1,0.1,0,0.1,0.01,0.08,0.09,0.01,0.09,Matches,4acd733a
511,Jesús Vallejo,es ESP,DF,Real Madrid,21,1997,5,4,311,3.5,1,0,1,1,0,0,1,1,0.7,0.7,0,0.7,1,5,0,0.29,0,0.29,0.29,0.29,0.2,0,0.2,0.2,0.2,Matches,c2111b45
512,Federico Valverde,uy URU,MF,Real Madrid,20,1998,16,6,656,7.3,0,0,0,0,0,0,4,0,0.3,0.3,0.3,0.6,17,58,15,0,0,0,0,0,0.04,0.04,0.08,0.04,0.08,Matches,0959c2a2
513,Raphaël Varane,fr FRA,DF,Real Madrid,25,1993,32,31,2754,30.6,2,0,2,2,0,0,0,1,2.1,2.1,0.3,2.4,15,72,3,0.07,0,0.07,0.07,0.07,0.07,0.01,0.08,0.07,0.08,Matches,9f8e9423
514,Franco Vázquez,ar ARG,MF,Sevilla,29,1989,34,26,2280,25.3,3,4,7,3,0,0,8,1,4.1,4.1,3.9,8.1,79,171,99,0.12,0.16,0.28,0.12,0.28,0.16,0.15,0.32,0.16,0.32,Matches,467bae22
515,Kevin Vázquez,es ESP,DF,Celta Vigo,25,1993,4,2,220,2.4,0,0,0,0,0,0,0,0,0,0,0,0,1,4,11,0,0,0,0,0,0,0.01,0.01,0,0.01,Matches,ee923664
516,Lucas Vázquez,es ESP,FWMF,Real Madrid,27,1991,31,15,1510,16.8,1,3,4,1,0,0,6,1,2.6,2.6,4.7,7.3,72,69,210,0.06,0.18,0.24,0.06,0.24,0.15,0.28,0.43,0.15,0.43,Matches,fd51b456
517,Koke Vegas,es ESP,GK,Levante,22,1995,1,1,90,1,0,0,0,0,0,0,0,0,0,0,0,0,0,0,0,0,0,0,0,0,0,0,0,0,0,Matches,bfb15d99
518,Emiliano Velázquez,uy URU,DF,Rayo Vallecano,24,1994,18,14,1277,14.2,0,2,2,0,0,0,8,0,1,1,0.8,1.8,5,42,2,0,0.14,0.14,0,0.14,0.07,0.05,0.12,0.07,0.12,Matches,5efb80d5
519,Daniele Verde,it ITA,MFFW,Valladolid,22,1996,22,4,657,7.3,2,0,2,1,1,1,1,0,1.6,0.8,1.4,2.2,28,23,69,0.27,0,0.27,0.14,0.14,0.22,0.2,0.41,0.11,0.31,Matches,d3298c99
520,Thomas Vermaelen,be BEL,DF,Barcelona,32,1985,9,7,587,6.5,0,0,0,0,0,0,2,0,0.1,0.1,0,0.1,4,22,2,0,0,0,0,0,0.02,0,0.02,0.02,0.02,Matches,d0d79694
521,Mikel Vesga,es ESP,MF,Leganés,25,1993,26,23,2070,23,1,1,2,1,0,0,3,0,0.8,0.8,1.1,2,29,70,62,0.04,0.04,0.09,0.04,0.09,0.04,0.05,0.09,0.04,0.09,Matches,b0fce72c
522,Rúben Vezo,pt POR,DF,Levante,24,1994,15,15,1339,14.9,2,1,3,2,0,0,4,0,0.7,0.7,1.1,1.8,4,42,4,0.13,0.07,0.2,0.13,0.2,0.05,0.07,0.12,0.05,0.12,Matches,c67cd65c
523,Rúben Vezo,pt POR,DF,Valencia,24,1994,4,2,196,2.2,0,0,0,0,0,0,2,0,0.1,0.1,0.1,0.2,4,5,6,0,0,0,0,0,0.04,0.04,0.08,0.04,0.08,Matches,c67cd65c
524,Aleix Vidal,es ESP,DFMF,Sevilla,28,1989,11,5,528,5.9,0,0,0,0,0,0,3,0,0.4,0.4,1,1.4,15,32,56,0,0,0,0,0,0.08,0.17,0.24,0.08,0.24,Matches,4965583
525,Arturo Vidal,cl CHI,MF,Barcelona,31,1987,33,22,1929,21.4,3,7,10,3,0,0,7,0,3.4,3.4,4.8,8.2,17,104,74,0.14,0.33,0.47,0.14,0.47,0.16,0.22,0.38,0.16,0.38,Matches,67cdbc0e
526,Carlos Vigaray,es ESP,DF,Alavés,23,1994,8,7,647,7.2,0,0,0,0,0,0,1,0,0,0,0.2,0.3,5,17,10,0,0,0,0,0,0,0.03,0.04,0,0.04,Matches,f69d934e
527,Dídac Vilà,es ESP,DF,Espanyol,29,1989,27,27,2354,26.2,0,2,2,0,0,0,11,0,1.9,1.9,3,4.9,76,119,168,0,0.08,0.08,0,0.08,0.07,0.12,0.19,0.07,0.19,Matches,bad38a94
528,Toni Villa,es ESP,MFFW,Valladolid,23,1995,26,21,1762,19.6,2,2,4,2,0,0,3,0,1.9,1.9,2.2,4.1,76,69,132,0.1,0.1,0.2,0.1,0.2,0.1,0.11,0.21,0.1,0.21,Matches,636eae97
529,Vitolo,es ESP,MFFW,Atlético Madrid,28,1989,20,5,753,8.4,0,1,1,0,0,0,1,0,0.9,0.9,1,1.9,39,37,56,0,0.12,0.12,0,0.12,0.11,0.12,0.23,0.11,0.23,Matches,db750822
530,Nikola Vukčević,me MNE,MF,Levante,26,1991,16,9,670,7.4,0,0,0,0,0,0,5,1,0,0,0.1,0.1,8,22,0,0,0,0,0,0,0,0.01,0.01,0,0.01,Matches,4442fbcd
531,Moussa Wagué,sn SEN,DFFW,Barcelona,19,1998,3,2,225,2.5,0,0,0,0,0,0,1,0,0.1,0.1,0.3,0.4,7,10,25,0,0,0,0,0,0.05,0.13,0.18,0.05,0.18,Matches,808df563
532,Wakaso,gh GHA,MF,Alavés,28,1990,29,18,1669,18.5,1,1,2,1,0,0,9,0,1.2,1.2,0.4,1.6,18,80,34,0.05,0.05,0.11,0.05,0.11,0.06,0.02,0.09,0.06,0.09,Matches,999908af
533,Daniel Wass,dk DEN,DFMF,Valencia,29,1989,32,26,2354,26.2,1,3,4,1,0,0,4,0,1.4,1.4,4.3,5.7,60,118,137,0.04,0.11,0.15,0.04,0.15,0.05,0.17,0.22,0.05,0.22,Matches,d83bbc54
534,Axel Werner,ar ARG,GK,Huesca,22,1996,6,6,540,6,0,0,0,0,0,0,0,0,0,0,0,0,0,0,0,0,0,0,0,0,0,0,0,0,0,Matches,c0b1a6da
535,Iñaki Williams,gh GHA,FW,Athletic Club,24,1994,38,36,3025,33.6,13,4,17,13,0,0,3,0,13.1,13.1,3.3,16.4,98,39,251,0.39,0.12,0.51,0.39,0.51,0.39,0.1,0.49,0.39,0.49,Matches,6a99e0b1
536,Maximilian Wöber,at AUT,DF,Sevilla,20,1998,7,6,536,6,0,0,0,0,0,0,2,0,0.2,0.2,0.6,0.9,10,24,16,0,0,0,0,0,0.04,0.11,0.14,0.04,0.14,Matches,4b803b3c
537,Yoel,es ESP,GK,Valladolid,29,1988,3,3,270,3,0,0,0,0,0,0,0,0,0,0,0,0,0,0,0,0,0,0,0,0,0,0,0,0,0,Matches,61bb7498
538,Okay Yokuşlu,tr TUR,MF,Celta Vigo,24,1994,30,26,2198,24.4,2,0,2,2,0,0,10,0,1.7,1.7,0.7,2.4,35,113,14,0.08,0,0.08,0.08,0.08,0.07,0.03,0.1,0.07,0.1,Matches,e49ce451
539,Joseba Zaldúa,es ESP,DF,Real Sociedad,26,1992,26,25,2139,23.8,1,2,3,1,0,0,7,0,0.1,0.1,1.9,2,70,94,110,0.04,0.08,0.13,0.04,0.13,0.01,0.08,0.09,0.01,0.09,Matches,5ca20b7a
540,Nabil El Zhar,ma MAR,MFFW,Leganés,31,1986,27,9,966,10.7,4,0,4,3,1,1,0,0,2.9,2.1,0.9,3,32,45,50,0.37,0,0.37,0.28,0.28,0.27,0.08,0.35,0.2,0.28,Matches,37f96552
541,Luca Zidane,fr FRA,GK,Real Madrid,20,1998,1,1,90,1,0,0,0,0,0,0,0,0,0,0,0,0,0,0,0,0,0,0,0,0,0,0,0,0,0,Matches,c818c4d9
542,Igor Zubeldia,es ESP,MF,Real Sociedad,21,1997,33,29,2549,28.3,0,1,1,0,0,0,7,0,0.5,0.5,1,1.6,22,89,12,0,0.04,0.04,0,0.04,0.02,0.04,0.05,0.02,0.05,Matches,5c7845f6
543,Martín Zubimendi,es ESP,MF,Real Sociedad,19,1999,1,0,7,0.1,0,0,0,0,0,0,0,0,0,0,0.4,0.4,0,1,0,0,0,0,0,0,0,5.61,5.61,0,5.61,Matches,3ee0dd59
544,David Zurutuza,es ESP,MF,Real Sociedad,32,1986,21,13,1222,13.6,2,0,2,2,0,0,2,0,1.6,1.6,0.6,2.2,23,63,37,0.15,0,0.15,0.15,0.15,0.12,0.04,0.16,0.12,0.16,Matches,d9bda115
