,,,,,,,Playing Time,Playing Time,Playing Time,Playing Time,Performance,Performance,Performance,Performance,Performance,Performance,Performance,Performance,Expected,Expected,Expected,Expected,Progression,Progression,Progression,Per 90 Minutes,Per 90 Minutes,Per 90 Minutes,Per 90 Minutes,Per 90 Minutes,Per 90 Minutes,Per 90 Minutes,Per 90 Minutes,Per 90 Minutes,Per 90 Minutes,,-additional
Rk,Player,Nation,Pos,Squad,Age,Born,MP,Starts,Min,90s,Gls,Ast,G+A,G-PK,PK,PKatt,CrdY,CrdR,xG,npxG,xAG,npxG+xAG,PrgC,PrgP,PrgR,Gls,Ast,G+A,G-PK,G+A-PK,xG,xAG,xG+xAG,npxG,npxG+xAG,Matches,-9999
1,Ignazio Abate,it ITA,DF,Milan,31,1986,19,15,1302,14.5,0,0,0,0,0,0,4,0,0.1,0.1,0.4,0.4,27,88,43,0.00,0.00,0.00,0.00,0.00,0.01,0.02,0.03,0.01,0.03,Matches,1c529186
2,Francesco Acerbi,it ITA,DF,Lazio,30,1988,37,37,3309,36.8,3,1,4,3,0,0,4,1,3.4,3.4,1.0,4.3,39,135,17,0.08,0.03,0.11,0.08,0.11,0.09,0.03,0.12,0.09,0.12,Matches,b96b595c
3,Afriyie Acquah,gh GHA,MF,Empoli,26,1992,28,19,1510,16.8,2,0,2,2,0,0,4,0,1.4,1.4,0.8,2.2,58,91,76,0.12,0.00,0.12,0.12,0.12,0.09,0.05,0.13,0.09,0.13,Matches,d7403bd5
4,Claud Adjapong,it ITA,MFFW,Sassuolo,20,1998,5,3,270,3.0,1,0,1,1,0,0,1,0,0.7,0.7,0.1,0.8,6,4,19,0.33,0.00,0.33,0.33,0.33,0.24,0.02,0.26,0.24,0.26,Matches,ce5b170a
5,Ali Adnan Kadhim,iq IRQ,DF,Atalanta,24,1993,3,2,166,1.8,0,0,0,0,0,0,0,0,0.2,0.2,0.1,0.4,7,8,11,0.00,0.00,0.00,0.00,0.00,0.13,0.06,0.20,0.13,0.20,Matches,06050480
6,Emmanuel Agyemang-Badu,gh GHA,MF,Udinese,27,1990,4,2,161,1.8,0,0,0,0,0,0,0,0,0.1,0.1,0.0,0.1,2,1,5,0.00,0.00,0.00,0.00,0.00,0.05,0.01,0.06,0.05,0.06,Matches,fe0b8f0e
7,Ola Aina,ng NGA,DF,Torino,21,1996,30,22,2160,24.0,1,3,4,1,0,0,5,1,1.4,1.4,2.5,4.0,62,97,96,0.04,0.12,0.17,0.04,0.17,0.06,0.11,0.17,0.06,0.17,Matches,246d153b
8,Luis Alberto,es ESP,MFFW,Lazio,25,1992,27,25,1990,22.1,4,5,9,3,1,1,5,1,4.2,3.4,5.9,9.4,100,200,132,0.18,0.23,0.41,0.14,0.36,0.19,0.27,0.46,0.16,0.42,Matches,5294a83f
9,Raúl Albiol,es ESP,DF,Napoli,32,1985,20,19,1713,19.0,1,0,1,1,0,0,4,0,0.3,0.3,0.4,0.7,4,81,2,0.05,0.00,0.05,0.05,0.05,0.01,0.02,0.04,0.01,0.04,Matches,4bd414c1
10,Allan,br BRA,MF,Napoli,27,1991,33,28,2616,29.1,1,3,4,1,0,0,10,0,1.0,1.0,2.5,3.6,49,236,45,0.03,0.10,0.14,0.03,0.14,0.03,0.09,0.12,0.03,0.12,Matches,cc700722
11,Bruno Alves,pt POR,DF,Parma,36,1981,33,33,2922,32.5,4,1,5,4,0,0,9,1,2.2,2.2,1.0,3.2,4,72,5,0.12,0.03,0.15,0.12,0.15,0.07,0.03,0.10,0.07,0.10,Matches,585a73a8
12,Joachim Andersen,dk DEN,DF,Sampdoria,22,1996,32,32,2880,32.0,0,1,1,0,0,0,7,0,1.0,1.0,0.7,1.7,25,154,3,0.00,0.03,0.03,0.00,0.03,0.03,0.02,0.05,0.03,0.05,Matches,e34fc66d
13,Marco Andreolli,it ITA,DF,Cagliari,32,1986,3,1,106,1.2,0,0,0,0,0,0,1,0,0.0,0.0,0.0,0.0,0,6,0,0.00,0.00,0.00,0.00,0.00,0.03,0.00,0.03,0.03,0.03,Matches,13d820de
14,Marco Andreolli,it ITA,DF,Chievo,32,1986,8,7,646,7.2,0,0,0,0,0,0,2,0,0.1,0.1,0.0,0.1,1,8,0,0.00,0.00,0.00,0.00,0.00,0.02,0.00,0.02,0.02,0.02,Matches,13d820de
15,Cristian Ansaldi,ar ARG,DFMF,Torino,31,1986,24,23,1807,20.1,3,2,5,3,0,0,3,0,1.4,1.4,2.9,4.3,96,93,108,0.15,0.10,0.25,0.15,0.25,0.07,0.14,0.21,0.07,0.21,Matches,bbafc0c4
16,Mirco Antenucci,it ITA,FW,SPAL,33,1984,35,22,2133,23.7,5,0,5,4,1,2,0,0,6.6,5.0,1.6,6.5,41,50,172,0.21,0.00,0.21,0.17,0.17,0.28,0.07,0.34,0.21,0.28,Matches,43a2e16c
17,Luca Antonelli,it ITA,DF,Empoli,31,1987,13,10,755,8.4,0,1,1,0,0,0,1,0,0.3,0.3,0.7,1.0,26,39,28,0.00,0.12,0.12,0.00,0.12,0.04,0.08,0.12,0.04,0.12,Matches,40f0ed6c
18,Mauro Antonio Burruchaga,ar ARG,MF,Chievo,20,1998,1,0,58,0.6,0,0,0,0,0,0,0,0,0.0,0.0,0.0,0.0,0,3,0,0.00,0.00,0.00,0.00,0.00,0.03,0.00,0.03,0.03,0.03,Matches,0830a4f9
19,Joaquín Ardaiz,uy URU,FW,Frosinone,19,1999,1,0,20,0.2,0,0,0,0,0,0,0,0,0.0,0.0,0.0,0.0,0,0,0,0.00,0.00,0.00,0.00,0.00,0.00,0.00,0.00,0.00,0.00,Matches,eb823875
20,Lorenzo Ariaudo,it ITA,DF,Frosinone,29,1989,19,19,1682,18.7,0,0,0,0,0,0,2,0,0.9,0.9,0.3,1.2,9,36,1,0.00,0.00,0.00,0.00,0.00,0.05,0.01,0.06,0.05,0.06,Matches,68b78c2a
21,Nicolò Armini,it ITA,DF,Lazio,17,2001,1,0,38,0.4,0,0,0,0,0,0,0,0,0.0,0.0,0.0,0.0,0,2,0,0.00,0.00,0.00,0.00,0.00,0.00,0.00,0.00,0.00,0.00,Matches,2f7407fa
22,Kwadwo Asamoah,gh GHA,DF,Inter,29,1988,32,30,2671,29.7,0,1,1,0,0,0,6,0,0.2,0.2,1.8,2.1,90,189,153,0.00,0.03,0.03,0.00,0.03,0.01,0.06,0.07,0.01,0.07,Matches,089550f5
23,Emil Audero,it ITA,GK,Sampdoria,21,1997,36,36,3240,36.0,0,0,0,0,0,0,4,0,0.0,0.0,0.1,0.1,0,0,0,0.00,0.00,0.00,0.00,0.00,0.00,0.00,0.00,0.00,0.00,Matches,649b01d8
24,Khouma Babacar,sn SEN,FW,Sassuolo,25,1993,29,16,1488,16.5,7,2,9,5,2,2,0,0,7.6,6.1,0.9,6.9,15,24,97,0.42,0.12,0.54,0.30,0.42,0.46,0.05,0.51,0.37,0.42,Matches,422ec08a
25,Milan Badelj,hr CRO,MF,Lazio,29,1989,23,14,1141,12.7,1,0,1,1,0,0,6,0,0.8,0.8,0.5,1.2,19,101,12,0.08,0.00,0.08,0.08,0.08,0.06,0.04,0.10,0.06,0.10,Matches,e8c930bb
26,Tiemoué Bakayoko,fr FRA,MF,Milan,23,1994,31,26,2301,25.6,1,1,2,1,0,0,6,1,1.7,1.7,1.6,3.2,49,156,45,0.04,0.04,0.08,0.04,0.08,0.06,0.06,0.13,0.06,0.13,Matches,59bf127b
27,Keita Baldé,sn SEN,FW,Inter,23,1995,24,8,889,9.9,5,2,7,5,0,0,2,1,3.9,3.9,2.2,6.1,57,27,98,0.51,0.20,0.71,0.51,0.71,0.39,0.22,0.61,0.39,0.61,Matches,509a4ccb
28,Andrija Balić,hr CRO,FWMF,Udinese,20,1997,4,0,27,0.3,0,0,0,0,0,0,0,0,0.0,0.0,0.1,0.1,0,3,2,0.00,0.00,0.00,0.00,0.00,0.08,0.18,0.26,0.08,0.26,Matches,9be4ee80
29,Mattia Bani,it ITA,DF,Chievo,24,1993,30,29,2610,29.0,0,0,0,0,0,0,8,1,1.0,1.0,0.8,1.8,4,63,11,0.00,0.00,0.00,0.00,0.00,0.03,0.03,0.06,0.03,0.06,Matches,0821331c
30,Antonín Barák,cz CZE,MFFW,Udinese,23,1994,8,4,329,3.7,0,0,0,0,0,0,0,0,0.2,0.2,0.2,0.4,9,11,11,0.00,0.00,0.00,0.00,0.00,0.06,0.04,0.10,0.06,0.10,Matches,01efac19
31,Federico Barba,it ITA,DF,Chievo,24,1993,30,29,2483,27.6,0,0,0,0,0,0,6,2,0.8,0.8,1.6,2.5,30,106,34,0.00,0.00,0.00,0.00,0.00,0.03,0.06,0.09,0.03,0.09,Matches,c010b898
32,Francesco Bardi,it ITA,GK,Frosinone,26,1992,3,3,270,3.0,0,0,0,0,0,0,0,0,0.0,0.0,0.0,0.0,0,0,0,0.00,0.00,0.00,0.00,0.00,0.00,0.00,0.00,0.00,0.00,Matches,0acda699
33,Nicolò Barella,it ITA,MF,Cagliari,21,1997,35,35,3107,34.5,1,3,4,1,0,1,10,2,2.6,1.8,3.1,4.9,112,206,139,0.03,0.09,0.12,0.03,0.12,0.07,0.09,0.17,0.05,0.14,Matches,6928979a
34,Antonino Barillà,it ITA,MF,Parma,30,1988,31,30,2618,29.1,3,2,5,3,0,0,10,0,3.0,3.0,1.9,4.9,30,93,84,0.10,0.07,0.17,0.10,0.17,0.10,0.07,0.17,0.10,0.17,Matches,a64cbd35
35,Édgar Barreto,py PAR,MF,Sampdoria,34,1984,12,9,785,8.7,0,2,2,0,0,0,2,0,1.0,1.0,1.6,2.5,4,55,36,0.00,0.23,0.23,0.00,0.23,0.11,0.18,0.29,0.11,0.29,Matches,43a1bea5
36,Musa Barrow,gm GAM,FW,Atalanta,19,1998,22,6,601,6.7,1,2,3,1,0,0,0,0,2.9,2.9,1.4,4.4,33,25,79,0.15,0.30,0.45,0.15,0.45,0.44,0.21,0.65,0.44,0.65,Matches,e5bf73f3
37,Andrea Barzagli,it ITA,DF,Juventus,37,1981,7,4,260,2.9,0,0,0,0,0,0,0,0,0.0,0.0,0.0,0.0,3,18,0,0.00,0.00,0.00,0.00,0.00,0.00,0.00,0.00,0.00,0.00,Matches,7c0000fd
38,Daniele Baselli,it ITA,MF,Torino,26,1992,34,27,2379,26.4,4,1,5,4,0,0,5,0,2.4,2.4,4.2,6.6,50,143,73,0.15,0.04,0.19,0.15,0.19,0.09,0.16,0.25,0.09,0.25,Matches,ea06dd97
39,Alessandro Bastoni,it ITA,DF,Parma,19,1999,24,18,1690,18.8,1,0,1,1,0,0,2,0,0.6,0.6,0.4,0.9,7,32,1,0.05,0.00,0.05,0.05,0.05,0.03,0.02,0.05,0.03,0.05,Matches,75b86fb3
40,Bastos,ao ANG,DF,Lazio,27,1991,18,11,1139,12.7,1,0,1,1,0,0,3,0,0.7,0.7,0.0,0.7,24,38,8,0.08,0.00,0.08,0.08,0.08,0.05,0.00,0.06,0.05,0.06,Matches,c01c66d9
41,Andrea Beghetto,it ITA,DF,Frosinone,23,1994,27,25,2226,24.7,0,3,3,0,0,0,3,0,1.0,1.0,4.0,5.0,34,57,141,0.00,0.12,0.12,0.00,0.12,0.04,0.16,0.20,0.04,0.20,Matches,438dfc6a
42,Valon Behrami,ch SUI,MF,Udinese,33,1985,19,17,1361,15.1,1,0,1,1,0,0,6,0,0.8,0.8,0.2,1.1,4,19,5,0.07,0.00,0.07,0.07,0.07,0.06,0.02,0.07,0.06,0.07,Matches,d3d758d8
43,Andrea Belotti,it ITA,FW,Torino,24,1993,37,37,3299,36.7,15,3,18,10,5,6,5,0,17.3,12.6,4.3,16.9,82,68,267,0.41,0.08,0.49,0.27,0.35,0.47,0.12,0.59,0.34,0.46,Matches,d705ba44
44,Marco Benassi,it ITA,MF,Fiorentina,23,1994,32,29,2282,25.4,7,1,8,7,0,0,6,1,5.6,5.6,2.0,7.6,58,112,148,0.28,0.04,0.32,0.28,0.32,0.22,0.08,0.30,0.22,0.30,Matches,0000acda
45,Medhi Benatia,ma MAR,DF,Juventus,31,1987,5,5,450,5.0,0,0,0,0,0,0,2,0,0.1,0.1,0.0,0.1,3,13,0,0.00,0.00,0.00,0.00,0.00,0.03,0.00,0.03,0.03,0.03,Matches,3b15ef2d
46,Ismaël Bennacer,dz ALG,MF,Empoli,20,1997,37,32,2961,32.9,0,5,5,0,0,0,7,0,0.6,0.6,3.1,3.8,49,199,57,0.00,0.15,0.15,0.00,0.15,0.02,0.10,0.11,0.02,0.11,Matches,db092d3b
47,Rodrigo Bentancur,uy URU,MF,Juventus,21,1997,31,21,2003,22.3,2,3,5,2,0,0,8,1,1.5,1.5,2.1,3.6,36,128,65,0.09,0.13,0.22,0.09,0.22,0.07,0.10,0.16,0.07,0.16,Matches,3b8674e6
48,Domenico Berardi,it ITA,FWMF,Sassuolo,23,1994,35,32,2875,31.9,8,4,12,7,1,1,5,1,8.9,8.1,4.5,12.6,106,141,310,0.25,0.13,0.38,0.22,0.34,0.28,0.14,0.42,0.25,0.40,Matches,53a0e358
49,Álex Berenguer,es ESP,MFDF,Torino,23,1995,31,15,1486,16.5,2,3,5,2,0,0,4,0,1.0,1.0,3.7,4.7,63,45,166,0.12,0.18,0.30,0.12,0.30,0.06,0.23,0.28,0.06,0.28,Matches,dc1c2fce
50,Bartosz Bereszyński,pl POL,DF,Sampdoria,26,1992,27,24,2200,24.4,0,2,2,0,0,0,6,1,0.3,0.3,0.7,1.0,51,150,97,0.00,0.08,0.08,0.00,0.08,0.01,0.03,0.04,0.01,0.04,Matches,61b3978f
51,Etrit Berisha,al ALB,GK,Atalanta,29,1989,18,18,1620,18.0,0,0,0,0,0,0,1,0,0.0,0.0,0.0,0.0,0,0,0,0.00,0.00,0.00,0.00,0.00,0.00,0.00,0.00,0.00,0.00,Matches,ee833569
52,Valon Berisha,xk KVX,MFFW,Lazio,25,1993,8,1,198,2.2,0,0,0,0,0,0,0,0,0.0,0.0,0.2,0.2,6,8,9,0.00,0.00,0.00,0.00,0.00,0.01,0.08,0.09,0.01,0.09,Matches,d5575935
53,Federico Bernardeschi,it ITA,MFFW,Juventus,24,1994,28,14,1473,16.4,2,3,5,2,0,0,5,1,3.8,3.8,3.4,7.2,58,66,153,0.12,0.18,0.31,0.12,0.31,0.23,0.21,0.44,0.23,0.44,Matches,ee93c1a9
54,Daniel Bessa,it ITA,MF,Genoa,25,1993,34,25,2441,27.1,1,3,4,1,0,0,8,0,3.6,3.6,2.7,6.3,81,122,142,0.04,0.11,0.15,0.04,0.15,0.13,0.10,0.23,0.13,0.23,Matches,88895312
55,Jonathan Biabiany,fr FRA,FW,Parma,30,1988,18,12,1069,11.9,0,0,0,0,0,0,4,0,0.4,0.4,1.3,1.7,27,23,52,0.00,0.00,0.00,0.00,0.00,0.03,0.11,0.14,0.03,0.14,Matches,6b99d135
56,Lucas Biglia,ar ARG,MF,Milan,32,1986,16,13,1114,12.4,1,0,1,1,0,0,3,0,0.2,0.2,0.4,0.7,11,67,4,0.08,0.00,0.08,0.08,0.08,0.02,0.03,0.05,0.02,0.05,Matches,5710a281
57,Cristiano Biraghi,it ITA,DF,Fiorentina,25,1992,36,36,3194,35.5,1,4,5,1,0,0,8,0,1.4,1.4,6.1,7.5,76,119,177,0.03,0.11,0.14,0.03,0.14,0.04,0.17,0.21,0.04,0.21,Matches,9e1577aa
58,Davide Biraschi,it ITA,DF,Genoa,24,1994,34,32,2841,31.6,0,0,0,0,0,0,3,1,0.4,0.4,1.0,1.3,54,125,18,0.00,0.00,0.00,0.00,0.00,0.01,0.03,0.04,0.01,0.04,Matches,64cd167d
59,Valter Birsa,si SVN,MFFW,Cagliari,31,1986,12,4,353,3.9,0,0,0,0,0,0,0,0,0.5,0.5,0.7,1.2,14,20,23,0.00,0.00,0.00,0.00,0.00,0.12,0.19,0.31,0.12,0.31,Matches,455a2b79
60,Valter Birsa,si SVN,MFFW,Chievo,31,1986,17,12,1101,12.2,2,2,4,1,1,1,1,0,1.7,0.9,2.2,3.1,40,78,72,0.16,0.16,0.33,0.08,0.25,0.14,0.18,0.32,0.08,0.26,Matches,455a2b79
61,Kevin-Prince Boateng,gh GHA,FW,Sassuolo,31,1987,13,11,938,10.4,4,1,5,2,2,2,1,0,3.8,2.3,0.8,3.1,7,24,62,0.38,0.10,0.48,0.19,0.29,0.37,0.08,0.45,0.22,0.30,Matches,f4ec4fd0
62,Jeremie Boga,ci CIV,FWMF,Sassuolo,21,1997,25,14,1443,16.0,3,1,4,3,0,0,0,0,3.4,3.4,0.8,4.2,79,29,105,0.19,0.06,0.25,0.19,0.25,0.21,0.05,0.26,0.21,0.26,Matches,fe012aca
63,Giacomo Bonaventura,it ITA,MF,Milan,28,1989,8,8,646,7.2,3,1,4,3,0,0,0,0,2.9,2.9,0.8,3.6,32,40,26,0.42,0.14,0.56,0.42,0.56,0.40,0.10,0.50,0.40,0.50,Matches,d995ed27
64,Kevin Bonifazi,it ITA,DF,SPAL,22,1996,27,26,2301,25.6,2,1,3,2,0,0,2,0,0.6,0.6,0.3,0.9,42,92,8,0.08,0.04,0.12,0.08,0.12,0.02,0.01,0.03,0.02,0.03,Matches,fb77bfef
65,Leonardo Bonucci,it ITA,DF,Juventus,31,1987,29,27,2472,27.5,3,0,3,3,0,0,2,0,2.1,2.1,0.8,2.9,6,101,4,0.11,0.00,0.11,0.11,0.11,0.08,0.03,0.10,0.08,0.10,Matches,52ec54d0
66,Fabio Borini,it ITA,FWDF,Milan,27,1991,20,10,1054,11.7,2,2,4,2,0,0,3,0,2.5,2.5,1.2,3.6,13,26,96,0.17,0.17,0.34,0.17,0.34,0.21,0.10,0.31,0.21,0.31,Matches,ef5b337e
67,Mehdi Bourabia,ma MAR,MF,Sassuolo,26,1991,32,21,2010,22.3,1,0,1,1,0,0,8,1,2.3,2.3,2.7,4.9,24,91,70,0.04,0.00,0.04,0.04,0.04,0.10,0.12,0.22,0.10,0.22,Matches,0d077b88
68,Filip Bradarić,hr CRO,MF,Cagliari,26,1992,27,17,1494,16.6,0,2,2,0,0,0,5,0,0.5,0.5,0.5,1.1,11,94,11,0.00,0.12,0.12,0.00,0.12,0.03,0.03,0.06,0.03,0.06,Matches,605873e1
69,Gleison Bremer,br BRA,DF,Torino,21,1997,5,2,183,2.0,0,0,0,0,0,0,1,0,0.0,0.0,0.0,0.1,1,9,0,0.00,0.00,0.00,0.00,0.00,0.02,0.02,0.04,0.02,0.04,Matches,5fd5ed86
70,Nicolò Brighenti,it ITA,DF,Frosinone,28,1989,11,11,990,11.0,0,0,0,0,0,0,4,0,0.4,0.4,0.3,0.6,15,76,10,0.00,0.00,0.00,0.00,0.00,0.03,0.02,0.06,0.03,0.06,Matches,54c356b0
71,Matteo Brighi,it ITA,MF,Empoli,37,1981,10,1,231,2.6,1,0,1,1,0,0,1,0,0.7,0.7,0.1,0.8,0,13,4,0.39,0.00,0.39,0.39,0.39,0.28,0.04,0.32,0.28,0.32,Matches,d417b306
72,Enrico Brignola,it ITA,FWMF,Sassuolo,19,1999,7,2,175,1.9,1,0,1,1,0,0,2,0,0.6,0.6,0.1,0.7,8,10,15,0.51,0.00,0.51,0.51,0.51,0.30,0.04,0.34,0.30,0.34,Matches,d0643f8f
73,Marcelo Brozović,hr CRO,MF,Inter,25,1992,32,31,2650,29.4,2,1,3,2,0,0,11,1,1.0,1.0,3.4,4.4,43,287,29,0.07,0.03,0.10,0.07,0.10,0.03,0.12,0.15,0.03,0.15,Matches,33b8d077
74,Rafael Cabral,br BRA,GK,Sampdoria,28,1990,2,2,180,2.0,0,0,0,0,0,0,0,0,0.0,0.0,0.0,0.0,0,0,0,0.00,0.00,0.00,0.00,0.00,0.00,0.00,0.00,0.00,0.00,Matches,806f7a26
75,Fabrizio Cacciatore,it ITA,DF,Cagliari,31,1986,7,7,580,6.4,0,2,2,0,0,0,2,0,0.2,0.2,0.8,1.0,4,24,19,0.00,0.31,0.31,0.00,0.31,0.03,0.12,0.16,0.03,0.16,Matches,00b0bb87
76,Fabrizio Cacciatore,it ITA,DF,Chievo,31,1986,7,5,497,5.5,0,0,0,0,0,0,1,0,0.0,0.0,0.6,0.7,8,20,25,0.00,0.00,0.00,0.00,0.00,0.00,0.12,0.12,0.00,0.12,Matches,00b0bb87
77,Martín Cáceres,uy URU,DF,Lazio,31,1987,4,3,307,3.4,0,0,0,0,0,0,0,0,0.1,0.1,0.0,0.1,1,17,10,0.00,0.00,0.00,0.00,0.00,0.03,0.00,0.03,0.03,0.03,Matches,e94d79e3
78,Martín Cáceres,uy URU,DF,Juventus,31,1987,9,7,628,7.0,0,0,0,0,0,0,1,0,0.3,0.3,0.0,0.4,13,34,5,0.00,0.00,0.00,0.00,0.00,0.05,0.00,0.05,0.05,0.05,Matches,e94d79e3
79,Felipe Caicedo,ec ECU,FW,Lazio,29,1988,28,17,1371,15.2,8,2,10,7,1,1,4,0,8.2,7.4,1.2,8.6,21,35,93,0.53,0.13,0.66,0.46,0.59,0.54,0.08,0.62,0.49,0.57,Matches,93b891d1
80,Arturo Calabresi,it ITA,DF,Bologna,22,1996,18,16,1412,15.7,1,0,1,1,0,0,8,0,0.4,0.4,0.4,0.8,13,63,11,0.06,0.00,0.06,0.06,0.06,0.03,0.02,0.05,0.03,0.05,Matches,34bb6fbd
81,Davide Calabria,it ITA,DF,Milan,21,1996,26,22,1950,21.7,1,2,3,1,0,0,5,0,0.4,0.4,2.0,2.4,58,123,124,0.05,0.09,0.14,0.05,0.14,0.02,0.09,0.11,0.02,0.11,Matches,2146785a
82,Hakan Çalhanoğlu,tr TUR,MFFW,Milan,24,1994,36,34,2884,32.0,3,6,9,3,0,0,3,0,5.2,5.2,6.2,11.4,126,210,196,0.09,0.19,0.28,0.09,0.28,0.16,0.19,0.36,0.16,0.36,Matches,cd0fa27b
83,José Callejón,es ESP,MFFW,Napoli,31,1987,34,29,2650,29.4,3,10,13,3,0,0,1,0,5.7,5.7,8.3,14.1,54,135,247,0.10,0.34,0.44,0.10,0.44,0.20,0.28,0.48,0.20,0.48,Matches,78841da9
84,Joel Campbell,cr CRC,FWMF,Frosinone,26,1992,17,11,891,9.9,0,3,3,0,0,0,4,0,0.6,0.6,1.6,2.2,37,23,59,0.00,0.30,0.30,0.00,0.30,0.06,0.16,0.22,0.06,0.22,Matches,895ff3ca
85,Emre Can,de GER,MF,Juventus,24,1994,29,20,1811,20.1,4,1,5,3,1,1,7,0,2.7,1.9,2.4,4.4,48,90,46,0.20,0.05,0.25,0.15,0.20,0.13,0.12,0.26,0.10,0.22,Matches,a65ce836
86,João Cancelo,pt POR,DF,Juventus,24,1994,25,22,1968,21.9,1,3,4,1,0,0,6,0,1.7,1.7,4.0,5.7,109,143,152,0.05,0.14,0.18,0.05,0.18,0.08,0.18,0.26,0.08,0.26,Matches,bd6351cd
87,Antonio Candreva,it ITA,FWMF,Inter,31,1987,18,5,502,5.6,1,0,1,1,0,0,0,0,2.0,2.0,1.1,3.1,41,17,75,0.18,0.00,0.18,0.18,0.18,0.35,0.20,0.55,0.35,0.55,Matches,356c9002
88,Luan Capanni,br BRA,FW,Lazio,18,2000,1,0,9,0.1,0,0,0,0,0,0,1,0,0.0,0.0,0.0,0.0,0,0,1,0.00,0.00,0.00,0.00,0.00,0.20,0.00,0.20,0.20,0.20,Matches,28237d7e
89,Leonardo Capezzi,it ITA,MF,Empoli,23,1995,12,9,772,8.6,0,0,0,0,0,0,4,0,0.4,0.4,0.1,0.5,13,51,3,0.00,0.00,0.00,0.00,0.00,0.05,0.01,0.06,0.05,0.06,Matches,07ea0ef2
90,Gianluca Caprari,it ITA,FWMF,Sampdoria,25,1993,21,12,1031,11.5,6,2,8,6,0,0,1,0,2.2,2.2,1.4,3.6,37,37,110,0.52,0.17,0.70,0.52,0.70,0.19,0.12,0.31,0.19,0.31,Matches,54e53b7e
91,Marco Capuano,it ITA,DF,Frosinone,26,1991,27,27,2307,25.6,0,0,0,0,0,0,5,1,0.5,0.5,0.4,0.9,20,90,5,0.00,0.00,0.00,0.00,0.00,0.02,0.01,0.03,0.02,0.03,Matches,616aea37
92,Francesco Caputo,it ITA,FW,Empoli,30,1987,38,38,3420,38.0,16,3,19,13,3,6,3,0,17.6,12.9,5.2,18.1,87,51,358,0.42,0.08,0.50,0.34,0.42,0.46,0.14,0.60,0.34,0.48,Matches,5bd72174
93,Francesco Cassata,it ITA,MF,Frosinone,21,1997,19,14,1124,12.5,2,2,4,2,0,0,9,1,0.6,0.6,0.5,1.1,30,48,38,0.16,0.16,0.32,0.16,0.32,0.05,0.04,0.09,0.05,0.09,Matches,96960855
94,Timothy Castagne,be BEL,DF,Atalanta,22,1995,28,21,2006,22.3,4,3,7,4,0,0,3,0,2.8,2.8,2.6,5.4,61,82,159,0.18,0.13,0.31,0.18,0.31,0.13,0.12,0.24,0.13,0.24,Matches,197640fd
95,Samu Castillejo,es ESP,FWMF,Milan,23,1995,31,8,1023,11.4,4,2,6,4,0,0,3,0,1.7,1.7,1.8,3.5,56,42,124,0.35,0.18,0.53,0.35,0.53,0.15,0.16,0.31,0.15,0.31,Matches,130a7a3f
96,Lucas Castro,ar ARG,MF,Cagliari,29,1989,12,10,896,10.0,1,3,4,1,0,0,1,0,1.1,1.1,2.2,3.3,22,46,61,0.10,0.30,0.40,0.10,0.40,0.11,0.22,0.33,0.11,0.33,Matches,56b2957b
97,Danilo Cataldi,it ITA,MFFW,Lazio,23,1994,12,4,578,6.4,2,1,3,2,0,0,2,0,0.6,0.6,1.5,2.1,13,34,15,0.31,0.16,0.47,0.31,0.47,0.09,0.23,0.33,0.09,0.33,Matches,ba3d3bea
98,Federico Ceccherini,it ITA,DF,Fiorentina,26,1992,15,11,994,11.0,0,0,0,0,0,0,2,0,0.1,0.1,0.3,0.4,7,37,2,0.00,0.00,0.00,0.00,0.00,0.01,0.02,0.03,0.01,0.03,Matches,d9624b51
99,Žan Celar,si SVN,FW,Roma,19,1999,1,0,5,0.1,0,0,0,0,0,0,0,0,0.0,0.0,0.0,0.0,0,0,0,0.00,0.00,0.00,0.00,0.00,0.00,0.00,0.00,0.00,0.00,Matches,868c6958
100,Luca Ceppitelli,it ITA,DF,Cagliari,28,1989,24,24,2051,22.8,1,1,2,1,0,0,6,2,2.4,2.4,0.9,3.3,10,69,1,0.04,0.04,0.09,0.04,0.09,0.11,0.04,0.15,0.11,0.15,Matches,7d50454d
101,Fabio Ceravolo,it ITA,FW,Parma,31,1987,25,12,1185,13.2,2,0,2,1,1,2,1,0,3.6,2.1,0.5,2.5,20,17,89,0.15,0.00,0.15,0.08,0.08,0.28,0.04,0.31,0.16,0.19,Matches,4cc93246
102,Alberto Cerri,it ITA,FW,Cagliari,22,1996,15,7,670,7.4,0,0,0,0,0,0,3,0,2.0,2.0,1.0,3.1,7,10,45,0.00,0.00,0.00,0.00,0.00,0.27,0.14,0.41,0.27,0.41,Matches,1079c685
103,Boštjan Cesar,si SVN,DF,Chievo,36,1982,14,11,1079,12.0,1,0,1,1,0,0,3,0,0.5,0.5,0.0,0.5,0,17,0,0.08,0.00,0.08,0.08,0.08,0.04,0.00,0.04,0.04,0.04,Matches,c1d18f10
104,Raman Chibsah,gh GHA,MF,Frosinone,25,1993,32,30,2622,29.1,1,0,1,1,0,0,5,0,3.3,3.3,0.6,4.0,45,116,58,0.03,0.00,0.03,0.03,0.03,0.11,0.02,0.14,0.11,0.14,Matches,aa5a409a
105,Giorgio Chiellini,it ITA,DF,Juventus,33,1984,25,22,1991,22.1,1,1,2,1,0,0,3,0,1.5,1.5,0.5,2.0,21,91,6,0.05,0.05,0.09,0.05,0.09,0.07,0.02,0.09,0.07,0.09,Matches,e85fb9b8
106,Federico Chiesa,it ITA,FW,Fiorentina,20,1997,37,34,3034,33.7,6,3,9,6,0,0,4,0,8.8,8.8,5.6,14.4,158,106,357,0.18,0.09,0.27,0.18,0.27,0.26,0.17,0.43,0.26,0.43,Matches,b0f7e36c
107,Vlad Chiricheș,ro ROU,DF,Napoli,28,1989,3,3,147,1.6,0,0,0,0,0,0,0,0,0.1,0.1,0.0,0.1,1,9,0,0.00,0.00,0.00,0.00,0.00,0.07,0.00,0.07,0.07,0.07,Matches,c316607a
108,Camillo Ciano,it ITA,FWMF,Frosinone,28,1990,33,28,2454,27.3,7,4,11,5,2,3,12,0,6.9,4.6,7.0,11.6,59,101,213,0.26,0.15,0.40,0.18,0.33,0.25,0.26,0.51,0.17,0.43,Matches,2114abf9
109,Amato Ciciretti,it ITA,FWMF,Parma,24,1993,6,1,139,1.5,0,0,0,0,0,0,0,0,0.1,0.1,0.1,0.2,3,3,5,0.00,0.00,0.00,0.00,0.00,0.05,0.06,0.11,0.05,0.11,Matches,1ab0b878
110,Luca Cigarini,it ITA,MF,Cagliari,32,1986,25,20,1682,18.7,0,2,2,0,0,0,9,0,0.6,0.6,2.9,3.4,24,149,7,0.00,0.11,0.11,0.00,0.11,0.03,0.15,0.18,0.03,0.18,Matches,ae64d449
111,Daniel Ciofani,it ITA,FW,Frosinone,33,1985,31,17,1618,18.0,5,2,7,3,2,2,1,0,5.9,4.3,1.7,5.9,8,20,92,0.28,0.11,0.39,0.17,0.28,0.32,0.09,0.41,0.24,0.33,Matches,b09a3ecc
112,Thiago Cionek,pl POL,DF,SPAL,32,1986,31,29,2542,28.2,0,3,3,0,0,0,12,2,1.4,1.4,1.5,2.9,57,118,28,0.00,0.11,0.11,0.00,0.11,0.05,0.05,0.10,0.05,0.10,Matches,46f5c54d
113,Omar Colley,gm GAM,DF,Sampdoria,25,1992,21,21,1762,19.6,0,0,0,0,0,0,1,1,0.6,0.6,0.2,0.8,4,41,3,0.00,0.00,0.00,0.00,0.00,0.03,0.01,0.04,0.03,0.04,Matches,8b95acda
114,Andrea Consigli,it ITA,GK,Sassuolo,31,1987,36,36,3213,35.7,0,0,0,0,0,0,2,1,0.0,0.0,0.0,0.0,0,0,0,0.00,0.00,0.00,0.00,0.00,0.00,0.00,0.00,0.00,0.00,Matches,8cabdc1e
115,Andrea Conti,it ITA,DF,Milan,24,1994,12,4,500,5.6,0,2,2,0,0,0,3,0,0.0,0.0,1.1,1.1,19,34,38,0.00,0.36,0.36,0.00,0.36,0.00,0.20,0.20,0.00,0.20,Matches,8fef5412
116,Gabriele Corbo,it ITA,DF,Bologna,18,2000,1,0,5,0.1,0,0,0,0,0,0,0,0,0.0,0.0,0.0,0.0,0,0,0,0.00,0.00,0.00,0.00,0.00,0.00,0.00,0.00,0.00,0.00,Matches,091795f2
117,Ante Ćorić,hr CRO,MF,Roma,21,1997,2,0,24,0.3,0,0,0,0,0,0,0,0,0.0,0.0,0.0,0.0,1,2,1,0.00,0.00,0.00,0.00,0.00,0.08,0.00,0.08,0.08,0.08,Matches,2d3f7367
118,Joaquín Correa,ar ARG,FWMF,Lazio,23,1994,34,18,1927,21.4,5,6,11,5,0,0,5,0,8.0,8.0,6.6,14.6,128,99,198,0.23,0.28,0.51,0.23,0.51,0.37,0.31,0.68,0.37,0.68,Matches,45b9b619
119,Douglas Costa,br BRA,FWMF,Juventus,27,1990,17,7,621,6.9,1,0,1,1,0,0,2,1,0.7,0.7,2.4,3.1,47,31,83,0.14,0.00,0.14,0.14,0.14,0.11,0.34,0.45,0.11,0.45,Matches,4fa7cb9b
120,Filippo Costa,it ITA,DFFW,SPAL,23,1995,9,6,564,6.3,0,0,0,0,0,0,0,0,0.3,0.3,0.4,0.7,16,19,18,0.00,0.00,0.00,0.00,0.00,0.05,0.07,0.12,0.05,0.12,Matches,00528660
121,Alessio Cragno,it ITA,GK,Cagliari,24,1994,38,38,3420,38.0,0,0,0,0,0,0,1,0,0.0,0.0,0.0,0.0,0,0,0,0.00,0.00,0.00,0.00,0.00,0.00,0.00,0.00,0.00,0.00,Matches,f554e29b
122,Domenico Criscito,it ITA,DF,Genoa,31,1986,35,35,3070,34.1,2,4,6,1,1,1,12,1,1.8,1.1,4.8,5.9,72,181,67,0.06,0.12,0.18,0.03,0.15,0.05,0.14,0.20,0.03,0.17,Matches,35dd6d80
123,Lorenzo Crisetig,it ITA,MF,Frosinone,25,1993,8,5,507,5.6,0,0,0,0,0,0,3,0,0.0,0.0,0.1,0.1,7,11,0,0.00,0.00,0.00,0.00,0.00,0.00,0.01,0.01,0.00,0.01,Matches,f54dfca8
124,Bryan Cristante,it ITA,MF,Roma,23,1995,35,26,2425,26.9,4,3,7,4,0,0,10,0,3.8,3.8,2.4,6.2,39,182,47,0.15,0.11,0.26,0.15,0.26,0.14,0.09,0.23,0.14,0.23,Matches,16657b95
125,Alessio da Cruz,cv CPV,FWMF,Parma,21,1997,3,1,144,1.6,0,0,0,0,0,0,0,0,0.1,0.1,0.0,0.1,1,2,5,0.00,0.00,0.00,0.00,0.00,0.03,0.00,0.03,0.03,0.03,Matches,b6667741
126,Juan Cuadrado,co COL,MFDF,Juventus,30,1988,18,14,1220,13.6,1,2,3,1,0,0,4,0,1.6,1.6,2.0,3.5,55,86,109,0.07,0.15,0.22,0.07,0.22,0.11,0.15,0.26,0.11,0.26,Matches,0ab1f153
127,Patrick Cutrone,it ITA,FW,Milan,20,1998,34,12,1457,16.2,3,2,5,3,0,0,2,0,3.0,3.0,1.6,4.5,26,13,142,0.19,0.12,0.31,0.19,0.31,0.18,0.10,0.28,0.18,0.28,Matches,a4fe8cda
128,Marco D'Alessandro,it ITA,DF,Udinese,27,1991,24,16,1495,16.6,0,2,2,0,0,0,3,0,1.1,1.0,1.6,2.6,74,54,78,0.00,0.12,0.12,0.00,0.12,0.06,0.10,0.16,0.06,0.16,Matches,060606ec
129,Danilo D'Ambrosio,it ITA,DF,Inter,29,1988,30,29,2579,28.7,2,5,7,2,0,0,6,0,2.6,2.6,5.0,7.6,57,154,148,0.07,0.17,0.24,0.07,0.24,0.09,0.17,0.26,0.09,0.26,Matches,44eb9093
130,Bryan Dabo,bf BFA,MFDF,Fiorentina,26,1992,23,6,831,9.2,1,1,2,1,0,0,4,0,1.0,1.0,0.6,1.6,28,49,36,0.11,0.11,0.22,0.11,0.22,0.10,0.07,0.17,0.10,0.17,Matches,c53083ad
131,Felipe dal Belo,br BRA,DF,SPAL,34,1984,30,27,2361,26.2,3,2,5,3,0,0,13,0,2.6,2.6,1.1,3.7,15,67,6,0.11,0.08,0.19,0.11,0.19,0.10,0.04,0.14,0.10,0.14,Matches,8cea6319
132,Nicola Dalmonte,it ITA,FWMF,Genoa,20,1997,3,0,44,0.5,0,0,0,0,0,0,0,0,0.2,0.2,0.1,0.2,2,0,4,0.00,0.00,0.00,0.00,0.00,0.33,0.11,0.43,0.33,0.43,Matches,59a3efba
133,Vitalie Damașcan,md MDA,MF,Torino,19,1999,1,0,4,0.0,0,0,0,0,0,0,0,0,0.0,0.0,0.0,0.0,0,0,0,0.00,0.00,0.00,0.00,0.00,0.00,0.00,0.00,0.00,0.00,Matches,54e0c0cc
134,Sebastien De Maio,fr FRA,DF,Udinese,31,1987,16,13,1173,13.0,1,0,1,1,0,0,1,1,0.9,0.9,0.1,1.0,9,20,3,0.08,0.00,0.08,0.08,0.08,0.07,0.01,0.08,0.07,0.08,Matches,952a03fe
135,Sebastien De Maio,fr FRA,DF,Bologna,31,1987,6,6,491,5.5,0,1,1,0,0,0,3,0,0.2,0.2,0.0,0.3,10,17,1,0.00,0.18,0.18,0.00,0.18,0.05,0.01,0.05,0.05,0.05,Matches,952a03fe
136,Rodrigo De Paul,ar ARG,MFFW,Udinese,24,1994,36,36,3189,35.4,9,9,18,6,3,6,7,0,9.7,5.0,8.1,13.1,186,247,132,0.25,0.25,0.51,0.17,0.42,0.27,0.23,0.50,0.14,0.37,Matches,162efffd
137,Daniele De Rossi,it ITA,MF,Roma,35,1983,18,15,1270,14.1,1,1,2,1,0,0,3,0,1.5,1.5,1.3,2.8,16,115,9,0.07,0.07,0.14,0.07,0.14,0.11,0.10,0.20,0.11,0.20,Matches,532d2690
138,Mattia De Sciglio,it ITA,DF,Juventus,25,1992,22,19,1743,19.4,0,1,1,0,0,0,2,0,0.3,0.3,1.1,1.4,40,86,91,0.00,0.05,0.05,0.00,0.05,0.01,0.06,0.07,0.01,0.07,Matches,ae4e2852
139,Lorenzo De Silvestri,it ITA,DF,Torino,30,1988,32,30,2415,26.8,2,4,6,2,0,0,3,0,2.8,2.8,2.7,5.6,59,102,139,0.07,0.15,0.22,0.07,0.22,0.11,0.10,0.21,0.11,0.21,Matches,e74f0e59
140,Grégoire Defrel,mq MTQ,FWMF,Sampdoria,27,1991,36,26,2339,26.0,11,3,14,11,0,0,2,0,8.1,8.1,2.6,10.7,44,51,246,0.42,0.12,0.54,0.42,0.54,0.31,0.10,0.41,0.31,0.41,Matches,854ee61a
141,Alessandro Deiola,it ITA,MF,Cagliari,22,1995,10,5,450,5.0,0,0,0,0,0,0,2,0,0.8,0.8,0.0,0.8,6,11,19,0.00,0.00,0.00,0.00,0.00,0.16,0.01,0.17,0.16,0.17,Matches,7f267d66
142,Alessandro Deiola,it ITA,MFFW,Parma,22,1995,10,5,545,6.1,0,1,1,0,0,0,3,0,0.2,0.2,0.3,0.5,7,10,20,0.00,0.17,0.17,0.00,0.17,0.04,0.05,0.09,0.04,0.09,Matches,7f267d66
143,Cristian Dell'Orco,it ITA,DF,Empoli,24,1994,12,12,1035,11.5,1,0,1,1,0,0,1,0,0.8,0.8,0.5,1.3,10,39,7,0.09,0.00,0.09,0.09,0.09,0.07,0.04,0.11,0.07,0.11,Matches,b0243215
144,Cristian Dell'Orco,it ITA,DF,Sassuolo,24,1994,3,1,110,1.2,0,1,1,0,0,0,0,0,0.1,0.1,0.3,0.3,4,6,8,0.00,0.82,0.82,0.00,0.82,0.05,0.22,0.27,0.05,0.27,Matches,b0243215
145,Merih Demiral,tr TUR,DF,Sassuolo,20,1998,14,14,1260,14.0,2,0,2,2,0,0,3,0,0.8,0.8,0.2,1.0,3,53,3,0.14,0.00,0.14,0.14,0.14,0.05,0.02,0.07,0.05,0.07,Matches,e3cceee6
146,Fabio Depaoli,it ITA,DF,Chievo,21,1997,33,27,2468,27.4,0,4,4,0,0,0,12,2,1.5,1.5,3.7,5.3,63,97,110,0.00,0.15,0.15,0.00,0.15,0.06,0.14,0.19,0.06,0.19,Matches,d97f2e8d
147,Kiril Despodov,bg BUL,FWMF,Cagliari,21,1996,4,0,105,1.2,0,0,0,0,0,0,0,0,0.0,0.0,0.0,0.0,2,0,8,0.00,0.00,0.00,0.00,0.00,0.00,0.00,0.00,0.00,0.00,Matches,13c8e5f6
148,Daniele Dessena,it ITA,MF,Cagliari,31,1987,11,3,352,3.9,0,0,0,0,0,0,3,0,0.5,0.5,0.1,0.5,7,14,11,0.00,0.00,0.00,0.00,0.00,0.12,0.01,0.13,0.12,0.13,Matches,02b2937c
149,Mattia Destro,it ITA,FW,Bologna,27,1991,17,5,493,5.5,4,1,5,4,0,0,3,0,2.4,2.4,0.6,3.0,5,5,27,0.73,0.18,0.91,0.73,0.91,0.43,0.12,0.55,0.43,0.55,Matches,d7d32194
150,Jacopo Dezi,it ITA,MF,Parma,26,1992,1,1,90,1.0,0,0,0,0,0,0,0,0,0.1,0.1,0.0,0.1,0,6,3,0.00,0.00,0.00,0.00,0.00,0.07,0.00,0.07,0.07,0.07,Matches,e921b9db
151,Federico Di Francesco,it ITA,FWMF,Sassuolo,24,1994,19,14,1074,11.9,2,2,4,2,0,0,2,0,3.2,3.2,1.1,4.4,38,29,106,0.17,0.17,0.34,0.17,0.34,0.27,0.09,0.37,0.27,0.37,Matches,1fca9171
152,Antonio Di Gaudio,it ITA,FW,Parma,28,1989,12,9,699,7.8,0,1,1,0,0,0,0,0,1.4,1.4,0.3,1.7,26,8,45,0.00,0.13,0.13,0.00,0.13,0.18,0.04,0.21,0.18,0.21,Matches,434b8c73
153,Giovanni Di Lorenzo,it ITA,DFFW,Empoli,24,1993,37,37,3330,37.0,5,3,8,5,0,0,8,0,3.6,3.3,5.3,8.6,83,241,219,0.14,0.08,0.22,0.14,0.22,0.10,0.14,0.24,0.09,0.23,Matches,230a2fac
154,Amadou Diawara,gn GUI,MF,Napoli,21,1997,13,8,661,7.3,0,0,0,0,0,0,4,0,0.4,0.4,0.2,0.6,3,40,6,0.00,0.00,0.00,0.00,0.00,0.06,0.02,0.08,0.06,0.08,Matches,bf309d24
155,Lorenzo Dickmann,it ITA,DFMF,SPAL,21,1996,6,2,175,1.9,0,0,0,0,0,0,1,0,0.1,0.1,0.0,0.1,0,2,3,0.00,0.00,0.00,0.00,0.00,0.06,0.00,0.06,0.06,0.06,Matches,12851227
156,Mitchell Dijks,nl NED,DF,Bologna,25,1993,25,23,2023,22.5,1,0,1,1,0,0,5,1,0.4,0.4,1.0,1.4,96,98,90,0.04,0.00,0.04,0.04,0.04,0.02,0.04,0.06,0.02,0.06,Matches,0a3065c8
157,Federico Dimarco,it ITA,DFMF,Parma,20,1997,13,10,892,9.9,1,0,1,1,0,0,4,0,0.5,0.5,1.1,1.5,21,38,33,0.10,0.00,0.10,0.10,0.10,0.05,0.11,0.15,0.05,0.15,Matches,970b8574
158,Federico Dionisi,it ITA,FWMF,Frosinone,31,1987,9,1,204,2.3,1,0,1,1,0,0,2,0,1.0,1.0,0.7,1.7,2,9,22,0.44,0.00,0.44,0.44,0.44,0.43,0.31,0.73,0.43,0.73,Matches,a74d2999
159,Assane Dioussé,sn SEN,MF,Chievo,20,1997,14,9,892,9.9,0,0,0,0,0,0,5,0,0.2,0.2,0.2,0.4,6,45,8,0.00,0.00,0.00,0.00,0.00,0.02,0.02,0.04,0.02,0.04,Matches,7f622eef
160,Koffi Djidji,ci CIV,DF,Torino,25,1992,17,16,1387,15.4,0,0,0,0,0,0,2,0,0.1,0.1,0.0,0.1,8,44,1,0.00,0.00,0.00,0.00,0.00,0.00,0.00,0.00,0.00,0.00,Matches,933d3b51
161,Berat Djimsiti,al ALB,DF,Atalanta,25,1993,24,20,1807,20.1,1,2,3,1,0,0,3,0,1.0,1.0,2.0,3.0,5,37,2,0.05,0.10,0.15,0.05,0.15,0.05,0.10,0.15,0.05,0.15,Matches,6eee05f1
162,Johan Djourou,ch SUI,DF,SPAL,31,1987,5,3,279,3.1,0,0,0,0,0,0,0,0,0.5,0.5,0.0,0.5,1,1,0,0.00,0.00,0.00,0.00,0.00,0.16,0.00,0.16,0.16,0.16,Matches,b8673e18
163,Gianluigi Donnarumma,it ITA,GK,Milan,19,1999,36,36,3090,34.3,0,0,0,0,0,0,4,0,0.0,0.0,0.0,0.0,0,0,0,0.00,0.00,0.00,0.00,0.00,0.00,0.00,0.00,0.00,0.00,Matches,08f5afaa
164,Godfred Donsah,gh GHA,MF,Bologna,22,1996,6,1,153,1.7,0,0,0,0,0,0,0,0,0.1,0.1,0.0,0.1,4,10,3,0.00,0.00,0.00,0.00,0.00,0.04,0.01,0.05,0.04,0.05,Matches,384dd218
165,Riccardo Doratiotto,it ITA,FW,Cagliari,19,1999,1,1,78,0.9,0,0,0,0,0,0,0,0,0.0,0.0,0.0,0.0,1,1,3,0.00,0.00,0.00,0.00,0.00,0.00,0.00,0.00,0.00,0.00,Matches,c1bcb2df
166,Bartłomiej Drągowski,pl POL,GK,Fiorentina,20,1997,3,2,225,2.5,0,0,0,0,0,0,0,0,0.0,0.0,0.0,0.0,0,0,0,0.00,0.00,0.00,0.00,0.00,0.00,0.00,0.00,0.00,0.00,Matches,085e71a7
167,Bartłomiej Drągowski,pl POL,GK,Empoli,20,1997,14,14,1260,14.0,0,0,0,0,0,0,2,0,0.0,0.0,0.0,0.0,0,0,0,0.00,0.00,0.00,0.00,0.00,0.00,0.00,0.00,0.00,0.00,Matches,085e71a7
168,Alfred Duncan,gh GHA,MF,Sassuolo,25,1993,26,21,1848,20.5,4,4,8,4,0,0,7,1,1.1,1.1,2.8,3.9,45,109,59,0.19,0.19,0.39,0.19,0.39,0.05,0.14,0.19,0.05,0.19,Matches,528492ea
169,Riza Durmisi,dk DEN,DF,Lazio,24,1994,10,2,326,3.6,0,1,1,0,0,0,4,0,0.1,0.1,0.8,1.0,16,12,25,0.00,0.28,0.28,0.00,0.28,0.04,0.23,0.27,0.04,0.27,Matches,e5cd9da6
170,Paulo Dybala,ar ARG,FWMF,Juventus,24,1993,30,24,2137,23.7,5,4,9,4,1,1,2,0,5.0,4.2,3.8,8.0,69,143,154,0.21,0.17,0.38,0.17,0.34,0.21,0.16,0.37,0.18,0.34,Matches,e0921a4f
171,Edin Džeko,ba BIH,FW,Roma,32,1986,33,28,2579,28.7,9,6,15,9,0,0,9,0,14.5,14.5,4.2,18.6,64,94,246,0.31,0.21,0.52,0.31,0.52,0.50,0.15,0.65,0.50,0.65,Matches,3bb7f478
172,Blerim Džemaili,ch SUI,MF,Bologna,32,1986,28,20,1750,19.4,1,1,2,1,0,0,4,0,1.8,1.8,1.3,3.2,55,105,69,0.05,0.05,0.10,0.05,0.10,0.09,0.07,0.16,0.09,0.16,Matches,756959aa
173,Simone Edera,it ITA,MF,Torino,21,1997,3,1,77,0.9,0,0,0,0,0,0,0,0,0.1,0.1,0.1,0.2,3,1,4,0.00,0.00,0.00,0.00,0.00,0.06,0.14,0.21,0.06,0.21,Matches,8697c095
174,Simone Edera,it ITA,FW,Bologna,21,1997,4,3,196,2.2,0,0,0,0,0,0,1,0,0.7,0.7,0.2,0.9,5,2,11,0.00,0.00,0.00,0.00,0.00,0.32,0.09,0.41,0.32,0.41,Matches,8697c095
175,Albin Ekdal,se SWE,MF,Sampdoria,29,1989,32,30,2646,29.4,0,0,0,0,0,0,6,0,0.9,0.9,1.0,1.9,39,129,25,0.00,0.00,0.00,0.00,0.00,0.03,0.03,0.07,0.03,0.07,Matches,f503ea63
176,Valentin Eysseric,fr FRA,FWMF,Fiorentina,26,1992,8,4,358,4.0,0,1,1,0,0,0,1,0,0.2,0.2,1.1,1.2,8,19,35,0.00,0.25,0.25,0.00,0.25,0.04,0.27,0.31,0.04,0.31,Matches,ae82fa48
177,Diego Falcinelli,it ITA,FW,Bologna,27,1991,16,8,703,7.8,0,1,1,0,0,0,0,0,1.3,1.3,0.5,1.9,8,11,55,0.00,0.13,0.13,0.00,0.13,0.17,0.07,0.24,0.17,0.24,Matches,a39b9ef6
178,Iago Falque,es ESP,FWMF,Torino,28,1990,26,19,1612,17.9,6,4,10,6,0,0,1,0,5.3,5.3,3.4,8.8,76,88,168,0.33,0.22,0.56,0.33,0.56,0.30,0.19,0.49,0.30,0.49,Matches,440c84ed
179,Paolo Faragò,it ITA,MFDF,Cagliari,25,1993,26,17,1703,18.9,1,1,2,1,0,0,8,1,2.0,2.0,2.0,4.0,37,61,105,0.05,0.05,0.11,0.05,0.11,0.11,0.11,0.21,0.11,0.21,Matches,9085dd7c
180,Mohamed Fares,dz ALG,DF,SPAL,22,1996,35,32,2949,32.8,3,0,3,3,0,0,12,0,2.9,2.9,2.6,5.5,101,96,171,0.09,0.00,0.09,0.09,0.09,0.09,0.08,0.17,0.09,0.17,Matches,b7a5bc86
181,Diego Farias,br BRA,FW,Empoli,28,1990,16,16,1193,13.3,4,4,8,4,0,0,1,0,4.9,4.9,3.2,8.1,50,37,107,0.30,0.30,0.60,0.30,0.60,0.37,0.24,0.61,0.37,0.61,Matches,157d29b6
182,Diego Farias,br BRA,FW,Cagliari,28,1990,16,7,700,7.8,3,0,3,3,0,0,3,0,2.6,2.6,0.3,2.9,19,20,67,0.39,0.00,0.39,0.39,0.39,0.34,0.04,0.37,0.34,0.37,Matches,157d29b6
183,Andrea Favilli,it ITA,FWDF,Genoa,21,1997,6,0,170,1.9,0,2,2,0,0,0,0,0,0.3,0.3,0.7,1.0,7,3,21,0.00,1.06,1.06,0.00,1.06,0.15,0.38,0.53,0.15,0.53,Matches,44510fde
184,Federico Fazio,ar ARG,DF,Roma,31,1987,34,31,2806,31.2,5,0,5,5,0,0,6,0,2.5,2.5,0.3,2.8,19,100,5,0.16,0.00,0.16,0.16,0.16,0.08,0.01,0.09,0.08,0.09,Matches,4e358a2d
185,Luiz Felipe,it ITA,DF,Lazio,21,1997,17,15,1289,14.3,1,1,2,1,0,0,4,0,0.6,0.6,0.4,1.0,12,43,7,0.07,0.07,0.14,0.07,0.14,0.04,0.03,0.07,0.04,0.07,Matches,15d0c248
186,Edimilson Fernandes,ch SUI,MF,Fiorentina,22,1996,29,23,1970,21.9,2,0,2,2,0,0,9,1,1.2,1.2,1.3,2.5,35,100,51,0.09,0.00,0.09,0.09,0.09,0.06,0.06,0.12,0.05,0.11,Matches,3bb625ac
187,Alex Ferrari,it ITA,DF,Sampdoria,24,1994,6,6,540,6.0,0,0,0,0,0,0,2,0,0.0,0.0,0.0,0.0,0,13,3,0.00,0.00,0.00,0.00,0.00,0.00,0.00,0.00,0.00,0.00,Matches,d0dbca9f
188,Sergio Floccari,it ITA,FW,SPAL,36,1981,20,11,976,10.8,3,1,4,3,0,0,3,0,2.2,2.2,0.3,2.5,14,18,62,0.28,0.09,0.37,0.28,0.37,0.20,0.03,0.23,0.20,0.23,Matches,df301450
189,Alessandro Florenzi,it ITA,DFFW,Roma,27,1991,29,24,2180,24.2,3,2,5,3,0,0,5,1,2.2,2.2,4.4,6.6,66,154,101,0.12,0.08,0.21,0.12,0.21,0.09,0.18,0.27,0.09,0.27,Matches,e288d4b3
190,Seko Fofana,ci CIV,MF,Udinese,23,1995,31,31,2639,29.3,2,4,6,2,0,0,5,0,3.1,3.1,3.3,6.4,67,62,116,0.07,0.14,0.20,0.07,0.20,0.11,0.11,0.22,0.11,0.22,Matches,5313ed43
191,Pierluigi Frattali,it ITA,GK,Parma,32,1985,1,1,90,1.0,0,0,0,0,0,0,0,0,0.0,0.0,0.0,0.0,0,0,0,0.00,0.00,0.00,0.00,0.00,0.00,0.00,0.00,0.00,0.00,Matches,71dac2c2
192,Remo Freuler,ch SUI,MF,Atalanta,26,1992,35,35,3022,33.6,2,6,8,2,0,0,4,0,3.2,3.2,3.9,7.2,100,276,77,0.06,0.18,0.24,0.06,0.24,0.10,0.12,0.21,0.10,0.21,Matches,98d2c2c4
193,Nicolas Frey,fr FRA,DF,Chievo,34,1984,5,3,227,2.5,0,0,0,0,0,0,0,0,0.0,0.0,0.0,0.0,1,7,1,0.00,0.00,0.00,0.00,0.00,0.00,0.01,0.01,0.00,0.01,Matches,6378443d
194,Manolo Gabbiadini,it ITA,FW,Sampdoria,26,1991,18,8,812,9.0,4,2,6,4,0,0,5,0,2.0,2.0,1.2,3.2,17,23,70,0.44,0.22,0.67,0.44,0.67,0.23,0.13,0.36,0.23,0.36,Matches,8f866fe8
195,Gianluca Gaetano,it ITA,MFFW,Napoli,18,2000,2,0,8,0.1,0,0,0,0,0,0,0,0,0.0,0.0,0.1,0.1,1,0,3,0.00,0.00,0.00,0.00,0.00,0.32,0.78,1.11,0.32,1.11,Matches,3b387cc7
196,Roberto Gagliardini,it ITA,MF,Inter,24,1994,19,13,1087,12.1,5,0,5,5,0,0,4,0,2.9,2.9,0.9,3.8,32,95,42,0.41,0.00,0.41,0.41,0.41,0.24,0.07,0.32,0.24,0.32,Matches,ce30bfc8
197,Riccardo Gagliolo,se SWE,DF,Parma,28,1990,34,34,3045,33.8,0,2,2,0,0,0,7,0,1.4,1.4,2.4,3.8,16,109,27,0.00,0.06,0.06,0.00,0.06,0.04,0.07,0.11,0.04,0.11,Matches,173061c0
198,Marcello Gazzola,it ITA,DFMF,Parma,33,1985,20,9,921,10.2,1,0,1,1,0,0,3,0,1.0,1.0,0.5,1.4,13,30,36,0.10,0.00,0.10,0.10,0.10,0.09,0.05,0.14,0.09,0.14,Matches,93390969
199,Gerson,br BRA,MFFW,Fiorentina,21,1997,36,27,2426,27.0,3,3,6,3,0,0,9,0,2.8,2.8,2.7,5.5,82,150,104,0.11,0.11,0.22,0.11,0.22,0.10,0.10,0.21,0.10,0.21,Matches,8827bf46
200,Gervinho,ci CIV,FW,Parma,31,1987,30,27,2304,25.6,11,2,13,11,0,0,3,0,7.4,7.4,3.7,11.1,107,53,126,0.43,0.08,0.51,0.43,0.51,0.29,0.15,0.43,0.29,0.43,Matches,e468c053
201,Paolo Ghiglione,it ITA,DF,Frosinone,21,1997,9,6,514,5.7,1,0,1,1,0,0,4,0,0.5,0.5,0.6,1.0,11,10,39,0.18,0.00,0.18,0.18,0.18,0.08,0.10,0.18,0.08,0.18,Matches,71dc23da
202,Faouzi Ghoulam,dz ALG,DF,Napoli,27,1991,16,12,1154,12.8,1,3,4,1,0,0,2,0,1.0,1.0,3.3,4.4,37,68,138,0.08,0.23,0.31,0.08,0.31,0.08,0.26,0.34,0.08,0.34,Matches,c5adc293
203,Emanuele Giaccherini,it ITA,MFFW,Chievo,33,1985,26,22,2009,22.3,3,1,4,2,1,2,8,0,3.0,1.4,3.6,5.0,76,106,193,0.13,0.04,0.18,0.09,0.13,0.14,0.16,0.30,0.06,0.22,Matches,1c50f354
204,Massimo Gobbi,it ITA,DF,Parma,37,1980,16,13,1183,13.1,0,1,1,0,0,0,3,0,0.2,0.2,0.4,0.5,27,60,27,0.00,0.08,0.08,0.00,0.08,0.01,0.03,0.04,0.01,0.04,Matches,635b0bae
205,Edoardo Goldaniga,it ITA,DF,Frosinone,24,1993,29,29,2610,29.0,1,1,2,1,0,0,6,0,2.0,2.0,0.8,2.8,19,87,21,0.03,0.03,0.07,0.03,0.07,0.07,0.03,0.10,0.07,0.10,Matches,4b029b31
206,Pierluigi Gollini,it ITA,GK,Atalanta,23,1995,20,20,1799,20.0,0,0,0,0,0,0,1,0,0.0,0.0,0.0,0.0,0,0,0,0.00,0.00,0.00,0.00,0.00,0.00,0.00,0.00,0.00,0.00,Matches,f0f7f62f
207,Papu Gómez,ar ARG,MFFW,Atalanta,30,1988,35,34,2899,32.2,7,11,18,7,0,0,5,0,8.4,8.4,12.8,21.3,239,238,264,0.22,0.34,0.56,0.22,0.56,0.26,0.40,0.66,0.26,0.66,Matches,6e4df551
208,Alfred Gomis,sn SEN,GK,SPAL,24,1993,20,19,1724,19.2,0,0,0,0,0,0,0,0,0.0,0.0,0.0,0.0,0,0,0,0.00,0.00,0.00,0.00,0.00,0.00,0.00,0.00,0.00,0.00,Matches,cecbce23
209,Giancarlo González,cr CRC,DF,Bologna,30,1988,12,8,746,8.3,0,1,1,0,0,0,2,0,0.2,0.2,0.7,0.9,6,25,2,0.00,0.12,0.12,0.00,0.12,0.02,0.08,0.11,0.02,0.11,Matches,117beb8f
210,Mirko Gori,it ITA,MF,Frosinone,25,1993,10,2,329,3.7,0,0,0,0,0,0,3,0,0.4,0.4,0.1,0.5,7,15,9,0.00,0.00,0.00,0.00,0.00,0.11,0.03,0.14,0.11,0.14,Matches,7d86864c
211,Robin Gosens,de GER,DFMF,Atalanta,24,1994,28,23,1942,21.6,3,2,5,3,0,0,2,0,2.1,2.1,2.7,4.9,96,133,153,0.14,0.09,0.23,0.14,0.23,0.10,0.13,0.22,0.10,0.22,Matches,2d970560
212,Paolo Gozzi Iweru,it ITA,DF,Juventus,17,2001,1,1,90,1.0,0,0,0,0,0,0,0,0,0.0,0.0,0.0,0.0,5,5,0,0.00,0.00,0.00,0.00,0.00,0.00,0.00,0.00,0.00,0.00,Matches,94230890
213,Alberto Grassi,it ITA,MF,Parma,23,1995,7,5,462,5.1,0,0,0,0,0,0,0,0,0.9,0.9,0.1,1.0,2,7,10,0.00,0.00,0.00,0.00,0.00,0.18,0.02,0.20,0.18,0.20,Matches,6cc97b6a
214,Sergej Grubac,me MNE,FW,Chievo,18,2000,3,2,157,1.7,0,0,0,0,0,0,1,0,0.1,0.1,0.1,0.2,1,0,6,0.00,0.00,0.00,0.00,0.00,0.09,0.03,0.12,0.09,0.12,Matches,a1bedc05
215,Guido Guerrieri,it ITA,GK,Lazio,22,1996,1,1,90,1.0,0,0,0,0,0,0,0,0,0.0,0.0,0.0,0.0,0,2,0,0.00,0.00,0.00,0.00,0.00,0.00,0.00,0.00,0.00,0.00,Matches,77e401c7
216,Koray Günter,de GER,DF,Genoa,23,1994,14,8,835,9.3,0,0,0,0,0,0,1,0,0.4,0.4,0.5,0.9,3,20,2,0.00,0.00,0.00,0.00,0.00,0.04,0.05,0.09,0.04,0.09,Matches,f1f1f238
217,Emil Hallfreðsson,is ISL,MF,Udinese,34,1984,3,1,137,1.5,1,0,1,1,0,0,0,0,0.0,0.0,0.0,0.0,1,5,1,0.66,0.00,0.66,0.66,0.66,0.01,0.01,0.03,0.01,0.03,Matches,86015b20
218,Emil Hallfreðsson,is ISL,MF,Frosinone,34,1984,6,5,392,4.4,0,0,0,0,0,0,2,0,0.0,0.0,0.1,0.1,2,16,7,0.00,0.00,0.00,0.00,0.00,0.01,0.02,0.03,0.01,0.03,Matches,86015b20
219,Marek Hamšík,sk SVK,MF,Napoli,31,1987,13,12,916,10.2,0,0,0,0,0,0,1,0,0.5,0.5,0.5,1.0,22,86,28,0.00,0.00,0.00,0.00,0.00,0.05,0.05,0.10,0.05,0.10,Matches,e6ad16b2
220,Dávid Hancko,sk SVK,DF,Fiorentina,20,1997,5,3,282,3.1,0,0,0,0,0,0,0,0,0.2,0.2,0.1,0.3,3,9,10,0.00,0.00,0.00,0.00,0.00,0.06,0.05,0.10,0.06,0.10,Matches,4fac8f81
221,Samir Handanović,si SVN,GK,Inter,34,1984,38,38,3420,38.0,0,0,0,0,0,0,0,0,0.0,0.0,0.0,0.0,0,0,0,0.00,0.00,0.00,0.00,0.00,0.00,0.00,0.00,0.00,0.00,Matches,74419746
222,Hans Hateboer,nl NED,DF,Atalanta,24,1994,35,33,2973,33.0,5,5,10,5,0,0,5,0,5.2,5.2,5.0,10.1,100,136,243,0.15,0.15,0.30,0.15,0.30,0.16,0.15,0.31,0.16,0.31,Matches,3b333ac3
223,Filip Helander,se SWE,DF,Bologna,25,1993,20,19,1713,19.0,0,0,0,0,0,0,6,0,0.7,0.7,0.2,0.9,10,55,4,0.00,0.00,0.00,0.00,0.00,0.04,0.01,0.05,0.04,0.05,Matches,27f0ddef
224,Dalbert Henrique,br BRA,DF,Inter,24,1993,11,9,778,8.6,0,1,1,0,0,0,2,0,0.2,0.2,1.1,1.3,23,30,43,0.00,0.12,0.12,0.00,0.12,0.02,0.12,0.15,0.02,0.15,Matches,f45f9427
225,Përparim Hetemaj,fi FIN,MF,Chievo,31,1986,30,25,2156,24.0,2,0,2,2,0,0,9,0,0.5,0.5,1.1,1.6,40,93,73,0.08,0.00,0.08,0.08,0.08,0.02,0.05,0.07,0.02,0.07,Matches,90b70194
226,Gonzalo Higuaín,ar ARG,FW,Milan,30,1987,15,15,1277,14.2,6,1,7,6,0,1,3,1,6.6,5.8,1.7,7.5,25,34,81,0.42,0.07,0.49,0.42,0.49,0.47,0.12,0.59,0.41,0.53,Matches,8a08491a
227,Oscar Hiljemark,se SWE,MF,Genoa,26,1992,17,15,1196,13.3,1,0,1,1,0,0,0,0,1.0,1.0,0.6,1.6,15,49,41,0.08,0.00,0.08,0.08,0.08,0.07,0.05,0.12,0.07,0.12,Matches,98e958af
228,Vitor Hugo,br BRA,DF,Fiorentina,27,1991,30,27,2470,27.4,0,2,2,0,0,0,7,1,1.2,1.2,1.4,2.6,11,95,2,0.00,0.07,0.07,0.00,0.07,0.05,0.05,0.10,0.05,0.10,Matches,f2c1300a
229,Elseid Hysaj,al ALB,DF,Napoli,24,1994,27,24,2107,23.4,0,2,2,0,0,0,4,0,0.6,0.6,0.6,1.2,67,123,98,0.00,0.09,0.09,0.00,0.09,0.02,0.03,0.05,0.02,0.05,Matches,2f3452eb
230,Simone Iacoponi,it ITA,DF,Parma,31,1987,38,38,3346,37.2,0,0,0,0,0,0,4,0,0.7,0.7,0.7,1.4,14,89,44,0.00,0.00,0.00,0.00,0.00,0.02,0.02,0.04,0.02,0.04,Matches,63071a3f
231,Roger Ibanez,br BRA,DFFW,Atalanta,19,1998,1,0,2,0.0,0,0,0,0,0,0,0,0,0.0,0.0,0.0,0.0,0,1,0,0.00,0.00,0.00,0.00,0.00,0.00,0.00,0.00,0.00,0.00,Matches,82efe6fa
232,Mauro Icardi,ar ARG,FW,Inter,25,1993,29,24,2267,25.2,11,4,15,6,5,6,0,0,15.2,10.5,3.3,13.8,19,40,137,0.44,0.16,0.60,0.24,0.40,0.60,0.13,0.74,0.42,0.55,Matches,43b78598
233,Salvador Ichazo,uy URU,GK,Torino,26,1992,3,2,251,2.8,0,0,0,0,0,0,0,0,0.0,0.0,0.0,0.0,0,0,0,0.00,0.00,0.00,0.00,0.00,0.00,0.00,0.00,0.00,0.00,Matches,514f0896
234,Josip Iličić,si SVN,FWMF,Atalanta,30,1988,31,23,2145,23.8,12,7,19,12,0,1,5,1,10.6,9.9,7.5,17.4,155,181,286,0.50,0.29,0.80,0.50,0.80,0.45,0.32,0.76,0.41,0.73,Matches,68252d6d
235,Ciro Immobile,it ITA,FW,Lazio,28,1990,36,31,2859,31.8,15,6,21,11,4,4,6,0,15.9,12.7,6.0,18.7,103,74,335,0.47,0.19,0.66,0.35,0.54,0.50,0.19,0.69,0.40,0.59,Matches,4431aed2
236,Svante Ingelsson,se SWE,DFMF,Udinese,20,1998,3,1,97,1.1,0,0,0,0,0,0,0,0,0.1,0.1,0.0,0.1,1,1,8,0.00,0.00,0.00,0.00,0.00,0.05,0.00,0.05,0.05,0.05,Matches,4133cfcf
237,Roberto Inglese,it ITA,FW,Parma,26,1991,25,23,1965,21.8,9,0,9,7,2,2,3,0,8.2,6.7,1.5,8.1,29,24,99,0.41,0.00,0.41,0.32,0.32,0.38,0.07,0.44,0.30,0.37,Matches,6c1f7328
238,Lorenzo Insigne,it ITA,FWMF,Napoli,27,1991,28,24,2073,23.0,10,6,16,9,1,2,6,1,9.9,8.3,4.7,13.0,76,133,258,0.43,0.26,0.69,0.39,0.65,0.43,0.20,0.63,0.36,0.56,Matches,2f557579
239,Artur Ioniță,md MDA,MF,Cagliari,27,1990,37,34,2968,33.0,3,2,5,3,0,0,4,1,3.7,3.7,1.3,5.0,42,67,80,0.09,0.06,0.15,0.09,0.15,0.11,0.04,0.15,0.11,0.15,Matches,cedb3e36
240,Armando Izzo,it ITA,DF,Torino,26,1992,37,37,3271,36.3,4,1,5,4,0,0,6,0,2.9,2.9,1.1,4.0,55,165,26,0.11,0.03,0.14,0.11,0.14,0.08,0.03,0.11,0.08,0.11,Matches,89976232
241,Jandrei,br BRA,GK,Genoa,25,1993,1,1,90,1.0,0,0,0,0,0,0,0,0,0.0,0.0,0.0,0.0,0,0,0,0.00,0.00,0.00,0.00,0.00,0.00,0.00,0.00,0.00,0.00,Matches,85ea4399
242,Marko Janković,me MNE,DFMF,SPAL,23,1995,4,0,54,0.6,0,0,0,0,0,0,1,0,0.1,0.1,0.1,0.2,2,2,0,0.00,0.00,0.00,0.00,0.00,0.14,0.17,0.31,0.14,0.31,Matches,9866afec
243,Jakub Jankto,cz CZE,MF,Sampdoria,22,1996,25,7,963,10.7,0,0,0,0,0,0,2,0,1.7,1.7,0.8,2.5,32,52,80,0.00,0.00,0.00,0.00,0.00,0.16,0.07,0.23,0.16,0.23,Matches,1ea5f91c
244,Paweł Jaroszyński,pl POL,DF,Chievo,23,1994,19,15,1348,15.0,0,0,0,0,0,0,2,0,0.2,0.2,1.6,1.8,34,60,39,0.00,0.00,0.00,0.00,0.00,0.01,0.11,0.12,0.01,0.12,Matches,958a601f
245,Juan Jesus,br BRA,DF,Roma,27,1991,20,15,1403,15.6,1,0,1,1,0,0,4,0,0.7,0.7,0.0,0.7,3,44,1,0.06,0.00,0.06,0.06,0.06,0.04,0.00,0.05,0.04,0.05,Matches,79083382
246,Bruno Jordão,pt POR,MFDF,Lazio,19,1998,3,1,88,1.0,0,0,0,0,0,0,0,0,0.0,0.0,0.0,0.0,3,1,8,0.00,0.00,0.00,0.00,0.00,0.02,0.03,0.05,0.02,0.05,Matches,41ff002d
247,Hamed Junior Traorè,ci CIV,MF,Empoli,18,2000,32,26,2259,25.1,2,2,4,2,0,0,4,0,2.9,2.9,2.9,5.9,87,136,93,0.08,0.08,0.16,0.08,0.16,0.12,0.12,0.23,0.12,0.23,Matches,570bb4b9
248,Musa Juwara,gm GAM,FW,Chievo,16,2001,1,0,12,0.1,0,0,0,0,0,0,0,0,0.0,0.0,0.0,0.0,0,0,1,0.00,0.00,0.00,0.00,0.00,0.00,0.00,0.00,0.00,0.00,Matches,7737dee2
249,Yann Karamoh,fr FRA,FWMF,Inter,20,1998,1,0,5,0.1,0,0,0,0,0,0,0,0,0.0,0.0,0.0,0.0,0,1,3,0.00,0.00,0.00,0.00,0.00,0.00,0.00,0.00,0.00,0.00,Matches,8b66d9cc
250,Ibrahim Karamoko,fr FRA,MF,Chievo,17,2001,2,0,65,0.7,0,0,0,0,0,0,0,0,0.1,0.1,0.0,0.1,1,2,2,0.00,0.00,0.00,0.00,0.00,0.13,0.04,0.17,0.13,0.17,Matches,550985aa
251,Orestis Karnezis,gr GRE,GK,Napoli,33,1985,9,9,810,9.0,0,0,0,0,0,0,0,0,0.0,0.0,0.0,0.0,0,0,0,0.00,0.00,0.00,0.00,0.00,0.00,0.00,0.00,0.00,0.00,Matches,85b011bb
252,Rick Karsdorp,nl NED,DF,Roma,23,1995,11,7,593,6.6,0,1,1,0,0,0,1,0,0.0,0.0,0.3,0.3,20,44,28,0.00,0.15,0.15,0.00,0.15,0.00,0.04,0.04,0.00,0.04,Matches,9f84febe
253,Grigoris Kastanos,cy CYP,MF,Juventus,20,1998,1,1,60,0.7,0,0,0,0,0,0,0,0,0.0,0.0,0.0,0.0,1,1,1,0.00,0.00,0.00,0.00,0.00,0.00,0.00,0.00,0.00,0.00,Matches,2a82aa85
254,Moise Kean,it ITA,FW,Juventus,18,2000,13,5,541,6.0,6,0,6,6,0,0,2,0,3.6,3.6,0.3,3.9,11,4,42,1.00,0.00,1.00,1.00,1.00,0.60,0.05,0.65,0.60,0.65,Matches,3d50bcdb
255,Franck Kessié,ci CIV,MF,Milan,21,1996,34,34,3018,33.5,7,2,9,4,3,3,8,0,7.5,5.2,2.3,7.4,72,191,159,0.21,0.06,0.27,0.12,0.18,0.22,0.07,0.29,0.15,0.22,Matches,05e19d6a
256,Sami Khedira,de GER,MF,Juventus,31,1987,10,8,706,7.8,2,1,3,2,0,0,0,0,3.0,3.0,1.1,4.0,9,25,32,0.25,0.13,0.38,0.25,0.38,0.38,0.14,0.52,0.38,0.52,Matches,38ac43d3
257,Sofian Kiyine,ma MAR,MFDF,Chievo,20,1997,23,9,816,9.1,0,1,1,0,0,0,7,0,0.8,0.8,0.9,1.7,35,40,42,0.00,0.11,0.11,0.00,0.11,0.09,0.09,0.19,0.09,0.19,Matches,ce1806be
258,Ragnar Klavan,ee EST,DF,Cagliari,32,1985,15,15,1230,13.7,0,0,0,0,0,0,2,0,0.1,0.1,0.5,0.6,14,47,3,0.00,0.00,0.00,0.00,0.00,0.01,0.04,0.05,0.01,0.05,Matches,008a6e6d
259,Justin Kluivert,nl NED,FW,Roma,19,1999,29,14,1341,14.9,1,6,7,1,0,0,2,0,1.3,1.3,3.0,4.3,68,35,168,0.07,0.40,0.47,0.07,0.47,0.09,0.20,0.29,0.09,0.29,Matches,4c3a6744
260,Aleksandar Kolarov,rs SRB,DF,Roma,32,1985,33,32,2906,32.3,8,2,10,5,3,3,7,1,5.0,2.6,6.6,9.2,105,165,177,0.25,0.06,0.31,0.15,0.22,0.15,0.20,0.36,0.08,0.28,Matches,eda40760
261,Christian Kouamé,ci CIV,FW,Genoa,20,1997,38,33,3066,34.1,4,5,9,4,0,0,4,0,8.0,8.0,5.3,13.2,74,67,271,0.12,0.15,0.26,0.12,0.26,0.23,0.16,0.39,0.23,0.39,Matches,58e933d2
262,Kalidou Koulibaly,sn SEN,DF,Napoli,27,1991,35,35,3132,34.8,2,2,4,2,0,0,10,1,2.4,2.4,0.3,2.6,53,191,15,0.06,0.06,0.11,0.06,0.11,0.07,0.01,0.08,0.07,0.08,Matches,da974c7b
263,Dawid Kownacki,pl POL,FW,Sampdoria,21,1997,13,0,168,1.9,1,1,2,0,1,2,0,0,1.9,0.3,0.6,0.9,5,4,28,0.54,0.54,1.07,0.00,0.54,0.99,0.33,1.32,0.15,0.48,Matches,be5e1c4c
264,Luka Krajnc,si SVN,DF,Frosinone,23,1994,9,9,788,8.8,0,0,0,0,0,0,3,0,0.2,0.2,0.1,0.3,6,27,1,0.00,0.00,0.00,0.00,0.00,0.02,0.01,0.03,0.02,0.03,Matches,2b71b88a
265,Ladislav Krejčí,cz CZE,DFMF,Bologna,26,1992,18,11,1065,11.8,0,3,3,0,0,0,2,0,0.5,0.5,2.3,2.7,34,50,62,0.00,0.25,0.25,0.00,0.25,0.04,0.19,0.23,0.04,0.23,Matches,58027adc
266,Rade Krunić,ba BIH,MF,Empoli,24,1993,33,33,2772,30.8,5,7,12,5,0,0,7,1,5.1,5.1,6.2,11.3,130,180,191,0.16,0.23,0.39,0.16,0.39,0.17,0.20,0.37,0.17,0.37,Matches,817c6964
267,Juraj Kucka,sk SVK,MF,Parma,31,1987,18,17,1535,17.1,4,3,7,3,1,1,5,1,2.5,1.7,1.8,3.5,21,59,49,0.23,0.18,0.41,0.18,0.35,0.15,0.10,0.25,0.10,0.20,Matches,5aaef9ef
268,Dejan Kulusevski,se SWE,MF,Atalanta,18,2000,3,0,105,1.2,0,0,0,0,0,0,0,0,0.1,0.1,0.0,0.1,9,7,11,0.00,0.00,0.00,0.00,0.00,0.12,0.00,0.12,0.12,0.12,Matches,df3cda47
269,Jasmin Kurtić,si SVN,MF,SPAL,29,1989,30,29,2557,28.4,6,5,11,6,0,0,9,0,3.9,3.9,3.1,7.1,103,112,111,0.21,0.18,0.39,0.21,0.39,0.14,0.11,0.25,0.14,0.25,Matches,144607cc
270,Antonino La Gumina,it ITA,FWMF,Empoli,22,1996,22,12,1090,12.1,2,2,4,2,0,0,1,0,4.3,4.3,0.7,5.0,13,5,70,0.17,0.17,0.33,0.17,0.33,0.35,0.06,0.41,0.35,0.41,Matches,822a7761
271,Alban Lafont,fr FRA,GK,Fiorentina,19,1999,34,34,3015,33.5,0,0,0,0,0,0,2,0,0.0,0.0,0.4,0.4,0,1,0,0.00,0.00,0.00,0.00,0.00,0.00,0.01,0.01,0.00,0.01,Matches,4e7db402
272,Abdou Lahat Diakhate,sn SEN,MF,Parma,19,1998,1,0,1,0.0,0,0,0,0,0,0,0,0,0.0,0.0,0.0,0.0,0,0,0,0.00,0.00,0.00,0.00,0.00,0.00,0.00,0.00,0.00,0.00,Matches,8e809937
273,Gianluca Lapadula,pe PER,FW,Genoa,28,1990,8,4,404,4.5,1,0,1,1,0,0,1,0,2.5,2.5,0.2,2.7,5,4,21,0.22,0.00,0.22,0.22,0.22,0.56,0.05,0.60,0.56,0.60,Matches,2ead2809
274,Danilo Larangeira,br BRA,DF,Bologna,34,1984,35,35,3077,34.2,1,0,1,1,0,0,4,0,0.8,0.8,0.8,1.6,18,104,6,0.03,0.00,0.03,0.03,0.03,0.02,0.02,0.05,0.02,0.05,Matches,fed5f993
275,Kevin Lasagna,it ITA,FW,Udinese,25,1992,36,26,2453,27.3,6,2,8,6,0,1,2,0,8.5,7.6,2.0,9.7,50,29,144,0.22,0.07,0.29,0.22,0.29,0.31,0.07,0.39,0.28,0.36,Matches,09538fdb
276,Vincent Laurini,fr FRA,DF,Fiorentina,29,1989,15,10,920,10.2,0,0,0,0,0,0,4,0,0.1,0.1,0.5,0.6,29,60,21,0.00,0.00,0.00,0.00,0.00,0.01,0.05,0.06,0.01,0.06,Matches,3535098b
277,Diego Laxalt,uy URU,DFMF,Milan,25,1993,20,6,651,7.2,0,0,0,0,0,0,2,0,1.2,1.2,0.7,1.8,21,27,51,0.00,0.00,0.00,0.00,0.00,0.16,0.09,0.25,0.16,0.25,Matches,f26e3c59
278,Darko Lazović,rs SRB,DFFW,Genoa,27,1990,33,30,2542,28.2,3,4,7,3,0,0,2,0,2.2,2.2,3.9,6.0,120,104,169,0.11,0.14,0.25,0.11,0.25,0.08,0.14,0.21,0.08,0.21,Matches,5128bde4
279,Manuel Lazzari,it ITA,DF,SPAL,24,1993,33,33,2835,31.5,0,8,8,0,0,0,7,0,1.4,1.4,5.9,7.4,239,68,234,0.00,0.25,0.25,0.00,0.25,0.05,0.19,0.23,0.05,0.23,Matches,02caf6e0
280,Lucas Leiva,br BRA,MF,Lazio,31,1987,27,22,1987,22.1,0,2,2,0,0,0,7,0,0.6,0.6,2.0,2.6,18,170,15,0.00,0.09,0.09,0.00,0.09,0.03,0.09,0.12,0.03,0.12,Matches,4c78b5ed
281,Mauricio Lemos,uy URU,DF,Sassuolo,22,1995,3,3,179,2.0,0,0,0,0,0,0,0,0,0.0,0.0,0.0,0.0,0,4,0,0.00,0.00,0.00,0.00,0.00,0.00,0.00,0.00,0.00,0.00,Matches,dbe5a587
282,Lukas Lerager,dk DEN,MF,Genoa,25,1993,14,13,1122,12.5,1,0,1,1,0,0,4,0,1.3,1.3,1.1,2.4,11,44,26,0.08,0.00,0.08,0.08,0.08,0.11,0.09,0.19,0.11,0.19,Matches,1b82f8df
283,Mehdi Léris,dz ALG,MFDF,Chievo,20,1998,23,18,1607,17.9,0,2,2,0,0,0,5,0,1.7,1.7,0.9,2.6,32,66,84,0.00,0.11,0.11,0.00,0.11,0.10,0.05,0.15,0.10,0.15,Matches,7d3cbc67
284,Karol Linetty,pl POL,MF,Sampdoria,23,1995,32,30,2507,27.9,3,3,6,3,0,0,11,0,2.1,2.1,2.8,4.9,76,118,113,0.11,0.11,0.22,0.11,0.22,0.07,0.10,0.17,0.07,0.17,Matches,d023d70f
285,Pol Lirola,es ESP,DFMF,Sassuolo,20,1997,35,32,2975,33.1,2,6,8,2,0,0,2,0,1.6,1.6,6.3,7.8,120,129,202,0.06,0.18,0.24,0.06,0.24,0.05,0.19,0.24,0.05,0.24,Matches,ff800ed8
286,Adem Ljajić,rs SRB,MF,Torino,26,1991,1,0,30,0.3,0,0,0,0,0,0,0,0,0.1,0.1,0.0,0.1,2,2,5,0.00,0.00,0.00,0.00,0.00,0.23,0.00,0.23,0.23,0.23,Matches,2648e18f
287,Manuel Locatelli,it ITA,MF,Sassuolo,20,1998,29,21,1847,20.5,2,4,6,2,0,0,7,0,2.5,2.5,3.5,6.0,36,130,80,0.10,0.19,0.29,0.10,0.29,0.12,0.17,0.29,0.12,0.29,Matches,a8a874f1
288,José Luis Palomino,ar ARG,DF,Atalanta,28,1990,30,25,2261,25.1,1,1,2,1,0,0,6,1,1.9,1.9,0.5,2.4,5,63,4,0.04,0.04,0.08,0.04,0.08,0.08,0.02,0.10,0.08,0.10,Matches,921f6058
289,Everton Luiz,br BRA,MF,SPAL,30,1988,10,2,317,3.5,0,0,0,0,0,0,5,0,0.1,0.1,0.0,0.1,7,8,8,0.00,0.00,0.00,0.00,0.00,0.02,0.00,0.02,0.02,0.02,Matches,3799e138
290,Jordan Lukaku,be BEL,DFMF,Lazio,24,1994,7,1,175,1.9,0,0,0,0,0,0,1,0,0.0,0.0,0.0,0.0,10,5,15,0.00,0.00,0.00,0.00,0.00,0.00,0.02,0.02,0.00,0.02,Matches,0cd0e21b
291,Saša Lukić,rs SRB,MF,Torino,21,1996,24,11,989,11.0,2,0,2,2,0,0,7,0,1.5,1.5,0.7,2.3,27,46,32,0.18,0.00,0.18,0.18,0.18,0.14,0.06,0.21,0.14,0.21,Matches,c6e8cf1f
292,Senad Lulić,ba BIH,DFFW,Lazio,32,1986,35,34,2923,32.5,4,1,5,4,0,0,5,0,2.3,2.3,4.7,6.9,131,154,241,0.12,0.03,0.15,0.12,0.15,0.07,0.14,0.21,0.07,0.21,Matches,7fd58fe3
293,Sebastiano Luperto,it ITA,DF,Napoli,21,1996,12,6,728,8.1,0,0,0,0,0,0,0,0,0.1,0.1,0.0,0.1,7,20,3,0.00,0.00,0.00,0.00,0.00,0.01,0.00,0.01,0.01,0.01,Matches,997fff07
294,Lyanco,br BRA,DF,Torino,21,1997,2,1,90,1.0,0,0,0,0,0,0,0,0,0.0,0.0,0.0,0.0,1,2,0,0.00,0.00,0.00,0.00,0.00,0.00,0.00,0.00,0.00,0.00,Matches,b5bf1770
295,Lyanco,br BRA,DF,Bologna,21,1997,13,13,1119,12.4,1,0,1,1,0,0,2,1,0.4,0.4,0.3,0.7,11,39,1,0.08,0.00,0.08,0.08,0.08,0.04,0.02,0.06,0.04,0.06,Matches,b5bf1770
296,Charalambos Lykogiannis,gr GRE,DF,Cagliari,24,1993,11,9,830,9.2,0,1,1,0,0,0,1,0,0.3,0.3,1.6,1.8,17,24,22,0.00,0.11,0.11,0.00,0.11,0.03,0.17,0.20,0.03,0.20,Matches,5efc5389
297,Darwin Machís,ve VEN,FWMF,Udinese,25,1993,13,4,463,5.1,0,1,1,0,0,0,2,0,1.1,1.1,0.9,2.1,37,17,46,0.00,0.19,0.19,0.00,0.19,0.22,0.18,0.40,0.22,0.40,Matches,ed6ea4d9
298,Francesco Magnanelli,it ITA,MF,Sassuolo,33,1984,26,21,1859,20.7,0,0,0,0,0,0,4,1,0.3,0.3,0.2,0.4,12,114,13,0.00,0.00,0.00,0.00,0.00,0.01,0.01,0.02,0.01,0.02,Matches,07767f42
299,Giangiacomo Magnani,it ITA,DF,Sassuolo,22,1995,19,17,1516,16.8,0,1,1,0,0,0,2,0,0.2,0.2,0.2,0.4,11,48,0,0.00,0.06,0.06,0.00,0.06,0.01,0.01,0.02,0.01,0.02,Matches,cce9f582
300,Raffaele Maiello,it ITA,MF,Frosinone,27,1991,29,22,2043,22.7,0,0,0,0,0,0,4,0,0.4,0.4,1.6,2.0,30,129,21,0.00,0.00,0.00,0.00,0.00,0.02,0.07,0.09,0.02,0.09,Matches,02febfdc
301,Domenico Maietta,it ITA,DF,Empoli,35,1982,21,21,1714,19.0,0,0,0,0,0,0,5,0,0.3,0.3,0.2,0.5,18,77,4,0.00,0.00,0.00,0.00,0.00,0.02,0.01,0.03,0.02,0.03,Matches,3d936ba9
302,Nikola Maksimović,rs SRB,DF,Napoli,26,1991,17,15,1375,15.3,0,0,0,0,0,0,4,0,0.1,0.1,0.1,0.3,6,53,3,0.00,0.00,0.00,0.00,0.00,0.01,0.01,0.02,0.01,0.02,Matches,16b9d5cf
303,Kévin Malcuit,ma MAR,DF,Napoli,27,1991,24,20,1805,20.1,0,2,2,0,0,0,3,0,0.4,0.4,2.0,2.4,82,88,138,0.00,0.10,0.10,0.00,0.10,0.02,0.10,0.12,0.02,0.12,Matches,d6a889ea
304,Gianluca Mancini,it ITA,DF,Atalanta,22,1996,30,25,2246,25.0,5,2,7,5,0,0,5,0,5.3,5.3,1.4,6.7,26,90,20,0.20,0.08,0.28,0.20,0.28,0.21,0.06,0.27,0.21,0.27,Matches,5aa53281
305,Rolando Mandragora,it ITA,MF,Udinese,21,1997,35,33,2918,32.4,3,2,5,3,0,0,8,1,1.7,1.7,2.1,3.7,18,108,62,0.09,0.06,0.15,0.09,0.15,0.05,0.06,0.12,0.05,0.12,Matches,c7259b83
306,Mario Mandžukić,hr CRO,FW,Juventus,32,1986,25,23,2014,22.4,9,6,15,9,0,0,4,0,6.4,6.4,3.7,10.1,18,50,145,0.40,0.27,0.67,0.40,0.67,0.28,0.17,0.45,0.28,0.45,Matches,afa0d4e0
307,Kostas Manolas,gr GRE,DF,Roma,27,1991,27,27,2324,25.8,1,1,2,1,0,0,6,0,1.8,1.8,0.4,2.2,8,55,2,0.04,0.04,0.08,0.04,0.08,0.07,0.02,0.08,0.07,0.08,Matches,c707411f
308,Juan Manuel Valencia,co COL,FW,Bologna,20,1998,1,0,28,0.3,0,0,0,0,0,0,1,0,0.0,0.0,0.0,0.0,0,0,0,0.00,0.00,0.00,0.00,0.00,0.08,0.00,0.08,0.08,0.08,Matches,7f50c23b
309,Iván Marcano,es ESP,DF,Roma,31,1987,10,9,810,9.0,0,0,0,0,0,0,0,0,0.2,0.2,0.5,0.7,6,34,6,0.00,0.00,0.00,0.00,0.00,0.02,0.06,0.08,0.02,0.08,Matches,7a20d90a
310,Federico Marchetti,it ITA,GK,Genoa,35,1983,4,4,360,4.0,0,0,0,0,0,0,1,0,0.0,0.0,0.0,0.0,0,0,0,0.00,0.00,0.00,0.00,0.00,0.00,0.00,0.00,0.00,0.00,Matches,f794b426
311,Gian Marco Ferrari,it ITA,DF,Sassuolo,26,1992,31,31,2790,31.0,4,0,4,4,0,0,9,0,2.2,2.2,0.2,2.5,35,143,12,0.13,0.00,0.13,0.13,0.13,0.07,0.01,0.08,0.07,0.08,Matches,8650af85
312,João Mário,pt POR,MFFW,Inter,25,1993,20,12,1082,12.0,1,2,3,1,0,0,2,0,1.0,1.0,2.0,3.0,59,77,90,0.08,0.17,0.25,0.08,0.25,0.08,0.17,0.25,0.08,0.25,Matches,f0021247
313,Marlon,br BRA,DF,Sassuolo,22,1995,18,18,1508,16.8,1,0,1,1,0,0,4,1,0.4,0.4,0.1,0.5,8,79,9,0.06,0.00,0.06,0.06,0.06,0.02,0.01,0.03,0.02,0.03,Matches,cdf65d12
314,Lautaro Martínez,ar ARG,FWMF,Inter,20,1997,27,13,1344,14.9,6,2,8,5,1,1,4,0,7.7,6.9,3.0,9.9,26,31,92,0.40,0.13,0.54,0.33,0.47,0.52,0.20,0.72,0.46,0.66,Matches,f7036e1c
315,Adam Marušić,me MNE,DF,Lazio,25,1992,26,24,2111,23.5,1,1,2,1,0,0,2,1,1.0,1.0,1.3,2.3,67,59,141,0.04,0.04,0.09,0.04,0.09,0.04,0.05,0.10,0.04,0.10,Matches,d4535821
316,Andrea Masiello,it ITA,DF,Atalanta,32,1986,24,22,1836,20.4,0,2,2,0,0,0,5,0,1.4,1.4,0.6,2.0,17,107,17,0.00,0.10,0.10,0.00,0.10,0.07,0.03,0.10,0.07,0.10,Matches,e0314d87
317,Luca Matarese,it ITA,FW,Frosinone,20,1998,2,0,16,0.2,0,0,0,0,0,0,1,0,0.0,0.0,0.0,0.0,1,0,1,0.00,0.00,0.00,0.00,0.00,0.00,0.00,0.00,0.00,0.00,Matches,a6fc1a22
318,Alessandro Matri,it ITA,FW,Sassuolo,33,1984,19,6,603,6.7,2,0,2,2,0,0,3,0,3.2,3.2,0.4,3.6,7,6,49,0.30,0.00,0.30,0.30,0.30,0.49,0.05,0.54,0.49,0.54,Matches,58d97e77
319,Federico Mattiello,it ITA,DFFW,Bologna,23,1995,17,16,1333,14.8,1,1,2,1,0,0,2,1,0.6,0.6,1.5,2.1,50,57,75,0.07,0.07,0.14,0.07,0.14,0.04,0.10,0.14,0.04,0.14,Matches,fba81826
320,Blaise Matuidi,fr FRA,MF,Juventus,31,1987,31,29,2418,26.9,3,2,5,3,0,0,5,0,1.4,1.4,1.7,3.0,23,157,118,0.11,0.07,0.19,0.11,0.19,0.05,0.06,0.11,0.05,0.11,Matches,c0cddebe
321,José Mauri,it ITA,MF,Milan,22,1996,5,2,208,2.3,0,0,0,0,0,0,0,0,0.1,0.1,0.1,0.2,1,11,2,0.00,0.00,0.00,0.00,0.00,0.04,0.05,0.10,0.04,0.10,Matches,644faf10
322,Stephy Mavididi,eng ENG,FW,Juventus,20,1998,1,0,22,0.2,0,0,0,0,0,0,0,0,0.0,0.0,0.0,0.0,1,0,5,0.00,0.00,0.00,0.00,0.00,0.00,0.00,0.00,0.00,0.00,Matches,30144daa
323,Luca Mazzitelli,it ITA,MF,Genoa,22,1995,10,3,323,3.6,0,0,0,0,0,0,3,0,0.4,0.4,0.1,0.5,4,24,9,0.00,0.00,0.00,0.00,0.00,0.12,0.02,0.14,0.12,0.14,Matches,dc61b402
324,Ibrahima Mbaye,sn SEN,DF,Bologna,23,1994,23,22,2010,22.3,2,0,2,2,0,0,6,0,2.7,2.7,0.2,2.9,13,75,20,0.09,0.00,0.09,0.09,0.09,0.12,0.01,0.13,0.12,0.13,Matches,cfbf9881
325,Levan Mchedlidze,ge GEO,FW,Empoli,28,1990,11,0,208,2.3,0,1,1,0,0,0,1,0,0.2,0.2,0.1,0.3,4,4,23,0.00,0.43,0.43,0.00,0.43,0.08,0.05,0.14,0.08,0.14,Matches,54ab361e
326,Iuri Medeiros,pt POR,MFFW,Genoa,24,1994,2,2,106,1.2,0,0,0,0,0,0,0,0,0.1,0.1,0.2,0.3,3,3,4,0.00,0.00,0.00,0.00,0.00,0.08,0.17,0.25,0.08,0.25,Matches,97e2aa67
327,Nicky Medja,ch SUI,FWMF,Fiorentina,18,2000,1,0,45,0.5,0,0,0,0,0,0,1,0,0.0,0.0,0.0,0.0,0,0,2,0.00,0.00,0.00,0.00,0.00,0.00,0.00,0.00,0.00,0.00,Matches,714ffae7
328,Riccardo Meggiorini,it ITA,FW,Chievo,32,1985,24,18,1548,17.2,3,1,4,2,1,1,6,0,3.3,2.5,1.5,4.0,24,30,105,0.17,0.06,0.23,0.12,0.17,0.19,0.08,0.28,0.15,0.23,Matches,2ec0f902
329,Soualiho Meïté,fr FRA,MF,Torino,24,1994,35,30,2659,29.5,2,4,6,2,0,0,7,1,1.2,1.2,2.3,3.5,57,152,64,0.07,0.14,0.20,0.07,0.20,0.04,0.08,0.12,0.04,0.12,Matches,5cec2c74
330,Alex Meret,it ITA,GK,Napoli,21,1997,14,13,1151,12.8,0,0,0,0,0,0,0,1,0.0,0.0,0.0,0.0,0,0,0,0.00,0.00,0.00,0.00,0.00,0.00,0.00,0.00,0.00,0.00,Matches,9413b19f
331,Dries Mertens,be BEL,FW,Napoli,31,1987,35,23,2252,25.0,16,11,27,15,1,1,1,0,10.7,9.9,8.0,17.9,71,96,261,0.64,0.44,1.08,0.60,1.04,0.43,0.32,0.75,0.40,0.71,Matches,89b2c8a9
332,Petar Mićin,rs SRB,MF,Udinese,19,1998,1,0,3,0.0,0,0,0,0,0,0,0,0,0.0,0.0,0.0,0.0,0,0,0,0.00,0.00,0.00,0.00,0.00,0.00,0.00,0.00,0.00,0.00,Matches,259deea9
333,Nikola Milenković,rs SRB,DF,Fiorentina,20,1997,34,34,3008,33.4,3,0,3,3,0,0,8,1,2.7,2.7,0.2,2.9,38,159,27,0.09,0.00,0.09,0.09,0.09,0.08,0.01,0.09,0.08,0.09,Matches,bee704fc
334,Arkadiusz Milik,pl POL,FW,Napoli,24,1994,35,27,2396,26.6,17,3,20,17,0,0,4,0,13.9,13.9,3.0,16.8,30,57,169,0.64,0.11,0.75,0.64,0.75,0.52,0.11,0.63,0.52,0.63,Matches,85613cf0
335,Sergej Milinković-Savić,rs SRB,MF,Lazio,23,1995,31,29,2396,26.6,5,3,8,5,0,0,7,1,6.4,6.4,4.5,11.0,59,188,161,0.19,0.11,0.30,0.19,0.30,0.24,0.17,0.41,0.24,0.41,Matches,4e6dbac4
336,Vanja Milinković-Savić,rs SRB,GK,SPAL,21,1997,2,2,164,1.8,0,0,0,0,0,0,1,1,0.0,0.0,0.0,0.0,0,0,0,0.00,0.00,0.00,0.00,0.00,0.00,0.00,0.00,0.00,0.00,Matches,9fa26bc2
337,Vincenzo Millico,it ITA,MF,Torino,17,2000,1,0,1,0.0,0,0,0,0,0,0,0,0,0.0,0.0,0.0,0.0,0,0,0,0.00,0.00,0.00,0.00,0.00,0.00,0.00,0.00,0.00,0.00,Matches,6817095b
338,Kevin Mirallas,be BEL,FWMF,Fiorentina,30,1987,27,15,1299,14.4,2,1,3,2,0,0,2,0,3.3,3.3,1.4,4.7,49,44,118,0.14,0.07,0.21,0.14,0.21,0.23,0.10,0.32,0.23,0.32,Matches,aa51343f
339,Miranda,br BRA,DF,Inter,33,1984,14,14,1158,12.9,0,0,0,0,0,0,3,0,0.3,0.3,0.1,0.4,5,48,5,0.00,0.00,0.00,0.00,0.00,0.03,0.01,0.03,0.03,0.03,Matches,314f2124
340,Antonio Mirante,it ITA,GK,Roma,35,1983,11,11,990,11.0,0,0,0,0,0,0,0,0,0.0,0.0,0.0,0.0,0,0,0,0.00,0.00,0.00,0.00,0.00,0.00,0.00,0.00,0.00,0.00,Matches,30223b33
341,Simone Missiroli,it ITA,MF,SPAL,32,1986,34,33,2741,30.5,0,0,0,0,0,0,9,0,0.6,0.6,1.3,1.9,71,171,72,0.00,0.00,0.00,0.00,0.00,0.02,0.04,0.06,0.02,0.06,Matches,331c0a43
342,Cristian Molinaro,it ITA,DFMF,Frosinone,35,1983,14,13,1159,12.9,0,0,0,0,0,0,2,0,0.0,0.0,1.1,1.1,28,52,41,0.00,0.00,0.00,0.00,0.00,0.00,0.08,0.09,0.00,0.09,Matches,1c8c5aed
343,Gabriele Moncini,it ITA,MF,SPAL,22,1996,1,0,8,0.1,0,0,0,0,0,0,0,0,0.0,0.0,0.0,0.0,0,0,0,0.00,0.00,0.00,0.00,0.00,0.00,0.46,0.46,0.00,0.46,Matches,c4efe2b4
344,Cristóbal Montiel,es ESP,FW,Fiorentina,18,2000,1,0,6,0.1,0,0,0,0,0,0,0,0,0.0,0.0,0.4,0.4,2,3,0,0.00,0.00,0.00,0.00,0.00,0.41,5.55,5.96,0.41,5.96,Matches,dd52d069
345,Emiliano Moretti,it ITA,DF,Torino,37,1981,24,22,2010,22.3,0,0,0,0,0,0,5,0,0.0,0.0,0.1,0.1,16,118,3,0.00,0.00,0.00,0.00,0.00,0.00,0.00,0.00,0.00,0.00,Matches,55667895
346,Samuel Mráz,sk SVK,FW,Empoli,21,1997,6,2,170,1.9,1,0,1,1,0,0,0,0,0.8,0.8,0.3,1.0,2,0,10,0.53,0.00,0.53,0.53,0.53,0.40,0.15,0.55,0.40,0.55,Matches,be6c1ccc
347,Gianni Munari,it ITA,MF,Parma,35,1983,1,0,3,0.0,0,0,0,0,0,0,0,0,0.0,0.0,0.0,0.0,0,0,0,0.00,0.00,0.00,0.00,0.00,0.00,0.00,0.00,0.00,0.00,Matches,e50613bd
348,Alessandro Murgia,it ITA,MF,SPAL,21,1996,15,11,1072,11.9,0,3,3,0,0,0,1,0,0.8,0.8,1.8,2.5,13,40,18,0.00,0.25,0.25,0.00,0.25,0.06,0.15,0.21,0.06,0.21,Matches,fb2c533b
349,Alessandro Murgia,it ITA,MF,Lazio,21,1996,1,0,9,0.1,0,0,0,0,0,0,0,0,0.0,0.0,0.0,0.0,0,0,0,0.00,0.00,0.00,0.00,0.00,0.00,0.00,0.00,0.00,0.00,Matches,fb2c533b
350,Luis Muriel,co COL,FW,Fiorentina,27,1991,19,16,1441,16.0,6,0,6,6,0,0,1,0,3.5,3.5,1.5,5.0,56,33,100,0.37,0.00,0.37,0.37,0.37,0.22,0.10,0.31,0.22,0.31,Matches,eb2fe5b6
351,Nicola Murru,it ITA,DF,Sampdoria,23,1994,35,34,2934,32.6,0,5,5,0,0,0,9,0,0.4,0.4,3.5,4.0,66,203,113,0.00,0.15,0.15,0.00,0.15,0.01,0.11,0.12,0.01,0.12,Matches,d183e9d6
352,Mateo Musacchio,ar ARG,DF,Milan,27,1990,29,29,2610,29.0,1,0,1,1,0,0,2,0,2.0,2.0,0.4,2.4,11,116,4,0.03,0.00,0.03,0.03,0.03,0.07,0.01,0.08,0.07,0.08,Matches,91899ca8
353,Juan Musso,ar ARG,GK,Udinese,24,1994,29,29,2610,29.0,0,0,0,0,0,0,4,0,0.0,0.0,0.1,0.1,0,0,0,0.00,0.00,0.00,0.00,0.00,0.00,0.00,0.00,0.00,0.00,Matches,a111cf41
354,Ádám Nagy,hu HUN,MF,Bologna,23,1995,14,10,975,10.8,0,0,0,0,0,0,3,1,0.2,0.2,0.5,0.7,10,53,11,0.00,0.00,0.00,0.00,0.00,0.02,0.05,0.06,0.02,0.06,Matches,788b31e2
355,Radja Nainggolan,be BEL,MF,Inter,30,1988,29,22,1967,21.9,6,3,9,6,0,0,3,0,3.8,3.8,3.4,7.2,51,135,145,0.27,0.14,0.41,0.27,0.41,0.17,0.16,0.33,0.17,0.33,Matches,1f9328da
356,Angelo Ndrecka,al ALB,DF,Chievo,16,2001,1,1,90,1.0,0,0,0,0,0,0,0,0,0.0,0.0,0.1,0.1,0,3,3,0.00,0.00,0.00,0.00,0.00,0.02,0.08,0.10,0.02,0.10,Matches,fcd20025
357,Pedro Neto,pt POR,FWDF,Lazio,18,2000,4,0,46,0.5,0,0,0,0,0,0,1,0,0.0,0.0,0.1,0.1,1,1,8,0.00,0.00,0.00,0.00,0.00,0.05,0.10,0.15,0.05,0.15,Matches,7ba2eaa9
358,Hans Nicolussi Caviglia,it ITA,MF,Juventus,18,2000,3,0,57,0.6,0,0,0,0,0,0,0,0,0.0,0.0,0.0,0.0,2,6,4,0.00,0.00,0.00,0.00,0.00,0.05,0.00,0.05,0.05,0.05,Matches,b136c945
359,Dimitris Nikolaou,gr GRE,DF,Empoli,19,1998,4,4,348,3.9,0,0,0,0,0,0,0,0,0.0,0.0,0.0,0.0,1,13,1,0.00,0.00,0.00,0.00,0.00,0.00,0.00,0.00,0.00,0.00,Matches,cf961d8d
360,Nicolas Nkoulou,cm CMR,DF,Torino,28,1990,36,36,3214,35.7,2,0,2,2,0,0,7,1,1.0,1.0,0.1,1.1,1,42,2,0.06,0.00,0.06,0.06,0.06,0.03,0.00,0.03,0.03,0.03,Matches,93cf32a8
361,Bram Nuytinck,nl NED,DF,Udinese,28,1990,27,24,2127,23.6,0,0,0,0,0,0,4,1,0.2,0.2,0.4,0.5,10,49,5,0.00,0.00,0.00,0.00,0.00,0.01,0.02,0.02,0.01,0.02,Matches,e33f36d5
362,Steven Nzonzi,fr FRA,MF,Roma,29,1988,30,29,2617,29.1,1,2,3,1,0,0,7,0,1.7,1.7,2.1,3.9,21,180,21,0.03,0.07,0.10,0.03,0.10,0.06,0.07,0.13,0.06,0.13,Matches,c7526c18
363,Christian Nørgaard,dk DEN,MF,Fiorentina,24,1994,6,4,323,3.6,0,0,0,0,0,0,0,0,0.0,0.0,0.1,0.1,5,15,5,0.00,0.00,0.00,0.00,0.00,0.00,0.03,0.03,0.00,0.03,Matches,df0a4c90
364,Dimitri Oberlin,ch SUI,FW,Empoli,20,1997,5,0,139,1.5,0,0,0,0,0,0,0,0,0.0,0.0,0.1,0.1,1,1,14,0.00,0.00,0.00,0.00,0.00,0.00,0.07,0.07,0.00,0.07,Matches,af45e954
365,Joel Obi,ng NGA,MF,Chievo,27,1991,11,9,659,7.3,1,0,1,1,0,0,1,0,1.0,1.0,1.0,2.1,10,19,18,0.14,0.00,0.14,0.14,0.14,0.14,0.14,0.29,0.14,0.29,Matches,614c38fb
366,Jens Odgaard,dk DEN,FW,Sassuolo,19,1999,1,0,16,0.2,0,0,0,0,0,0,0,0,0.0,0.0,0.0,0.0,0,0,2,0.00,0.00,0.00,0.00,0.00,0.00,0.00,0.00,0.00,0.00,Matches,75374ee7
367,Stefano Okaka,it ITA,FW,Udinese,28,1989,16,11,970,10.8,6,1,7,6,0,0,4,0,2.6,2.6,0.9,3.5,27,26,55,0.56,0.09,0.65,0.56,0.65,0.25,0.08,0.33,0.25,0.33,Matches,601ef102
368,Orji Okwonkwo,ng NGA,FW,Bologna,20,1998,8,2,257,2.9,0,0,0,0,0,0,2,0,0.4,0.4,0.1,0.5,9,4,18,0.00,0.00,0.00,0.00,0.00,0.14,0.03,0.18,0.14,0.18,Matches,905a4f61
369,Robin Olsen,se SWE,GK,Roma,28,1990,27,27,2430,27.0,0,0,0,0,0,0,2,0,0.0,0.0,0.1,0.1,0,0,0,0.00,0.00,0.00,0.00,0.00,0.00,0.00,0.00,0.00,0.00,Matches,e7ee38c3
370,Stephane Omeonga,be BEL,MF,Genoa,22,1996,3,0,57,0.6,0,0,0,0,0,0,1,0,0.0,0.0,0.1,0.1,1,2,1,0.00,0.00,0.00,0.00,0.00,0.00,0.18,0.18,0.00,0.18,Matches,72c803a0
371,Nicholas Opoku,gh GHA,DF,Udinese,20,1997,12,9,910,10.1,0,0,0,0,0,0,5,0,0.4,0.4,0.0,0.4,8,27,0,0.00,0.00,0.00,0.00,0.00,0.04,0.00,0.04,0.04,0.04,Matches,b871bf55
372,Riccardo Orsolini,it ITA,FWMF,Bologna,21,1997,35,19,1964,21.8,8,5,13,8,0,0,2,0,5.1,5.1,2.8,7.9,52,68,152,0.37,0.23,0.60,0.37,0.60,0.23,0.13,0.36,0.23,0.36,Matches,e14ec482
373,David Ospina,co COL,GK,Napoli,29,1988,17,16,1457,16.2,0,0,0,0,0,0,0,0,0.0,0.0,0.0,0.0,0,0,0,0.00,0.00,0.00,0.00,0.00,0.00,0.00,0.00,0.00,0.00,Matches,82b1198a
374,Adam Ounas,dz ALG,MFFW,Napoli,21,1996,18,6,538,6.0,3,0,3,3,0,0,0,0,1.4,1.4,1.9,3.3,45,30,77,0.50,0.00,0.50,0.50,0.50,0.24,0.32,0.56,0.24,0.56,Matches,ed90babd
375,Simone Padoin,it ITA,DFMF,Cagliari,34,1984,30,22,1915,21.3,0,2,2,0,0,0,2,0,0.1,0.1,1.1,1.2,58,80,55,0.00,0.09,0.09,0.00,0.09,0.01,0.05,0.06,0.01,0.06,Matches,5eb72339
376,Luca Paganini,it ITA,DFMF,Frosinone,25,1993,14,12,1123,12.5,2,0,2,2,0,0,2,0,2.7,2.7,0.4,3.1,20,36,67,0.16,0.00,0.16,0.16,0.16,0.21,0.03,0.25,0.21,0.25,Matches,e5b98a70
377,Marko Pajač,hr CRO,FWDF,Empoli,25,1993,10,9,738,8.2,2,2,4,2,0,0,5,0,0.4,0.4,1.3,1.7,26,17,46,0.24,0.24,0.49,0.24,0.49,0.04,0.16,0.21,0.04,0.21,Matches,5df4ef30
378,Marko Pajač,hr CRO,DF,Cagliari,25,1993,3,0,100,1.1,0,0,0,0,0,0,0,0,0.0,0.0,0.1,0.1,2,3,6,0.00,0.00,0.00,0.00,0.00,0.00,0.11,0.11,0.00,0.11,Matches,5df4ef30
379,Rodrigo Palacio,ar ARG,FW,Bologna,36,1982,28,26,2329,25.9,3,6,9,3,0,0,6,0,5.3,5.3,4.2,9.5,113,71,265,0.12,0.23,0.35,0.12,0.35,0.21,0.16,0.37,0.21,0.37,Matches,8d8178ac
380,Alberto Paloschi,it ITA,FW,SPAL,28,1990,23,8,863,9.6,2,0,2,2,0,0,3,0,2.8,2.8,0.6,3.4,3,11,33,0.21,0.00,0.21,0.21,0.21,0.30,0.06,0.36,0.30,0.36,Matches,b5cae4e6
381,Goran Pandev,mk MKD,FWMF,Genoa,35,1983,26,12,1122,12.5,4,2,6,4,0,0,6,0,3.2,3.2,1.6,4.8,34,51,97,0.32,0.16,0.48,0.32,0.48,0.26,0.13,0.39,0.26,0.39,Matches,d711d04f
382,Lucas Paquetá,br BRA,MF,Milan,20,1997,13,12,842,9.4,1,1,2,1,0,0,5,1,1.3,1.3,0.8,2.1,21,48,49,0.11,0.11,0.21,0.11,0.21,0.14,0.08,0.22,0.14,0.22,Matches,9b6f7fd5
383,Vittorio Parigini,it ITA,MFDF,Torino,22,1996,17,2,377,4.2,0,0,0,0,0,0,2,0,0.7,0.7,1.1,1.8,25,7,37,0.00,0.00,0.00,0.00,0.00,0.16,0.27,0.43,0.16,0.43,Matches,75efed2e
384,Marco Parolo,it ITA,MF,Lazio,33,1985,34,28,2563,28.5,4,3,7,4,0,0,7,0,5.5,5.5,3.8,9.3,29,99,115,0.14,0.11,0.25,0.14,0.25,0.19,0.13,0.33,0.19,0.33,Matches,ed5886d2
385,Mario Pašalić,hr CRO,MF,Atalanta,23,1995,33,17,1618,18.0,5,3,8,5,0,0,1,0,4.2,4.2,1.8,6.0,34,82,62,0.28,0.17,0.44,0.28,0.44,0.24,0.10,0.33,0.24,0.33,Matches,e599253a
386,Manuel Pasqual,it ITA,DF,Empoli,36,1982,22,13,1342,14.9,1,2,3,0,1,1,2,0,1.1,0.3,2.5,2.8,26,91,78,0.07,0.13,0.20,0.00,0.13,0.07,0.17,0.24,0.02,0.19,Matches,548902cc
387,Javier Pastore,ar ARG,MFFW,Roma,29,1989,14,7,597,6.6,3,0,3,3,0,0,0,0,2.7,2.7,0.9,3.6,35,62,44,0.45,0.00,0.45,0.45,0.45,0.40,0.13,0.54,0.40,0.54,Matches,881ef58c
388,Patric,es ESP,DF,Lazio,25,1993,15,12,1085,12.1,0,0,0,0,0,0,1,0,1.2,1.2,1.2,2.4,25,58,67,0.00,0.00,0.00,0.00,0.00,0.10,0.10,0.20,0.10,0.20,Matches,f7223718
389,Leonardo Pavoletti,it ITA,FW,Cagliari,29,1988,32,31,2734,30.4,16,1,17,16,0,0,6,0,11.3,11.3,1.6,12.9,5,40,191,0.53,0.03,0.56,0.53,0.56,0.37,0.05,0.42,0.37,0.42,Matches,d37b0350
390,Nehuén Paz,ar ARG,DF,Bologna,25,1993,2,1,114,1.3,0,0,0,0,0,0,1,0,0.0,0.0,0.0,0.0,0,0,0,0.00,0.00,0.00,0.00,0.00,0.00,0.00,0.00,0.00,0.00,Matches,42b1a58a
391,João Pedro,it ITA,FWMF,Cagliari,26,1992,34,30,2555,28.4,7,2,9,5,2,2,5,1,8.5,6.9,3.5,10.4,32,51,216,0.25,0.07,0.32,0.18,0.25,0.30,0.12,0.42,0.24,0.37,Matches,81255c03
392,Gianluca Pegolo,it ITA,GK,Sassuolo,37,1981,3,2,203,2.3,0,0,0,0,0,0,1,0,0.0,0.0,0.0,0.0,0,0,0,0.00,0.00,0.00,0.00,0.00,0.00,0.00,0.00,0.00,0.00,Matches,f058ed1f
393,Lorenzo Pellegrini,it ITA,MF,Roma,22,1996,25,21,1821,20.2,2,3,5,2,0,0,6,0,4.2,4.2,4.6,8.8,41,93,127,0.10,0.15,0.25,0.10,0.25,0.21,0.23,0.44,0.21,0.44,Matches,4a5a45c7
394,Luca Pellegrini,it ITA,DF,Cagliari,19,1999,12,11,940,10.4,0,1,1,0,0,0,3,1,0.0,0.0,0.9,0.9,32,25,45,0.00,0.10,0.10,0.00,0.10,0.00,0.08,0.09,0.00,0.09,Matches,3b61c9ec
395,Luca Pellegrini,it ITA,DF,Roma,19,1999,4,2,161,1.8,0,1,1,0,0,0,2,0,0.0,0.0,0.4,0.4,5,12,9,0.00,0.56,0.56,0.00,0.56,0.00,0.21,0.21,0.00,0.21,Matches,3b61c9ec
396,Sergio Pellissier,it ITA,FW,Chievo,39,1979,19,12,953,10.6,4,1,5,3,1,2,1,0,5.5,3.9,2.0,5.9,12,13,90,0.38,0.09,0.47,0.28,0.38,0.52,0.19,0.70,0.37,0.55,Matches,878ee034
397,Federico Peluso,it ITA,DF,Sassuolo,34,1984,16,14,1356,15.1,1,0,1,1,0,0,5,0,0.5,0.5,0.0,0.5,10,47,9,0.07,0.00,0.07,0.07,0.07,0.03,0.00,0.03,0.03,0.03,Matches,4f2908e5
398,Pepín,gq EQG,MF,Parma,21,1996,2,1,77,0.9,0,1,1,0,0,0,0,0,0.1,0.1,0.2,0.3,0,2,2,0.00,1.17,1.17,0.00,1.17,0.12,0.27,0.39,0.12,0.39,Matches,7afb1573
399,Pedro Pereira,pt POR,DFFW,Genoa,20,1998,26,15,1384,15.4,0,0,0,0,0,0,1,0,0.1,0.1,1.3,1.4,44,53,86,0.00,0.00,0.00,0.00,0.00,0.01,0.09,0.09,0.01,0.09,Matches,c77be0cf
400,Stipe Perica,hr CRO,FW,Frosinone,23,1995,7,6,480,5.3,0,0,0,0,0,0,3,0,1.0,1.0,0.0,1.0,3,11,28,0.00,0.00,0.00,0.00,0.00,0.20,0.00,0.20,0.20,0.20,Matches,269b4638
401,Mattia Perin,it ITA,GK,Juventus,25,1992,9,9,810,9.0,0,0,0,0,0,0,1,0,0.0,0.0,0.0,0.0,0,0,0,0.00,0.00,0.00,0.00,0.00,0.00,0.00,0.00,0.00,0.00,Matches,4c62d0c8
402,Ivan Perišić,hr CRO,FW,Inter,29,1989,34,30,2701,30.0,8,3,11,6,2,2,5,0,9.8,8.2,6.8,15.0,159,90,338,0.27,0.10,0.37,0.20,0.30,0.33,0.23,0.55,0.27,0.50,Matches,6fe90922
403,Diego Perotti,ar ARG,FWMF,Roma,30,1988,13,6,668,7.4,5,0,5,2,3,3,3,0,3.6,1.2,2.4,3.6,52,30,56,0.67,0.00,0.67,0.27,0.27,0.49,0.32,0.80,0.17,0.48,Matches,a40d5a0c
404,Matteo Pessina,it ITA,MFFW,Atalanta,21,1997,12,1,235,2.6,0,1,1,0,0,0,0,0,0.1,0.1,0.1,0.2,6,26,9,0.00,0.38,0.38,0.00,0.38,0.03,0.04,0.07,0.03,0.07,Matches,780e3631
405,Andrea Petagna,it ITA,FW,SPAL,23,1995,36,35,3031,33.7,16,1,17,10,6,6,8,0,13.5,8.7,2.2,10.9,84,68,202,0.48,0.03,0.50,0.30,0.33,0.40,0.06,0.46,0.26,0.32,Matches,03f946ed
406,Germán Pezzella,ar ARG,DF,Fiorentina,27,1991,32,32,2850,31.7,2,1,3,2,0,0,5,0,3.0,2.9,0.6,3.5,16,84,8,0.06,0.03,0.09,0.06,0.09,0.09,0.02,0.11,0.09,0.11,Matches,8c725b43
407,Giuseppe Pezzella,it ITA,DF,Udinese,20,1997,4,2,184,2.0,0,0,0,0,0,0,1,0,0.0,0.0,0.1,0.1,4,1,4,0.00,0.00,0.00,0.00,0.00,0.01,0.05,0.06,0.01,0.06,Matches,149c5f5d
408,Giuseppe Pezzella,it ITA,DFMF,Genoa,20,1997,5,1,112,1.2,0,0,0,0,0,0,0,1,0.0,0.0,0.1,0.1,0,4,6,0.00,0.00,0.00,0.00,0.00,0.02,0.06,0.08,0.02,0.08,Matches,149c5f5d
409,Krzysztof Piątek,pl POL,FW,Genoa,23,1995,19,18,1593,17.7,13,0,13,11,2,2,5,0,9.1,7.6,1.4,9.0,28,30,107,0.73,0.00,0.73,0.62,0.62,0.52,0.08,0.60,0.43,0.51,Matches,17f3620a
410,Krzysztof Piątek,pl POL,FW,Milan,23,1995,18,16,1373,15.3,9,0,9,9,0,0,0,0,6.9,6.9,1.2,8.2,12,16,107,0.59,0.00,0.59,0.59,0.59,0.46,0.08,0.54,0.46,0.54,Matches,17f3620a
411,Lucas Piazon,br BRA,MFFW,Chievo,24,1994,4,0,84,0.9,0,0,0,0,0,0,0,0,0.1,0.1,0.0,0.2,0,2,2,0.00,0.00,0.00,0.00,0.00,0.16,0.02,0.17,0.16,0.17,Matches,f201798c
412,Roberto Piccoli,it ITA,FWMF,Atalanta,17,2001,2,0,48,0.5,0,0,0,0,0,0,0,0,0.1,0.1,0.0,0.1,0,0,5,0.00,0.00,0.00,0.00,0.00,0.27,0.00,0.27,0.27,0.27,Matches,1cadaf34
413,Andrea Pinamonti,it ITA,FW,Frosinone,19,1999,27,17,1625,18.1,5,3,8,5,0,0,2,0,6.5,6.5,0.5,7.1,21,31,113,0.28,0.17,0.44,0.28,0.44,0.36,0.03,0.39,0.36,0.39,Matches,08aa9cd1
414,Carlo Pinsoglio,it ITA,GK,Juventus,28,1990,1,1,90,1.0,0,0,0,0,0,0,0,0,0.0,0.0,0.0,0.0,0,0,0,0.00,0.00,0.00,0.00,0.00,0.00,0.00,0.00,0.00,0.00,Matches,f6a06749
415,Fabio Pisacane,it ITA,DF,Cagliari,32,1986,27,24,2266,25.2,1,1,2,1,0,0,6,0,0.8,0.8,1.2,2.0,5,44,4,0.04,0.04,0.08,0.04,0.08,0.03,0.05,0.08,0.03,0.08,Matches,56400c01
416,Marko Pjaca,hr CRO,FWMF,Fiorentina,23,1995,19,8,750,8.3,1,1,2,1,0,0,1,0,1.6,1.6,1.0,2.6,27,26,68,0.12,0.12,0.24,0.12,0.24,0.19,0.12,0.32,0.19,0.32,Matches,2c38b327
417,Miralem Pjanić,ba BIH,MF,Juventus,28,1990,31,27,2280,25.3,2,6,8,2,0,0,6,1,1.2,1.2,5.9,7.1,30,202,19,0.08,0.24,0.32,0.08,0.32,0.05,0.23,0.28,0.05,0.28,Matches,ad6df2d5
418,Andrea Poli,it ITA,MF,Bologna,28,1989,30,23,1932,21.5,4,1,5,4,0,0,5,0,3.6,3.6,0.9,4.4,28,86,37,0.19,0.05,0.23,0.19,0.23,0.17,0.04,0.21,0.17,0.21,Matches,b3fd7075
419,Matteo Politano,it ITA,FW,Inter,24,1993,36,31,2549,28.3,5,6,11,5,0,0,4,1,4.6,4.6,5.6,10.2,141,150,303,0.18,0.21,0.39,0.18,0.39,0.16,0.20,0.36,0.16,0.36,Matches,5e861944
420,Giacomo Poluzzi,it ITA,GK,SPAL,30,1988,1,0,6,0.1,0,0,0,0,0,0,0,0,0.0,0.0,0.0,0.0,0,0,0,0.00,0.00,0.00,0.00,0.00,0.00,0.00,0.00,0.00,0.00,Matches,07f55871
421,Manolo Portanova,it ITA,MF,Juventus,18,2000,1,0,33,0.4,0,0,0,0,0,0,1,0,0.0,0.0,0.0,0.0,1,2,2,0.00,0.00,0.00,0.00,0.00,0.00,0.00,0.00,0.00,0.00,Matches,c8c0dccd
422,Dennis Praet,be BEL,MF,Sampdoria,24,1994,34,33,2890,32.1,2,3,5,2,0,0,6,0,2.3,2.3,5.0,7.4,70,183,189,0.06,0.09,0.16,0.06,0.16,0.07,0.16,0.23,0.07,0.23,Matches,86695068
423,Silvio Proto,be BEL,GK,Lazio,35,1983,2,2,180,2.0,0,0,0,0,0,0,1,0,0.0,0.0,0.0,0.0,0,0,0,0.00,0.00,0.00,0.00,0.00,0.00,0.00,0.00,0.00,0.00,Matches,c8a88acd
424,Ivan Provedel,it ITA,GK,Empoli,24,1994,16,16,1440,16.0,0,0,0,0,0,0,0,0,0.0,0.0,0.1,0.1,0,0,0,0.00,0.00,0.00,0.00,0.00,0.00,0.01,0.01,0.00,0.01,Matches,277da414
425,Manuel Pucciarelli,it ITA,FW,Chievo,27,1991,10,3,302,3.4,0,0,0,0,0,0,1,0,0.0,0.0,0.0,0.0,4,2,9,0.00,0.00,0.00,0.00,0.00,0.01,0.01,0.01,0.01,0.01,Matches,a1c7b425
426,Erick Pulgar,cl CHI,MF,Bologna,24,1994,28,27,2357,26.2,6,2,8,1,5,5,6,1,5.0,1.1,3.8,4.9,16,151,19,0.23,0.08,0.31,0.04,0.11,0.19,0.15,0.34,0.04,0.19,Matches,4611e028
427,Ignacio Pussetto,ar ARG,FWMF,Udinese,22,1995,35,24,2178,24.2,4,4,8,4,0,0,8,0,5.9,5.9,2.3,8.1,75,45,165,0.17,0.17,0.33,0.17,0.33,0.24,0.09,0.34,0.24,0.34,Matches,62437b4f
428,Fabio Quagliarella,it ITA,FW,Sampdoria,35,1983,37,37,3199,35.5,26,8,34,17,9,10,1,0,21.9,14.7,4.5,19.2,24,66,298,0.73,0.23,0.96,0.48,0.70,0.62,0.13,0.74,0.41,0.54,Matches,ee4f2f3b
429,Ivan Radovanović,rs SRB,MF,Genoa,29,1988,16,15,1278,14.2,0,0,0,0,0,0,3,0,0.6,0.6,0.2,0.8,11,79,2,0.00,0.00,0.00,0.00,0.00,0.04,0.01,0.05,0.04,0.05,Matches,023937a9
430,Ivan Radovanović,rs SRB,MF,Chievo,29,1988,19,19,1706,19.0,0,0,0,0,0,0,6,0,0.7,0.7,0.5,1.2,11,110,2,0.00,0.00,0.00,0.00,0.00,0.04,0.03,0.06,0.04,0.06,Matches,023937a9
431,Ionuț Radu,ro ROU,GK,Genoa,21,1997,33,33,2970,33.0,0,0,0,0,0,0,0,0,0.0,0.0,0.1,0.1,0,0,0,0.00,0.00,0.00,0.00,0.00,0.00,0.00,0.00,0.00,0.00,Matches,67f649be
432,Ștefan Radu,ro ROU,DF,Lazio,31,1986,28,28,2243,24.9,0,1,1,0,0,0,5,0,0.6,0.6,1.3,1.8,44,134,29,0.00,0.04,0.04,0.00,0.04,0.02,0.05,0.07,0.02,0.07,Matches,53de807a
433,Gastón Ramírez,uy URU,MF,Sampdoria,27,1990,27,19,1578,17.5,4,4,8,4,0,0,7,1,1.8,1.8,3.7,5.5,24,70,96,0.23,0.23,0.46,0.23,0.46,0.10,0.21,0.31,0.10,0.31,Matches,2c851997
434,Andrea Ranocchia,it ITA,DFFW,Inter,30,1988,4,0,62,0.7,0,0,0,0,0,0,1,0,0.1,0.1,0.0,0.1,0,1,1,0.00,0.00,0.00,0.00,0.00,0.17,0.00,0.17,0.17,0.17,Matches,539230cf
435,Jacob Rasmussen,dk DEN,DFMF,Empoli,21,1997,14,10,1016,11.3,0,1,1,0,0,0,3,0,0.2,0.2,0.2,0.4,9,43,5,0.00,0.09,0.09,0.00,0.09,0.02,0.02,0.03,0.02,0.03,Matches,283699b4
436,Giacomo Raspadori,it ITA,DF,Sassuolo,18,2000,1,0,1,0.0,0,0,0,0,0,0,0,0,0.0,0.0,0.0,0.0,0,0,0,0.00,0.00,0.00,0.00,0.00,0.00,0.00,0.00,0.00,0.00,Matches,6e058f06
437,Arkadiusz Reca,pl POL,DF,Atalanta,23,1995,3,0,49,0.5,0,0,0,0,0,0,0,0,0.0,0.0,0.3,0.3,1,1,5,0.00,0.00,0.00,0.00,0.00,0.00,0.61,0.61,0.00,0.61,Matches,6213fd82
438,Vasco Regini,it ITA,DFFW,SPAL,27,1990,4,1,81,0.9,0,0,0,0,0,0,0,0,0.0,0.0,0.0,0.0,5,4,0,0.00,0.00,0.00,0.00,0.00,0.00,0.00,0.00,0.00,0.00,Matches,339c6ed4
439,Pepe Reina,es ESP,GK,Milan,35,1982,4,2,330,3.7,0,0,0,0,0,0,0,0,0.0,0.0,0.0,0.0,0,0,0,0.00,0.00,0.00,0.00,0.00,0.00,0.00,0.00,0.00,0.00,Matches,e358587b
440,Emiliano Rigoni,ar ARG,FWMF,Atalanta,25,1993,12,6,522,5.8,3,0,3,3,0,0,1,0,2.0,2.0,0.4,2.3,28,29,80,0.52,0.00,0.52,0.52,0.52,0.34,0.06,0.40,0.34,0.40,Matches,a1216563
441,Luca Rigoni,it ITA,MF,Parma,33,1984,23,20,1761,19.6,2,1,3,2,0,0,5,0,3.0,3.0,0.6,3.6,17,65,36,0.10,0.05,0.15,0.10,0.15,0.15,0.03,0.18,0.15,0.18,Matches,4dba2a97
442,Nicola Rigoni,it ITA,MF,Chievo,27,1990,24,23,1951,21.7,0,1,1,0,0,0,9,1,1.6,1.6,0.3,1.9,10,106,18,0.00,0.05,0.05,0.00,0.05,0.07,0.01,0.09,0.07,0.09,Matches,e327bd76
443,Tomás Rincón,ve VEN,MF,Torino,30,1988,34,32,2799,31.1,3,1,4,3,0,0,15,0,1.2,1.2,1.3,2.5,55,144,41,0.10,0.03,0.13,0.10,0.13,0.04,0.04,0.08,0.04,0.08,Matches,f1cfc209
444,Alejandro Rodríguez,es ESP,MF,Empoli,27,1991,1,0,25,0.3,0,0,0,0,0,0,0,0,0.1,0.1,0.0,0.1,0,0,4,0.00,0.00,0.00,0.00,0.00,0.40,0.00,0.40,0.40,0.40,Matches,7602ddf6
445,Ricardo Rodríguez,ch SUI,DF,Milan,25,1992,35,35,3047,33.9,0,3,3,0,0,0,5,0,0.6,0.6,1.4,2.0,86,177,81,0.00,0.09,0.09,0.00,0.09,0.02,0.04,0.06,0.02,0.06,Matches,7f78ad23
446,Marko Rog,hr CRO,MF,Napoli,23,1995,9,4,333,3.7,1,0,1,1,0,0,3,0,0.2,0.2,0.0,0.2,2,11,4,0.27,0.00,0.27,0.27,0.27,0.05,0.00,0.05,0.05,0.05,Matches,b6b2b820
447,Rogério,br BRA,DFMF,Sassuolo,20,1998,33,29,2672,29.7,1,2,3,1,0,0,9,1,2.4,2.4,2.3,4.7,76,102,125,0.03,0.07,0.10,0.03,0.10,0.08,0.08,0.16,0.08,0.16,Matches,10e7f486
448,Esteban Rolón,ar ARG,MF,Genoa,23,1995,19,10,1046,11.6,0,0,0,0,0,0,9,0,0.8,0.8,0.4,1.2,13,34,18,0.00,0.00,0.00,0.00,0.00,0.07,0.04,0.11,0.07,0.11,Matches,10e25802
449,Filippo Romagna,it ITA,DF,Cagliari,21,1997,18,16,1474,16.4,0,0,0,0,0,0,2,0,0.5,0.5,0.0,0.5,9,32,0,0.00,0.00,0.00,0.00,0.00,0.03,0.00,0.03,0.03,0.03,Matches,84594618
450,Alessio Romagnoli,it ITA,DF,Milan,23,1995,32,32,2847,31.6,2,0,2,2,0,0,6,1,0.9,0.9,0.2,1.1,11,86,3,0.06,0.00,0.06,0.06,0.06,0.03,0.01,0.03,0.03,0.03,Matches,3ead85f9
451,Cristian Romero,ar ARG,DF,Genoa,20,1998,27,27,2336,26.0,2,2,4,2,0,0,12,2,1.9,1.9,0.5,2.4,7,38,6,0.08,0.08,0.15,0.08,0.15,0.07,0.02,0.09,0.07,0.09,Matches,a3d94a58
452,Rômulo,it ITA,MFFW,Genoa,31,1987,17,17,1351,15.0,1,2,3,0,1,1,1,1,1.7,0.9,2.0,2.9,52,43,50,0.07,0.13,0.20,0.00,0.13,0.11,0.13,0.24,0.06,0.19,Matches,07abb358
453,Rômulo,it ITA,DF,Lazio,31,1987,10,9,776,8.6,0,1,1,0,0,0,1,0,0.4,0.4,1.5,1.9,36,12,57,0.00,0.12,0.12,0.00,0.12,0.04,0.17,0.22,0.04,0.22,Matches,07abb358
454,Cristiano Ronaldo,pt POR,FW,Juventus,33,1985,31,30,2688,29.9,21,8,29,16,5,6,3,0,22.2,17.5,4.6,22.1,145,130,358,0.70,0.27,0.97,0.54,0.80,0.74,0.15,0.90,0.58,0.74,Matches,dea698d9
455,Marten de Roon,nl NED,MF,Atalanta,27,1991,35,34,2975,33.1,2,3,5,1,1,1,8,0,1.8,1.0,2.0,3.0,33,254,40,0.06,0.09,0.15,0.03,0.12,0.05,0.06,0.11,0.03,0.09,Matches,2a1beb34
456,Luca Rossettini,it ITA,DF,Chievo,33,1985,21,20,1823,20.3,0,0,0,0,0,0,5,0,0.5,0.5,0.3,0.8,3,30,4,0.00,0.00,0.00,0.00,0.00,0.03,0.01,0.04,0.03,0.04,Matches,47a500ae
457,Francesco Rossi,it ITA,GK,Atalanta,27,1991,1,0,1,0.0,0,0,0,0,0,0,0,0,0.0,0.0,0.0,0.0,0,0,0,0.00,0.00,0.00,0.00,0.00,0.00,0.00,0.00,0.00,0.00,Matches,7b5f516f
458,Daniele Rugani,it ITA,DF,Juventus,24,1994,15,15,1350,15.0,2,0,2,2,0,0,3,0,1.6,1.6,0.0,1.6,6,39,1,0.13,0.00,0.13,0.13,0.13,0.11,0.00,0.11,0.11,0.11,Matches,14b8fcdf
459,Mário Rui,pt POR,DF,Napoli,27,1991,20,17,1417,15.7,1,1,2,1,0,0,5,1,0.6,0.6,2.1,2.7,69,105,134,0.06,0.06,0.13,0.06,0.13,0.04,0.13,0.17,0.04,0.17,Matches,0b5a292a
460,Fabián Ruiz Peña,es ESP,MF,Napoli,22,1996,27,20,1992,22.1,5,4,9,5,0,0,3,1,3.1,3.1,4.1,7.2,70,204,116,0.23,0.18,0.41,0.23,0.41,0.14,0.18,0.33,0.14,0.33,Matches,c0c7ff58
461,Jacopo Sala,it ITA,DF,Sampdoria,26,1991,21,16,1518,16.9,0,1,1,0,0,0,5,0,0.3,0.3,1.6,1.9,54,123,66,0.00,0.06,0.06,0.00,0.06,0.02,0.10,0.11,0.02,0.11,Matches,da5a981b
462,Bartosz Salamon,pl POL,DF,Frosinone,27,1991,20,19,1725,19.2,0,0,0,0,0,0,3,0,0.8,0.8,0.0,0.9,5,38,2,0.00,0.00,0.00,0.00,0.00,0.04,0.00,0.05,0.04,0.05,Matches,9b30df1e
463,Paolo Sammarco,it ITA,MF,Frosinone,35,1983,8,6,553,6.1,1,0,1,1,0,0,1,0,0.2,0.2,0.3,0.5,7,49,7,0.16,0.00,0.16,0.16,0.16,0.03,0.04,0.08,0.03,0.08,Matches,3c1e4e84
464,Antonio Sanabria,py PAR,FW,Genoa,22,1996,15,9,766,8.5,3,0,3,3,0,1,1,0,5.1,4.3,0.3,4.7,14,20,42,0.35,0.00,0.35,0.35,0.35,0.60,0.04,0.64,0.51,0.55,Matches,0a447501
465,Sandro,br BRA,MF,Udinese,29,1989,12,7,594,6.6,0,0,0,0,0,0,5,0,0.3,0.3,0.1,0.4,1,22,3,0.00,0.00,0.00,0.00,0.00,0.04,0.02,0.06,0.04,0.06,Matches,c1c2c925
466,Sandro,br BRA,MF,Genoa,29,1989,13,9,711,7.9,0,1,1,0,0,0,3,0,0.2,0.2,0.5,0.7,4,31,2,0.00,0.13,0.13,0.00,0.13,0.02,0.06,0.09,0.02,0.09,Matches,c1c2c925
467,Alex Sandro,br BRA,DF,Juventus,27,1991,31,28,2387,26.5,1,2,3,1,0,0,7,0,1.5,1.5,2.4,3.9,104,163,163,0.04,0.08,0.11,0.04,0.11,0.06,0.09,0.15,0.06,0.15,Matches,0d82903c
468,Nicola Sansone,it ITA,FW,Bologna,26,1991,15,13,1139,12.7,2,4,6,2,0,0,4,1,1.7,1.7,2.3,4.1,40,35,108,0.16,0.32,0.47,0.16,0.47,0.14,0.18,0.32,0.14,0.32,Matches,7eb97a8e
469,Federico Santander,py PAR,FW,Bologna,27,1991,32,23,2065,22.9,8,3,11,8,0,0,5,0,8.6,8.6,3.0,11.6,16,36,137,0.35,0.13,0.48,0.35,0.48,0.37,0.13,0.51,0.37,0.51,Matches,df85d472
470,Davide Santon,it ITA,DF,Roma,27,1991,17,11,1009,11.2,0,1,1,0,0,0,0,0,0.1,0.1,0.7,0.8,51,61,45,0.00,0.09,0.09,0.00,0.09,0.01,0.06,0.07,0.01,0.07,Matches,88c89891
471,Samir Santos,br BRA,DF,Udinese,23,1994,21,21,1797,20.0,2,0,2,2,0,0,7,0,0.9,0.9,1.3,2.2,24,54,27,0.10,0.00,0.10,0.10,0.10,0.05,0.06,0.11,0.05,0.11,Matches,92b4758e
472,Riccardo Saponara,it ITA,MF,Sampdoria,26,1991,22,11,905,10.1,2,4,6,2,0,0,2,0,1.5,1.5,2.0,3.5,36,64,82,0.20,0.40,0.60,0.20,0.60,0.15,0.20,0.35,0.15,0.35,Matches,3bb7af3b
473,Marco Sau,it ITA,MFFW,Sampdoria,30,1987,5,0,55,0.6,0,0,0,0,0,0,0,0,0.0,0.0,0.0,0.0,2,3,9,0.00,0.00,0.00,0.00,0.00,0.00,0.00,0.00,0.00,0.00,Matches,1ad1f50d
474,Marco Sau,it ITA,FWMF,Cagliari,30,1987,14,5,558,6.2,1,0,1,1,0,0,4,0,1.1,1.1,0.4,1.5,17,10,40,0.16,0.00,0.16,0.16,0.16,0.18,0.06,0.24,0.18,0.24,Matches,1ad1f50d
475,Ezequiel Schelotto,it ITA,DF,Chievo,29,1989,4,2,143,1.6,0,0,0,0,0,0,0,0,0.1,0.1,0.1,0.1,6,8,6,0.00,0.00,0.00,0.00,0.00,0.03,0.06,0.09,0.03,0.09,Matches,a6e316c1
476,Nicolás Schiappacasse,uy URU,FWMF,Parma,19,1999,3,1,81,0.9,0,0,0,0,0,0,0,0,0.0,0.0,0.0,0.0,0,0,4,0.00,0.00,0.00,0.00,0.00,0.05,0.00,0.05,0.05,0.05,Matches,afe31d55
477,Pasquale Schiattarella,it ITA,MF,SPAL,31,1987,28,20,1841,20.5,0,4,4,0,0,0,10,0,0.6,0.6,2.5,3.2,45,125,32,0.00,0.20,0.20,0.00,0.20,0.03,0.12,0.16,0.03,0.16,Matches,bd84fc61
478,Patrik Schick,cz CZE,FWMF,Roma,22,1996,24,15,1314,14.6,3,0,3,3,0,0,4,0,5.4,5.4,1.5,6.9,13,21,90,0.21,0.00,0.21,0.21,0.21,0.37,0.10,0.47,0.37,0.47,Matches,5d4f7d61
479,Matteo Scozzarella,it ITA,MF,Parma,30,1988,22,17,1459,16.2,0,3,3,0,0,0,8,0,0.3,0.3,2.6,2.8,14,67,9,0.00,0.19,0.19,0.00,0.19,0.02,0.16,0.17,0.02,0.17,Matches,ea164f99
480,Simone Scuffet,it ITA,GK,Udinese,22,1996,9,9,810,9.0,0,0,0,0,0,0,0,0,0.0,0.0,0.0,0.0,0,1,0,0.00,0.00,0.00,0.00,0.00,0.00,0.00,0.00,0.00,0.00,Matches,41bd99ea
481,Andrea Seculin,it ITA,GK,Chievo,28,1990,2,1,91,1.0,0,0,0,0,0,0,0,0,0.0,0.0,0.0,0.0,0,0,0,0.00,0.00,0.00,0.00,0.00,0.00,0.00,0.00,0.00,0.00,Matches,c4f573f4
482,Adrian Šemper,hr CRO,GK,Chievo,20,1998,6,6,540,6.0,0,0,0,0,0,0,0,0,0.0,0.0,0.0,0.0,0,0,0,0.00,0.00,0.00,0.00,0.00,0.00,0.00,0.00,0.00,0.00,Matches,f02dde20
483,Stefano Sensi,it ITA,MF,Sassuolo,22,1995,28,23,1972,21.9,2,4,6,2,0,0,8,0,1.9,1.9,5.6,7.4,35,133,73,0.09,0.18,0.27,0.09,0.27,0.09,0.25,0.34,0.09,0.34,Matches,b70bde8f
484,Luigi Sepe,it ITA,GK,Parma,27,1991,37,37,3330,37.0,0,0,0,0,0,0,1,0,0.0,0.0,0.1,0.1,0,0,0,0.00,0.00,0.00,0.00,0.00,0.00,0.00,0.00,0.00,0.00,Matches,343f753a
485,Leonardo Sernicola,it ITA,FW,Sassuolo,21,1997,1,0,6,0.1,0,0,0,0,0,0,0,0,0.0,0.0,0.0,0.0,0,0,0,0.00,0.00,0.00,0.00,0.00,0.00,0.00,0.00,0.00,0.00,Matches,dd7febd8
486,Stephan El Shaarawy,it ITA,FWMF,Roma,25,1992,28,23,2104,23.4,11,3,14,11,0,0,2,0,7.6,7.6,5.0,12.6,104,96,185,0.47,0.13,0.60,0.47,0.60,0.32,0.22,0.54,0.32,0.54,Matches,d3aaad90
487,Francisco Sierralta,cl CHI,DF,Parma,21,1997,6,2,269,3.0,0,0,0,0,0,0,2,0,0.1,0.1,0.4,0.5,4,6,2,0.00,0.00,0.00,0.00,0.00,0.03,0.14,0.17,0.03,0.17,Matches,0f933743
488,Luca Siligardi,it ITA,FW,Parma,30,1988,29,19,1639,18.2,1,2,3,1,0,0,2,0,2.2,2.2,2.2,4.3,40,34,99,0.05,0.11,0.16,0.05,0.16,0.12,0.12,0.24,0.12,0.24,Matches,1cac99dc
489,Matheus Pereira da Silva,br BRA,MF,Juventus,20,1998,3,1,92,1.0,0,0,0,0,0,0,0,0,0.1,0.1,0.1,0.2,2,6,10,0.00,0.00,0.00,0.00,0.00,0.11,0.08,0.19,0.11,0.19,Matches,bef22bc4
490,Matías Silvestre,ar ARG,DF,Empoli,33,1984,34,34,3060,34.0,2,0,2,2,0,0,6,0,1.5,1.5,0.3,1.9,4,68,2,0.06,0.00,0.06,0.06,0.06,0.04,0.01,0.05,0.04,0.05,Matches,b6ca47a2
491,Giovanni Simeone,ar ARG,FW,Fiorentina,23,1995,36,27,2454,27.3,6,3,9,6,0,0,2,0,11.2,11.2,2.4,13.5,38,26,173,0.22,0.11,0.33,0.22,0.33,0.41,0.09,0.50,0.41,0.50,Matches,343c0d52
492,Lorenco Šimić,hr CRO,DF,SPAL,22,1996,8,2,238,2.6,0,0,0,0,0,0,0,0,0.8,0.8,0.3,1.2,3,10,1,0.00,0.00,0.00,0.00,0.00,0.32,0.13,0.45,0.32,0.45,Matches,65e4dede
493,Salvatore Sirigu,it ITA,GK,Torino,31,1987,36,36,3169,35.2,0,0,0,0,0,0,1,0,0.0,0.0,0.0,0.0,0,1,0,0.00,0.00,0.00,0.00,0.00,0.00,0.00,0.00,0.00,0.00,Matches,10dc46f0
494,Łukasz Skorupski,pl POL,GK,Bologna,27,1991,38,38,3420,38.0,0,0,0,0,0,0,1,0,0.0,0.0,0.0,0.0,0,0,0,0.00,0.00,0.00,0.00,0.00,0.00,0.00,0.00,0.00,0.00,Matches,ab4449d6
495,Milan Škriniar,sk SVK,DF,Inter,23,1995,35,35,3150,35.0,0,1,1,0,0,0,4,0,1.5,1.5,0.4,1.9,26,143,5,0.00,0.03,0.03,0.00,0.03,0.04,0.01,0.05,0.04,0.05,Matches,30f5ffa9
496,Cédric Soares,pt POR,DF,Inter,26,1991,4,3,259,2.9,0,1,1,0,0,0,0,0,0.1,0.1,0.5,0.6,2,14,15,0.00,0.35,0.35,0.00,0.35,0.05,0.17,0.22,0.05,0.22,Matches,839c14e1
497,Danilo Soddimo,it ITA,MFFW,Frosinone,30,1987,10,1,252,2.8,0,1,1,0,0,0,2,0,0.2,0.2,0.8,1.1,5,16,21,0.00,0.36,0.36,0.00,0.36,0.09,0.29,0.38,0.09,0.38,Matches,098139eb
498,Roberto Soriano,it ITA,MF,Torino,27,1991,11,6,468,5.2,0,2,2,0,0,0,1,0,0.2,0.2,0.4,0.6,14,22,47,0.00,0.38,0.38,0.00,0.38,0.04,0.08,0.12,0.04,0.12,Matches,9d4c45d6
499,Roberto Soriano,it ITA,MF,Bologna,27,1991,17,17,1489,16.5,2,2,4,2,0,0,5,0,3.4,3.4,1.9,5.3,44,78,93,0.12,0.12,0.24,0.12,0.24,0.20,0.11,0.32,0.20,0.32,Matches,9d4c45d6
500,Stefano Sorrentino,it ITA,GK,Chievo,39,1979,31,31,2789,31.0,0,0,0,0,0,0,2,0,0.0,0.0,0.0,0.0,0,0,0,0.00,0.00,0.00,0.00,0.00,0.00,0.00,0.00,0.00,0.00,Matches,048877f5
501,Riccardo Sottil,it ITA,FWMF,Fiorentina,19,1999,2,0,20,0.2,0,0,0,0,0,0,0,0,0.1,0.1,0.0,0.1,2,0,5,0.00,0.00,0.00,0.00,0.00,0.31,0.00,0.31,0.31,0.31,Matches,94816803
502,Leonardo Spinazzola,it ITA,DF,Juventus,25,1993,10,6,601,6.7,0,1,1,0,0,0,0,0,0.3,0.3,0.8,1.1,60,33,65,0.00,0.15,0.15,0.00,0.15,0.05,0.12,0.17,0.05,0.17,Matches,3626daea
503,Nicolás Spolli,ar ARG,DF,Genoa,35,1983,7,7,538,6.0,0,0,0,0,0,0,2,0,0.3,0.3,0.3,0.6,1,4,0,0.00,0.00,0.00,0.00,0.00,0.05,0.06,0.11,0.05,0.11,Matches,9a560ebe
504,Marco Sportiello,it ITA,GK,Frosinone,26,1992,35,35,3150,35.0,0,0,0,0,0,0,5,0,0.0,0.0,0.0,0.0,0,0,0,0.00,0.00,0.00,0.00,0.00,0.00,0.00,0.00,0.00,0.00,Matches,ac4003af
505,Mattia Sprocati,it ITA,FWMF,Parma,25,1993,16,5,644,7.2,1,0,1,1,0,0,0,0,0.5,0.5,0.8,1.3,21,26,57,0.14,0.00,0.14,0.14,0.14,0.07,0.11,0.18,0.07,0.18,Matches,bdd0692f
506,Darijo Srna,hr CRO,DF,Cagliari,36,1982,26,24,2087,23.2,0,3,3,0,0,0,5,1,0.5,0.5,4.0,4.5,44,130,85,0.00,0.13,0.13,0.00,0.13,0.02,0.17,0.19,0.02,0.19,Matches,edd6c8e9
507,Mariusz Stępiński,pl POL,FW,Chievo,23,1995,35,27,2476,27.5,6,2,8,6,0,0,5,0,7.8,7.8,1.6,9.4,23,39,178,0.22,0.07,0.29,0.22,0.29,0.28,0.06,0.34,0.28,0.34,Matches,7b536033
508,Thomas Strakosha,al ALB,GK,Lazio,23,1995,35,35,3150,35.0,0,0,0,0,0,0,4,0,0.0,0.0,0.0,0.0,0,1,0,0.00,0.00,0.00,0.00,0.00,0.00,0.00,0.00,0.00,0.00,Matches,339fe0e8
509,Kevin Strootman,nl NED,MF,Roma,28,1990,1,1,90,1.0,0,0,0,0,0,0,0,0,0.0,0.0,0.1,0.1,0,4,2,0.00,0.00,0.00,0.00,0.00,0.00,0.11,0.11,0.00,0.11,Matches,ef2e5e1a
510,Jens Stryger Larsen,dk DEN,DF,Udinese,27,1991,36,36,3234,35.9,1,4,5,1,0,0,6,0,1.8,1.8,3.1,4.9,68,172,101,0.03,0.11,0.14,0.03,0.14,0.05,0.08,0.14,0.05,0.14,Matches,f91e81c9
511,Leo Štulac,si SVN,MF,Parma,23,1994,26,17,1452,16.1,0,2,2,0,0,0,3,1,0.8,0.8,2.5,3.2,16,55,10,0.00,0.12,0.12,0.00,0.12,0.05,0.15,0.20,0.05,0.20,Matches,92948398
512,Stefano Sturaro,it ITA,MFFW,Genoa,25,1993,5,4,213,2.4,1,0,1,1,0,0,0,1,0.1,0.1,0.3,0.4,2,10,15,0.42,0.00,0.42,0.42,0.42,0.06,0.11,0.16,0.06,0.16,Matches,2334478a
513,Suso,es ESP,FWMF,Milan,24,1993,35,35,3018,33.5,7,10,17,7,0,0,9,1,4.2,4.2,9.9,14.2,138,215,368,0.21,0.30,0.51,0.21,0.51,0.13,0.30,0.42,0.13,0.42,Matches,4e219ad2
514,Mattias Svanberg,se SWE,MF,Bologna,19,1999,23,13,1176,13.1,0,3,3,0,0,0,2,0,1.2,1.2,1.4,2.6,9,30,35,0.00,0.23,0.23,0.00,0.23,0.09,0.10,0.20,0.09,0.20,Matches,92d83c27
515,Wojciech Szczęsny,pl POL,GK,Juventus,28,1990,28,28,2520,28.0,0,0,0,0,0,0,0,0,0.0,0.0,0.0,0.0,0,0,0,0.00,0.00,0.00,0.00,0.00,0.00,0.00,0.00,0.00,0.00,Matches,01b8a2b2
516,Strahinja Tanasijević,rs SRB,DFMF,Chievo,21,1997,1,0,17,0.2,0,0,0,0,0,0,2,1,0.1,0.1,0.0,0.1,0,0,0,0.00,0.00,0.00,0.00,0.00,0.31,0.00,0.31,0.31,0.31,Matches,618ab91f
517,Júnior Tavares,br BRA,DF,Sampdoria,21,1996,3,2,184,2.0,0,0,0,0,0,0,1,0,0.0,0.0,0.3,0.3,9,22,9,0.00,0.00,0.00,0.00,0.00,0.01,0.13,0.13,0.01,0.13,Matches,f1675fdd
518,Łukasz Teodorczyk,pl POL,FW,Udinese,27,1991,16,2,400,4.4,1,0,1,1,0,1,1,0,2.3,1.4,0.1,1.4,4,5,25,0.23,0.00,0.23,0.23,0.23,0.51,0.02,0.53,0.31,0.33,Matches,7e81a17d
519,Hidde ter Avest,nl NED,DFFW,Udinese,21,1997,13,12,973,10.8,0,1,1,0,0,0,0,0,0.2,0.2,0.4,0.6,13,28,37,0.00,0.09,0.09,0.00,0.09,0.01,0.04,0.05,0.01,0.05,Matches,18f9dbd0
520,Pietro Terracciano,it ITA,GK,Fiorentina,28,1990,2,2,180,2.0,0,0,0,0,0,0,0,0,0.0,0.0,0.0,0.0,0,0,0,0.00,0.00,0.00,0.00,0.00,0.00,0.00,0.00,0.00,0.00,Matches,e1b0a70d
521,Pietro Terracciano,it ITA,GK,Empoli,28,1990,8,8,720,8.0,0,0,0,0,0,0,0,0,0.0,0.0,0.0,0.0,0,0,0,0.00,0.00,0.00,0.00,0.00,0.00,0.00,0.00,0.00,0.00,Matches,e1b0a70d
522,Cyril Théréau,fr FRA,FWMF,Fiorentina,35,1983,2,0,30,0.3,0,0,0,0,0,0,1,0,0.1,0.1,0.0,0.1,0,1,2,0.00,0.00,0.00,0.00,0.00,0.18,0.00,0.18,0.18,0.18,Matches,4d3ab428
523,Cyril Théréau,fr FRA,FW,Cagliari,35,1983,5,1,131,1.5,0,0,0,0,0,0,0,0,0.1,0.1,0.0,0.1,2,4,16,0.00,0.00,0.00,0.00,0.00,0.08,0.00,0.08,0.08,0.08,Matches,4d3ab428
524,Rafael Tolói,it ITA,DF,Atalanta,27,1990,21,20,1746,19.4,1,3,4,1,0,0,1,1,1.8,1.8,2.3,4.1,40,94,25,0.05,0.15,0.21,0.05,0.21,0.09,0.12,0.21,0.09,0.21,Matches,c56dc39e
525,Nenad Tomović,rs SRB,DF,Chievo,30,1987,10,9,739,8.2,1,0,1,1,0,0,1,0,0.3,0.3,0.0,0.4,7,25,8,0.12,0.00,0.12,0.12,0.12,0.04,0.01,0.05,0.04,0.05,Matches,6aafdc27
526,Lorenzo Tonelli,it ITA,DF,Sampdoria,28,1990,19,17,1655,18.4,1,0,1,1,0,0,6,0,0.9,0.9,0.0,0.9,7,91,1,0.05,0.00,0.05,0.05,0.05,0.05,0.00,0.05,0.05,0.05,Matches,8cc29864
527,William Troost-Ekong,ng NGA,DF,Udinese,24,1993,35,35,3064,34.0,0,0,0,0,0,0,4,0,0.6,0.6,0.4,1.0,3,50,6,0.00,0.00,0.00,0.00,0.00,0.02,0.01,0.03,0.02,0.03,Matches,7ed4921e
528,Marcello Trotta,it ITA,FW,Frosinone,25,1992,12,4,398,4.4,0,0,0,0,0,0,0,0,0.7,0.7,0.3,1.1,6,6,28,0.00,0.00,0.00,0.00,0.00,0.16,0.08,0.24,0.16,0.24,Matches,acdad0aa
529,Marcello Trotta,it ITA,MF,Sassuolo,25,1992,1,0,6,0.1,0,0,0,0,0,0,0,0,0.0,0.0,0.0,0.0,0,0,0,0.00,0.00,0.00,0.00,0.00,0.00,0.00,0.00,0.00,0.00,Matches,acdad0aa
530,Marco Tumminello,it ITA,FWDF,Atalanta,19,1998,2,0,9,0.1,0,0,0,0,0,0,1,0,0.0,0.0,0.0,0.0,0,1,3,0.00,0.00,0.00,0.00,0.00,0.38,0.00,0.38,0.38,0.38,Matches,5bdd44d8
531,Salih Uçan,tr TUR,MF,Empoli,24,1994,14,1,259,2.9,1,1,2,1,0,0,1,0,1.3,1.3,0.8,2.1,11,21,27,0.35,0.35,0.69,0.35,0.69,0.45,0.29,0.73,0.45,0.73,Matches,fe154b26
532,Cengiz Ünder,tr TUR,FW,Roma,21,1997,26,17,1375,15.3,3,7,10,3,0,0,1,0,2.4,2.4,3.9,6.4,53,45,164,0.20,0.46,0.65,0.20,0.65,0.16,0.26,0.42,0.16,0.42,Matches,1880614f
533,Joel Untersee,ch SUI,DF,Empoli,24,1994,3,1,126,1.4,0,0,0,0,0,0,0,0,0.0,0.0,0.0,0.0,2,8,1,0.00,0.00,0.00,0.00,0.00,0.00,0.00,0.00,0.00,0.00,Matches,3300c14c
534,Mirko Valdifiori,it ITA,MF,SPAL,32,1986,15,8,668,7.4,0,1,1,0,0,0,3,0,0.3,0.3,1.9,2.2,8,62,7,0.00,0.13,0.13,0.00,0.13,0.04,0.26,0.30,0.04,0.30,Matches,c710f7d5
535,Borja Valero,es ESP,MF,Inter,33,1985,27,12,1231,13.7,0,1,1,0,0,0,4,0,0.5,0.5,1.6,2.2,33,132,31,0.00,0.07,0.07,0.00,0.07,0.04,0.12,0.16,0.04,0.16,Matches,0e21fc3c
536,Mattia Valoti,it ITA,MF,SPAL,24,1993,24,14,1222,13.6,2,0,2,2,0,0,6,0,2.0,2.0,0.4,2.4,31,59,62,0.15,0.00,0.15,0.15,0.15,0.15,0.03,0.18,0.15,0.18,Matches,c414df9d
537,Luca Valzania,it ITA,MF,Frosinone,22,1996,13,11,897,10.0,2,1,3,2,0,0,4,0,1.7,1.7,2.3,4.0,14,29,34,0.20,0.10,0.30,0.20,0.30,0.17,0.23,0.40,0.17,0.40,Matches,2b28ba9f
538,Luca Valzania,it ITA,MF,Atalanta,22,1996,2,1,73,0.8,0,0,0,0,0,0,0,0,0.0,0.0,0.0,0.0,1,0,0,0.00,0.00,0.00,0.00,0.00,0.02,0.00,0.02,0.02,0.02,Matches,2b28ba9f
539,Matías Vecino,uy URU,MF,Inter,26,1991,30,23,2015,22.4,3,1,4,3,0,0,8,0,6.1,6.1,1.3,7.3,55,125,102,0.13,0.04,0.18,0.13,0.18,0.27,0.06,0.33,0.27,0.33,Matches,44ac04e9
540,Miguel Veloso,pt POR,MF,Genoa,32,1986,21,14,1257,14.0,0,1,1,0,0,0,7,0,1.1,1.1,2.1,3.2,17,71,21,0.00,0.07,0.07,0.00,0.07,0.08,0.15,0.23,0.08,0.23,Matches,ab1ca213
541,Francesco Verde,it ITA,FW,Cagliari,19,1999,1,0,12,0.1,0,0,0,0,0,0,0,0,0.0,0.0,0.0,0.0,0,0,0,0.00,0.00,0.00,0.00,0.00,0.00,0.00,0.00,0.00,0.00,Matches,0497a545
542,Simone Verdi,it ITA,MFFW,Napoli,26,1992,22,9,704,7.8,3,3,6,2,1,1,0,0,2.7,1.9,2.0,3.9,32,37,74,0.38,0.38,0.77,0.26,0.64,0.35,0.25,0.60,0.25,0.50,Matches,0375723e
543,Jordan Veretout,fr FRA,MF,Fiorentina,25,1993,33,33,2941,32.7,5,3,8,0,5,6,12,1,5.9,1.2,6.1,7.3,69,293,60,0.15,0.09,0.24,0.00,0.09,0.18,0.19,0.37,0.04,0.22,Matches,4a56052c
544,Freddie Veseli,al ALB,DF,Empoli,25,1992,31,28,2539,28.2,0,0,0,0,0,0,4,0,0.5,0.5,0.4,0.8,48,86,33,0.00,0.00,0.00,0.00,0.00,0.02,0.01,0.03,0.02,0.03,Matches,d541e703
545,Francesco Vicari,it ITA,DF,SPAL,23,1994,28,26,2335,25.9,2,1,3,2,0,0,6,0,0.5,0.5,0.3,0.8,9,56,0,0.08,0.04,0.12,0.08,0.12,0.02,0.01,0.03,0.02,0.03,Matches,de045b15
546,Ronaldo Vieira,gw GNB,MF,Sampdoria,20,1998,14,6,599,6.7,0,0,0,0,0,0,3,0,,,,,,,,0.00,0.00,0.00,0.00,0.00,,,,,,Matches,75e60d75
547,Emanuel Vignato,it ITA,MFFW,Chievo,17,2000,10,8,655,7.3,1,1,2,1,0,0,0,0,0.5,0.5,0.5,1.0,12,24,32,0.14,0.14,0.27,0.14,0.27,0.07,0.07,0.13,0.07,0.13,Matches,ec5dae45
548,Federico Viviani,it ITA,MF,Frosinone,26,1992,5,5,337,3.7,0,0,0,0,0,0,1,0,0.1,0.1,0.2,0.3,6,20,2,0.00,0.00,0.00,0.00,0.00,0.03,0.05,0.09,0.03,0.09,Matches,2258c078
549,Emiliano Viviano,it ITA,GK,SPAL,32,1985,17,17,1524,16.9,0,0,0,0,0,0,0,0,0.0,0.0,0.0,0.0,0,0,0,0.00,0.00,0.00,0.00,0.00,0.00,0.00,0.00,0.00,0.00,Matches,03760df0
550,Felipe Vizeu,br BRA,FWDF,Udinese,21,1997,5,0,32,0.4,0,0,0,0,0,0,0,0,0.1,0.1,0.0,0.1,0,0,3,0.00,0.00,0.00,0.00,0.00,0.15,0.14,0.29,0.15,0.29,Matches,0412b9cd
551,Dušan Vlahović,rs SRB,FW,Fiorentina,18,2000,10,1,160,1.8,0,0,0,0,0,0,0,0,1.5,1.5,0.1,1.6,4,3,20,0.00,0.00,0.00,0.00,0.00,0.83,0.08,0.91,0.83,0.91,Matches,79443529
552,Rai Vloet,nl NED,MF,Frosinone,23,1995,5,1,122,1.4,0,0,0,0,0,0,0,0,0.2,0.2,0.2,0.4,1,2,8,0.00,0.00,0.00,0.00,0.00,0.18,0.15,0.33,0.18,0.33,Matches,b32e8c5f
553,Stefan de Vrij,nl NED,DF,Inter,26,1992,28,28,2520,28.0,2,0,2,2,0,0,2,0,1.6,1.6,1.1,2.7,15,93,4,0.07,0.00,0.07,0.07,0.07,0.06,0.04,0.10,0.06,0.10,Matches,d0d8dd44
554,Šime Vrsaljko,hr CRO,DF,Inter,26,1992,10,8,727,8.1,0,2,2,0,0,0,2,0,0.0,0.0,1.3,1.4,20,38,48,0.00,0.25,0.25,0.00,0.25,0.00,0.16,0.17,0.00,0.17,Matches,46a8347f
555,Molla Wagué,ml MLI,DF,Udinese,27,1991,2,1,95,1.1,0,0,0,0,0,0,0,0,0.4,0.4,0.0,0.4,0,2,0,0.00,0.00,0.00,0.00,0.00,0.38,0.00,0.38,0.38,0.38,Matches,a440d8ca
556,Wallace,br BRA,DF,Lazio,23,1994,16,14,1233,13.7,0,0,0,0,0,0,3,0,0.9,0.9,0.4,1.3,7,55,3,0.00,0.00,0.00,0.00,0.00,0.07,0.03,0.09,0.07,0.09,Matches,d61b3354
557,Ben Wilmot,eng ENG,DFMF,Udinese,18,1999,5,2,199,2.2,0,0,0,0,0,0,1,0,0.0,0.0,0.1,0.1,3,14,1,0.00,0.00,0.00,0.00,0.00,0.02,0.03,0.04,0.02,0.04,Matches,2876eaa3
558,Amin Younes,de GER,MFFW,Napoli,24,1993,12,6,498,5.5,3,2,5,3,0,0,1,0,1.7,1.7,0.9,2.6,19,37,66,0.54,0.36,0.90,0.54,0.90,0.30,0.17,0.47,0.30,0.47,Matches,228f73ae
559,Miha Zajc,si SVN,MFFW,Empoli,24,1994,20,12,1166,13.0,3,2,5,3,0,0,2,1,4.5,4.5,3.0,7.5,43,56,95,0.23,0.15,0.39,0.23,0.39,0.35,0.23,0.58,0.35,0.58,Matches,83e4643e
560,Francesco Zampano,it ITA,DFMF,Frosinone,24,1993,27,24,2102,23.4,0,1,1,0,0,0,1,0,0.8,0.8,1.0,1.8,62,59,118,0.00,0.04,0.04,0.00,0.04,0.03,0.04,0.08,0.03,0.08,Matches,8e45910b
561,Nicolò Zaniolo,it ITA,MFFW,Roma,19,1999,27,20,1766,19.6,4,2,6,4,0,0,8,0,4.4,4.4,1.7,6.2,48,50,130,0.20,0.10,0.31,0.20,0.31,0.23,0.09,0.31,0.23,0.31,Matches,9907b1c8
562,Cristián Zapata,co COL,DF,Milan,31,1986,13,12,1026,11.4,0,0,0,0,0,0,4,0,0.2,0.2,0.3,0.6,6,39,0,0.00,0.00,0.00,0.00,0.00,0.02,0.03,0.05,0.02,0.05,Matches,b1deecf8
563,Duván Zapata,co COL,FW,Atalanta,27,1991,37,32,2896,32.2,23,7,30,22,1,2,5,0,18.9,17.3,9.5,26.8,108,68,374,0.71,0.22,0.93,0.68,0.90,0.59,0.30,0.88,0.54,0.83,Matches,d3de9af0
564,Simone Zaza,it ITA,FWMF,Torino,27,1991,29,11,1437,16.0,4,3,7,4,0,0,8,1,6.6,6.6,1.0,7.6,17,16,108,0.25,0.19,0.44,0.25,0.44,0.41,0.06,0.48,0.41,0.48,Matches,9592289a
565,Marvin Zeegelaar,nl NED,DF,Udinese,27,1990,12,10,956,10.6,0,0,0,0,0,0,6,1,0.1,0.1,0.2,0.3,15,15,27,0.00,0.00,0.00,0.00,0.00,0.01,0.02,0.03,0.01,0.03,Matches,8abd0c03
566,Piotr Zieliński,pl POL,MF,Napoli,24,1994,36,33,2875,31.9,6,2,8,6,0,0,6,0,5.5,5.5,4.8,10.3,134,249,197,0.19,0.06,0.25,0.19,0.25,0.17,0.15,0.32,0.17,0.32,Matches,a5296e55
567,Ervin Zukanović,ba BIH,DF,Genoa,31,1987,25,22,1960,21.8,0,0,0,0,0,0,5,0,1.5,1.5,0.4,1.9,11,58,13,0.00,0.00,0.00,0.00,0.00,0.07,0.02,0.09,0.07,0.09,Matches,1253a12e
568,Filip Đorđević,rs SRB,FW,Chievo,30,1987,13,6,634,7.0,1,1,2,1,0,0,1,0,3.0,3.0,0.6,3.6,6,7,41,0.14,0.14,0.28,0.14,0.28,0.42,0.09,0.51,0.42,0.51,Matches,dfb933e0
569,Filip Đuričić,rs SRB,FWMF,Sassuolo,26,1992,23,16,1252,13.9,2,1,3,2,0,0,2,1,1.4,1.4,1.5,2.9,36,56,76,0.14,0.07,0.22,0.14,0.22,0.10,0.11,0.21,0.10,0.21,Matches,eccbe56a
